tempo_s,posicao_cm,velocidade_cms,x_ref_cm,e_int,u_K,x_ddot,posicao_cm_norm,velocidade_cms_norm,x_ref_cm_norm,e_int_norm,u_K_norm
25.827,2.2454,-16.2162,15.0,0.6377,-7.3201,71.50539130434791,-2.1657190198620055,-3.3856392815013057,0.9772538915293345,-0.12954513041235813,-3.2090105233276898
25.877,3.3057,21.2058,15.0,1.2224,25.699,63.49287871853555,-1.8955401370000495,4.412913436482873,0.9772538915293345,-0.11780308058980185,-0.19061162637247103
25.927,3.5551,4.9896,15.0,1.7947,13.2223,48.19156064073232,-1.8319896198013588,1.033540592023062,0.9772538915293345,-0.10631004978178242,-1.3311532376714215
25.977,4.4283,17.4636,15.0,2.3233,25.5715,34.33765675057213,-1.6094863655194949,3.6330581646844546,0.9772538915293345,-0.09569461017821948,-0.20226687619338665
26.027,4.9273,9.9792,15.0,2.8269,20.8047,21.931167048054938,-1.4823343683978163,2.073347621087619,0.9772538915293345,-0.0855812250394486,-0.6380178161646801
26.077,5.3015,7.4844,15.0,3.3118,19.7529,10.972091533180777,-1.3869831112376314,1.5534441065553406,0.9772538915293345,-0.07584337664034216,-0.7341667711579264
26.127,5.6757,7.4844,15.0,3.7781,20.7197,1.4604302059496277,-1.2916318540774465,1.5534441065553406,0.9772538915293345,-0.066479056763041,-0.6457879827119571
26.177,6.0499,7.4844,15.0,4.2256,21.6865,-6.603816933638438,-1.1962805969172616,1.5534441065553406,0.9772538915293345,-0.057492281843263444,-0.5574091942659879
26.227,6.4242,7.4844,15.0,4.6543,22.6534,-13.220649885583544,-1.1009038583949284,1.5534441065553406,0.9772538915293345,-0.04888305188100951,-0.4690212644476098
26.277,6.9231,9.9792,15.0,5.0582,25.9612,-18.39006864988722,-0.9737773426353982,2.073347621087619,0.9772538915293345,-0.04077185994782928,-0.16664294791722367
26.327,7.1726,4.9896,15.0,5.4496,22.5684,-35.68670938215277,-0.9102013440745587,1.033540592023062,0.9772538915293345,-0.03291169524704508,-0.47679143099488686
26.377,7.4221,4.9896,15.0,5.8285,23.213,-25.800260869565157,-0.8466253455137192,1.033540592023062,0.9772538915293345,-0.025302557778656896,-0.4178661444493016
26.427,7.9834,11.2266,15.0,6.1793,29.7098,-9.073112128146317,-0.7035984597734422,2.3332993783537583,0.9772538915293345,-0.018257729528694974,0.17603053819009998
26.477,8.1081,2.4948,15.0,6.5239,22.9669,-11.487171624713834,-0.6718232011740967,0.5136370774907836,0.9772538915293345,-0.011337410786001456,-0.4403630619467708
26.527,8.3576,4.9896,15.0,6.856,25.63,-9.58691533180743,-0.6082472026132574,1.033540592023062,0.9772538915293345,-0.00466811927570398,-0.19691917333437847
26.577,8.5447,3.7422,15.0,7.1788,25.1041,-13.729963386727482,-0.5605715740331647,0.7735888347569227,0.9772538915293345,0.0018144079736908628,-0.24499365083100164
26.627,8.6695,2.4948,15.0,7.4953,24.4171,-16.759771167047795,-0.528770834071671,0.5136370774907836,0.9772538915293345,0.00817041749795812,-0.30779487927781657
26.677,8.6695,0.0,15.0,7.8118,22.3985,-16.657826086956256,-0.528770834071671,-0.006266437041495043,0.9772538915293345,0.01452642702222536,-0.4923226227170325
26.727,8.8566,3.7422,15.0,8.119,25.9098,-15.246906178489471,-0.48109520549157836,0.7735888347569227,0.9772538915293345,0.020695672285589967,-0.1713416133352242
26.777,8.9813,2.4948,15.0,8.4199,25.2228,-11.360759725400221,-0.44931994689223326,0.5136370774907836,0.9772538915293345,0.026738399823826992,-0.23414284178203948
26.827,8.8566,-2.4948,15.0,8.7271,20.8632,-10.07625171624698,-0.48109520549157836,-0.5261699515737737,0.9772538915293345,0.0329076450871916,-0.6326701133056719
26.877,8.919,1.2474,15.0,9.0311,24.0523,-14.769803203661125,-0.4651948355108313,0.25368532022464424,0.9772538915293345,0.03901262737906283,-0.34114260582424794
26.927,8.919,0.0,15.0,9.3352,23.043,-6.8710983981691305,-0.4651948355108313,-0.006266437041495043,0.9772538915293345,0.04511961788879323,-0.4334064775438557
26.977,8.6695,-4.9896,15.0,9.6517,18.3612,-4.053336384439252,-0.528770834071671,-1.0460734661060522,0.9772538915293345,0.05147562741306047,-0.861387250967872
27.027,8.6071,-1.2474,15.0,9.9714,21.228,-9.383025171624555,-0.5446712040524176,-0.2662181943076343,0.9772538915293345,0.05789589990882108,-0.5993223867592405
27.077,8.5447,-1.2474,15.0,10.2941,21.0668,-7.2788787185352755,-0.5605715740331647,-0.2662181943076343,0.9772538915293345,0.06437641894035678,-0.6140582790818412
27.127,8.3576,-3.7422,15.0,10.6262,18.5648,-7.5113135011439836,-0.6082472026132574,-0.7861217088399128,0.9772538915293345,0.07104571045065428,-0.8427754167440414
27.177,8.3576,0.0,15.0,10.9584,21.5928,-9.195446224256147,-0.6082472026132574,-0.006266437041495043,0.9772538915293345,0.0777170101788109,-0.5659746602128095
27.227,8.1705,-3.7422,15.0,11.2998,18.0814,-7.254411899313329,-0.6559228311933495,-0.7861217088399128,0.9772538915293345,0.08457306595001102,-0.8869648109670263
27.277,8.1081,-1.2474,15.0,11.6444,19.9389,-3.3111762013728008,-0.6718232011740967,-0.2662181943076343,0.9772538915293345,0.09149338469270452,-0.7171638184780026
27.327,7.8587,-4.9896,15.0,12.0015,16.2663,-5.162498855835143,-0.7353737183727875,-1.0460734661060522,0.9772538915293345,0.09866473066779406,-1.0528898615548197
27.377,7.6716,-3.7422,15.0,12.3679,16.7923,-8.2004622425627,-0.78304934695288,-0.7861217088399128,0.9772538915293345,0.10602284090378623,-1.004806242685788
27.427,7.5468,-2.4948,15.0,12.7406,17.4793,-0.8359496567504854,-0.8148500869143739,-0.5261699515737737,0.9772538915293345,0.113507468864906,-0.9420050142389731
27.477,7.235,-6.237,15.0,13.1288,13.6456,-1.7983112128147294,-0.8943009740938116,-1.3060252233721914,0.9772538915293345,0.12130337059419681,-1.292457808265982
27.527,6.9231,-6.237,15.0,13.5327,12.8399,-8.02103890160172,-0.9737773426353982,-1.3060252233721914,0.9772538915293345,0.12941456252737704,-1.3661098457617595
27.577,6.736,-3.7422,15.0,13.9459,14.3752,-5.117643020594809,-1.0214529712154905,-0.7861217088399128,0.9772538915293345,0.1377125187214599,-1.22576235517312
27.627,6.4242,-6.237,15.0,14.3747,11.5508,-5.92504805491977,-1.1009038583949284,-1.3060252233721914,0.9772538915293345,0.146323756901573,-1.4839512774805215
27.677,6.237,-3.7422,15.0,14.8128,13.086,-3.7026453089243017,-1.1486049683371693,-0.7861217088399128,0.9772538915293345,0.15512175934258873,-1.3436129282642904
27.727,5.9252,-6.237,15.0,15.2666,10.2617,1.121395881006908,-1.228055855516607,-1.3060252233721914,0.9772538915293345,0.1642350519874939,-1.6017927091992832
27.777,5.7381,-3.7422,15.0,15.7296,11.7969,3.042041189931277,-1.2757314840966996,-0.7861217088399128,0.9772538915293345,0.17353310067544248,-1.4614543599830523
27.827,5.4262,-6.237,15.0,16.2083,8.9726,1.1336292906178702,-1.355207852638286,-1.3060252233721914,0.9772538915293345,0.18314643956728055,-1.7196341409180453
27.877,5.1768,-4.9896,15.0,16.6995,9.3374,-7.625491990846323,-1.4187583698369768,-1.0460734661060522,0.9772538915293345,0.19301080569151458,-1.6862864143716143
27.927,5.1144,-1.2474,15.0,17.1938,12.2042,-3.5558443935922934,-1.4346587398177237,-0.2662181943076343,0.9772538915293345,0.2029374265693828,-1.4242215501629827
27.977,4.6154,-9.9792,15.0,17.713,3.8498,5.761935926773454,-1.5618107369394025,-2.0858804951706094,0.9772538915293345,0.21336409369418396,-2.1879283666638165
28.027,4.3036,-6.237,15.0,18.2478,6.0721,7.723359267734331,-1.6412616241188402,-1.3060252233721914,0.9772538915293345,0.22410404280501534,-1.984779647628362
28.077,4.1165,-3.7422,15.0,18.792,7.6073,7.189167048054799,-1.6889372526989328,-0.7861217088399128,0.9772538915293345,0.2350327643946085,-1.844441298412131
28.127,3.867,-4.9896,15.0,19.3487,5.9534,6.2594279176200995,-1.7525132512597723,-1.0460734661060522,0.9772538915293345,0.24621251321659768,-1.995630456677324
28.177,3.7422,-2.4948,15.0,19.9115,7.6498,8.298329519450736,-1.7843139912212662,-0.5261699515737737,0.9772538915293345,0.2575147633279961,-1.8405562151384924
28.227,3.5551,-3.7422,15.0,20.4838,6.1571,14.81058123569761,-1.8319896198013588,-0.7861217088399128,0.9772538915293345,0.2690077941360155,-1.9770094810810848
28.277,3.2433,-6.237,15.0,21.0716,3.3327,13.322183066361267,-1.9114405069807965,-1.3060252233721914,0.9772538915293345,0.280812098712206,-2.235198403388486
28.327,2.9314,-6.237,15.0,21.6751,2.527,7.527624713958763,-1.990916875522383,-1.3060252233721914,0.9772538915293345,0.29293169349228587,-2.3088504408842634
28.377,2.7443,-3.7422,15.0,22.2878,4.0623,4.204215102974875,-2.0385925041024753,-0.7861217088399128,0.9772538915293345,0.30523604431540924,-2.168502950295624
28.427,3.1185,7.4844,15.0,22.8819,14.113,10.708311212814646,-1.9432412469422904,1.5534441065553406,0.9772538915293345,0.3171668666167274,-1.2497310336283673
28.477,3.1809,1.2474,15.0,23.4729,9.2275,11.915340961098162,-1.9273408769615437,0.25368532022464424,0.9772538915293345,0.32903543416441117,-1.696332782648623
28.527,3.1185,-1.2474,15.0,24.0669,7.0477,5.456100686498592,-1.9432412469422904,-0.2662181943076343,0.9772538915293345,0.34096424824787014,-1.8955964184104392
28.577,2.9314,-3.7422,15.0,24.6704,4.5457,6.226805491990697,-1.990916875522383,-0.7861217088399128,0.9772538915293345,0.35308384302795004,-2.1243135560726394
28.627,3.0562,2.4948,15.0,25.2676,9.9146,3.34379862700226,-1.9591161355608886,0.5136370774907836,0.9772538915293345,0.3650769200829023,-1.633522412829399
28.677,3.0562,0.0,15.0,25.8648,7.8959,4.554906178489633,-1.9591161355608886,-0.006266437041495043,0.9772538915293345,0.37706999713785455,-1.8180592976410233
28.727,3.1809,2.4948,15.0,26.4557,10.2369,5.439789473684114,-1.9273408769615437,0.5136370774907836,0.9772538915293345,0.3889365564676793,-1.6040597695566063
28.777,2.7443,-8.7318,15.0,27.0685,0.025,0.8808054919907188,-2.0385925041024753,-1.82592873790447,0.9772538915293345,0.4012429155086618,-2.5375675785464638
28.827,2.8691,2.4948,15.0,27.675,9.4312,0.6769153318074062,-2.0067917641409814,0.5136370774907836,0.9772538915293345,0.41342275682451674,-1.6777118070523838
28.877,2.8067,-1.2474,15.0,28.2847,6.242,-4.620151029748529,-2.022692134121728,-0.2662181943076343,0.9772538915293345,0.4256668611118651,-1.9692484559062162
28.927,3.1809,7.4844,15.0,28.8757,14.2742,-4.204215102974596,-1.9273408769615437,1.5534441065553406,0.9772538915293345,0.4375354286595489,-1.2349951413057667
28.977,3.0562,-2.4948,15.0,29.4729,5.8773,1.0398398169339698,-1.9591161355608886,-0.5261699515737737,0.9772538915293345,0.4495285057145012,-2.002587041080239
29.027,3.1185,1.2474,15.0,30.0669,9.0664,-1.704521739130237,-1.9432412469422904,0.25368532022464424,0.9772538915293345,0.4614573197979601,-1.711059533598815
29.077,2.9938,-2.4948,15.0,30.6672,5.7161,-1.8757894736842087,-1.9750165055416358,-0.5261699515737737,0.9772538915293345,0.47351265160654665,-2.0173229334028395
29.127,3.1185,2.4948,15.0,31.2613,10.0757,0.06524485125863927,-1.9432412469422904,0.5136370774907836,0.9772538915293345,0.4854434739078647,-1.618795661879207
29.177,3.1809,1.2474,15.0,31.8523,9.2275,7.963949656750476,-1.9273408769615437,0.25368532022464424,0.9772538915293345,0.4973120414555486,-1.696332782648623
29.227,3.2433,1.2474,15.0,32.4401,9.3887,7.792681922196764,-1.9114405069807965,0.25368532022464424,0.9772538915293345,0.509116346031739,-1.6815968903260223
29.277,3.2433,0.0,15.0,33.0279,8.3793,0.4363249427916882,-1.9114405069807965,-0.006266437041495043,0.9772538915293345,0.5209206506079296,-1.7738699034180385
29.327,3.3057,1.2474,15.0,33.6127,9.5498,-0.3180686498857044,-1.8955401370000495,0.25368532022464424,0.9772538915293345,0.5326647086483449,-1.66687013937583
29.377,2.8691,-8.7318,15.0,34.2192,0.3472,3.0583524027460096,-2.0067917641409814,-1.82592873790447,0.9772538915293345,0.5448445499642,-2.5081140766460797
29.427,2.9938,2.4948,15.0,34.8195,9.7534,13.208004576658881,-1.9750165055416358,0.5136370774907836,0.9772538915293345,0.5568998817727864,-1.6482583051519997
29.477,3.1185,2.4948,15.0,35.4136,10.0757,15.169427917619917,-1.9432412469422904,0.5136370774907836,0.9772538915293345,0.5688307040741045,-1.618795661879207
29.527,3.4304,6.237,15.0,35.9921,13.9094,9.252535469107345,-1.863764878400704,1.2934923492892014,0.9772538915293345,0.5804482443893924,-1.268342867852198
29.577,3.6175,3.7422,15.0,36.5612,12.3742,6.308361556063962,-1.8160892498206116,0.7735888347569227,0.9772538915293345,0.5918770122259184,-1.4086812170684289
29.627,3.8046,3.7422,15.0,37.121,12.8576,7.111688787185209,-1.768413621240519,0.7735888347569227,0.9772538915293345,0.6031190158015418,-1.3644918228454441
29.677,4.1165,6.237,15.0,37.6651,15.6819,8.526686498855778,-1.6889372526989328,1.2934923492892014,0.9772538915293345,0.6140457291732758,-1.1063120419104513
29.727,4.0541,-1.2474,15.0,38.2124,9.4648,6.989354691075489,-1.7048376226796798,-0.2662181943076343,0.9772538915293345,0.6250367055165033,-1.6746403059231072
29.777,4.4907,8.7318,15.0,38.7379,18.6674,5.904659038901556,-1.593585995538748,1.8133958638214798,0.9772538915293345,0.635589890366432,-0.8333963686528577
29.827,4.5531,1.2474,15.0,39.2602,12.7726,4.534517162471383,-1.577685625558001,0.25368532022464424,0.9772538915293345,0.6460788122448671,-1.372261989392721
29.877,4.9896,8.7318,15.0,39.7608,19.9565,-1.1254736842107782,-1.4664594797792176,1.8133958638214798,0.9772538915293345,0.6561319508478631,-0.715554936934096
29.927,5.2391,4.9896,15.0,40.2488,17.5731,-5.032009153318313,-1.4028834812183784,1.033540592023062,0.9772538915293345,0.6659320540006037,-0.9334304069197426
29.977,5.3639,2.4948,15.0,40.7306,15.8767,-3.090974828375286,-1.3710827412568842,0.5136370774907836,0.9772538915293345,0.675607647646076,-1.088504648458574
30.027,5.4886,2.4948,15.0,41.2062,16.199,-0.0978672768878841,-1.339307482657539,0.5136370774907836,0.9772538915293345,0.6851587317842798,-1.0590420051857814
30.077,5.6757,3.7422,15.0,41.6724,17.6918,0.14680091533184836,-1.2916318540774465,0.7735888347569227,0.9772538915293345,0.6945210434437218,-0.9225795978707805
30.127,5.9252,4.9896,15.0,42.1261,19.3456,-2.087835240274547,-1.228055855516607,1.033540592023062,0.9772538915293345,0.7036323278707677,-0.7713995809779959
30.177,6.0499,2.4948,15.0,42.5736,17.6493,3.853524027459869,-1.1962805969172616,0.5136370774907836,0.9772538915293345,0.7126191027905452,-0.9264646811444189
30.227,6.3618,6.237,15.0,43.0055,21.4829,-1.525098398169451,-1.1168042283756754,1.2934923492892014,0.9772538915293345,0.7212925957242925,-0.5760210284898183
30.277,6.5489,3.7422,15.0,43.4281,19.9477,-3.91469107551484,-1.069128599795583,0.7735888347569227,0.9772538915293345,0.7297793243971372,-0.7163593777060492
30.327,6.8607,6.237,15.0,43.8351,22.772,0.02038901601827625,-0.9896777126161452,1.2934923492892014,0.9772538915293345,0.7379527710839516,-0.4581795967710565
30.377,7.1102,4.9896,15.0,44.2296,22.4073,-2.0062791762013266,-0.9261017140553057,1.033540592023062,0.9772538915293345,0.74587519053837,-0.491518181945079
30.427,7.1726,1.2474,15.0,44.6209,19.5404,1.0194508009154646,-0.9102013440745587,0.25368532022464424,0.9772538915293345,0.7537333470212951,-0.7535921875261187
30.477,7.3597,3.7422,15.0,45.0029,22.0425,0.44448054919903335,-0.8625257154944662,0.7735888347569227,0.9772538915293345,0.7614047392433174,-0.52486590849151
30.527,7.6092,4.9896,15.0,45.3725,23.6964,-4.628306636155601,-0.7989497169336268,1.033540592023062,0.9772538915293345,0.768827112450803,-0.37367675022631697
30.577,7.7339,2.4948,15.0,45.7358,22.0,-6.32467276887863,-0.7671744583342814,0.5136370774907836,0.9772538915293345,0.7761229679331609,-0.5287509917651485
30.627,8.0458,6.237,15.0,46.0835,25.8337,-1.468009153318106,-0.6876980897926951,1.2934923492892014,0.9772538915293345,0.7831055414294887,-0.1782981977381393
30.677,8.2329,3.7422,15.0,46.4218,24.2985,-2.7321281464531433,-0.6400224612126024,0.7735888347569227,0.9772538915293345,0.7898993424470546,-0.3186365469543702
30.727,8.2329,0.0,15.0,46.7602,21.2705,-3.7923569794050094,-0.6400224612126024,-0.006266437041495043,0.9772538915293345,0.7966951516824796,-0.5954373034856023
30.777,8.42,3.7422,15.0,47.0892,24.7819,-2.3977482837528363,-0.5923468326325103,0.7735888347569227,0.9772538915293345,0.8033021884391429,-0.2744471527313856
30.827,8.6071,3.7422,15.0,47.4089,25.2653,-3.9350800915330675,-0.5446712040524176,0.7735888347569227,0.9772538915293345,0.8097224609349036,-0.23025775850840097
30.877,8.6071,0.0,15.0,47.7285,22.2373,0.19981235697943855,-0.5446712040524176,-0.006266437041495043,0.9772538915293345,0.816140725212805,-0.5070585150396328
30.927,8.919,6.237,15.0,48.0325,28.0896,-4.571217391304305,-0.4651948355108313,1.2934923492892014,0.9772538915293345,0.8222457075046763,0.027922022426592
30.977,8.9813,1.2474,15.0,48.3335,24.2135,-8.481830663615426,-0.44931994689223326,0.25368532022464424,0.9772538915293345,0.8282904432607725,-0.32640671350164724
31.027,9.0437,1.2474,15.0,48.6313,24.3746,-1.4557757437071084,-0.4334195769114862,0.25368532022464424,0.9772538915293345,0.8342709160453753,-0.31167996255145514
31.077,9.2308,3.7422,15.0,48.9198,26.8767,-1.553643020595028,-0.3857439483313936,0.7735888347569227,0.9772538915293345,0.8400646245690755,-0.08295368351684644
31.127,9.4179,3.7422,15.0,49.1989,27.3601,-3.804590389015916,-0.33806831975130136,0.7735888347569227,0.9772538915293345,0.8456695606140139,-0.03876428929386182
31.177,9.3555,-1.2474,15.0,49.4811,23.1617,-1.965501144164632,-0.3539686897320484,-0.2662181943076343,0.9772538915293345,0.8513367514125864,-0.42255566849489357
31.227,9.4803,2.4948,15.0,49.7571,26.5119,-5.427556064073191,-0.3221679497705543,0.5136370774907836,0.9772538915293345,0.8568794327038906,-0.11630141006327745
31.277,9.4803,0.0,15.0,50.0331,24.4933,-7.06275514874134,-0.3221679497705543,-0.006266437041495043,0.9772538915293345,0.8624221139951946,-0.300829153502493
31.327,9.5427,1.2474,15.0,50.3059,25.6637,-4.0737254004575485,-0.30626757978980723,0.25368532022464424,0.9772538915293345,0.8679005323150054,-0.1938385308326934
31.377,9.6674,2.4948,15.0,50.5725,26.9953,-6.308361556063995,-0.2744923211904617,0.5136370774907836,0.9772538915293345,0.8732544411275477,-0.07211201584029284
31.427,9.5427,-2.4948,15.0,50.8454,22.6357,-6.169716247139398,-0.30626757978980723,-0.5261699515737737,0.9772538915293345,0.8787348676652176,-0.47063928736392524
31.477,9.7298,3.7422,15.0,51.1089,28.1658,-0.05301144164756244,-0.25859195120971507,0.7735888347569227,0.9772538915293345,0.8840265217241258,0.034887748201915605
31.527,9.7921,1.2474,15.0,51.3693,26.3083,-1.2600411899314479,-0.24271706259111656,0.25368532022464424,0.9772538915293345,0.8892559210293998,-0.1349132442871081
31.577,9.6674,-2.4948,15.0,51.636,22.958,-4.742485125857965,-0.2744923211904617,-0.5261699515737737,0.9772538915293345,0.8946118380598013,-0.4411766440911328
31.627,9.605,-1.2474,15.0,51.9057,23.8062,1.5577208237986844,-0.29039269117120875,-0.2662181943076343,0.9772538915293345,0.9000280016259778,-0.3636395233217168
31.677,9.6674,1.2474,15.0,52.1723,25.986,-1.1295514874141706,-0.2744923211904617,0.25368532022464424,0.9772538915293345,0.9053819104385201,-0.1643758875599006
31.727,9.605,-1.2474,15.0,52.4421,23.8062,-4.819963386727551,-0.29039269117120875,-0.2662181943076343,0.9772538915293345,0.9108000822225558,-0.3636395233217168
31.777,9.605,0.0,15.0,52.7118,24.8155,-0.17534553775742145,-0.29039269117120875,-0.006266437041495043,0.9772538915293345,0.9162162457887323,-0.271375651602109
31.827,9.605,0.0,15.0,52.9816,24.8155,0.04893363844390264,-0.29039269117120875,-0.006266437041495043,0.9772538915293345,0.9216344175727681,-0.271375651602109
31.877,9.605,0.0,15.0,53.2513,24.8155,3.5721556064072613,-0.29039269117120875,-0.006266437041495043,0.9772538915293345,0.9270505811389446,-0.271375651602109
31.927,9.605,0.0,15.0,53.5211,24.8155,-0.3792356979405348,-0.29039269117120875,-0.006266437041495043,0.9772538915293345,0.9324687529229803,-0.271375651602109
31.977,9.7921,3.7422,15.0,53.7815,28.3269,-2.6954279176200147,-0.24271706259111656,0.7735888347569227,0.9772538915293345,0.9376981522282543,0.049614499152107416
32.027,9.5427,-4.9896,15.0,54.0543,20.6171,1.43130892448529,-0.30626757978980723,-1.0460734661060522,0.9772538915293345,0.9431765705480649,-0.6551670308031408
32.077,9.5427,0.0,15.0,54.3272,24.6544,1.7942334096109238,-0.30626757978980723,-0.006266437041495043,0.9772538915293345,0.9486569970857348,-0.2861024025523012
32.127,9.6674,2.4948,15.0,54.5938,26.9953,0.2854462242561548,-0.2744923211904617,0.5136370774907836,0.9772538915293345,0.9540109058982773,-0.07211201584029284
32.177,9.4803,-3.7422,15.0,54.8698,21.4653,-1.4924759725399854,-0.3221679497705543,-0.7861217088399128,0.9772538915293345,0.9595535871895813,-0.5776299100337251
32.227,9.605,2.4948,15.0,55.1396,26.8342,-1.5984988558351634,-0.29039269117120875,0.5136370774907836,0.9772538915293345,0.9649717589736171,-0.08683876679048497
32.277,9.6674,1.2474,15.0,55.4062,25.986,-1.088773455377569,-0.2744923211904617,0.25368532022464424,0.9772538915293345,0.9703256677861594,-0.1643758875599006
32.327,9.605,-1.2474,15.0,55.676,23.8062,0.7340045766590116,-0.29039269117120875,-0.2662181943076343,0.9772538915293345,0.9757438395701952,-0.3636395233217168
32.377,9.605,0.0,15.0,55.9457,24.8155,2.825917620137182,-0.29039269117120875,-0.006266437041495043,0.9772538915293345,0.9811600031363718,-0.271375651602109
32.427,9.4179,-3.7422,15.0,56.2248,21.3041,0.26913501144162855,-0.33806831975130136,-0.7861217088399128,0.9772538915293345,0.98676493918131,-0.5923658023563259
32.477,9.4803,1.2474,15.0,56.5008,25.5026,1.2885858123571032,-0.3221679497705543,0.25368532022464424,0.9772538915293345,0.9923076204726141,-0.20856528178288522
32.527,9.5427,1.2474,15.0,56.7737,25.6637,1.9206453089244098,-0.30626757978980723,0.25368532022464424,0.9772538915293345,0.9977880470102841,-0.1938385308326934
32.577,9.6674,2.4948,15.0,57.0403,26.9953,-4.58752860411899,-0.2744923211904617,0.5136370774907836,0.9772538915293345,1.0031419558228265,-0.07211201584029284
32.627,9.4803,-3.7422,15.0,57.3163,21.4653,0.9215835240275209,-0.3221679497705543,-0.7861217088399128,0.9772538915293345,1.0086846371141305,-0.5776299100337251
32.677,9.4803,0.0,15.0,57.5923,24.4933,1.700443935926659,-0.3221679497705543,-0.006266437041495043,0.9772538915293345,1.0142273184054347,-0.300829153502493
32.727,9.5427,1.2474,15.0,57.8651,25.6637,-2.6383386727688327,-0.30626757978980723,0.25368532022464424,0.9772538915293345,1.0197057367252456,-0.1938385308326934
32.777,9.605,1.2474,15.0,58.1349,25.8249,0.5505034324944236,-0.29039269117120875,0.25368532022464424,0.9772538915293345,1.0251239085092811,-0.17910263851009273
32.827,9.605,0.0,15.0,58.4046,24.8155,2.6138718535468555,-0.29039269117120875,-0.006266437041495043,0.9772538915293345,1.0305400720754578,-0.271375651602109
32.877,9.605,0.0,15.0,58.6744,24.8155,2.577171624713842,-0.29039269117120875,-0.006266437041495043,0.9772538915293345,1.0359582438594934,-0.271375651602109
32.927,9.4179,-3.7422,15.0,58.9535,21.3041,-3.971780320366111,-0.33806831975130136,-0.7861217088399128,0.9772538915293345,1.0415631799044318,-0.5923658023563259
32.977,9.5427,2.4948,15.0,59.2263,26.6731,-5.056475972539965,-0.30626757978980723,0.5136370774907836,0.9772538915293345,1.0470415982242427,-0.10156551774067678
33.027,9.5427,0.0,15.0,59.4992,24.6544,2.4996933638443584,-0.30626757978980723,-0.006266437041495043,0.9772538915293345,1.0525220247619125,-0.2861024025523012
33.077,9.4179,-2.4948,15.0,59.7783,22.3135,3.3152540045766834,-0.33806831975130136,-0.5261699515737737,0.9772538915293345,1.0581269608068509,-0.5000927892643092
33.127,9.605,3.7422,15.0,60.0481,27.8435,-1.2151853546910343,-0.29039269117120875,0.7735888347569227,0.9772538915293345,1.0635451325908865,0.0054251049291228
33.177,9.4803,-2.4948,15.0,60.324,22.4746,-2.3814370709382526,-0.3221679497705543,-0.5261699515737737,0.9772538915293345,1.0690858056643315,-0.4853660383141174
33.227,9.4179,-1.2474,15.0,60.6032,23.3228,2.4548375286040587,-0.33806831975130136,-0.2662181943076343,0.9772538915293345,1.074692749927129,-0.4078289175447014
33.277,9.5427,2.4948,15.0,60.876,26.6731,2.7606727688787203,-0.30626757978980723,0.5136370774907836,0.9772538915293345,1.0801711682469397,-0.10156551774067678
33.327,9.605,1.2474,15.0,61.1458,25.8249,1.0561510297483412,-0.29039269117120875,0.25368532022464424,0.9772538915293345,1.0855893400309755,-0.17910263851009273
33.377,9.4803,-2.4948,15.0,61.4218,22.4746,6.014759725400265,-0.3221679497705543,-0.5261699515737737,0.9772538915293345,1.0911320213222797,-0.4853660383141174
33.427,9.4179,-1.2474,15.0,61.7009,23.3228,-0.07747826086969778,-0.33806831975130136,-0.2662181943076343,0.9772538915293345,1.0967369573672179,-0.4078289175447014
33.477,9.5427,2.4948,15.0,61.9737,26.6731,-6.239038901601644,-0.30626757978980723,0.5136370774907836,0.9772538915293345,1.1022153756870288,-0.10156551774067678
33.527,9.605,1.2474,15.0,62.2435,25.8249,-0.22427917620126414,-0.29039269117120875,0.25368532022464424,0.9772538915293345,1.1076335474710646,-0.17910263851009273
33.577,9.4803,-2.4948,15.0,62.5195,22.4746,-0.9623615560641344,-0.3221679497705543,-0.5261699515737737,0.9772538915293345,1.1131762287623688,-0.4853660383141174
33.627,9.605,2.4948,15.0,62.7892,26.8342,-1.7412219679632748,-0.29039269117120875,0.5136370774907836,0.9772538915293345,1.1185923923285452,-0.08683876679048497
33.677,9.605,0.0,15.0,63.059,24.8155,0.5056475972540521,-0.29039269117120875,-0.006266437041495043,0.9772538915293345,1.1240105641125808,-0.271375651602109
33.727,9.6674,1.2474,15.0,63.3256,25.986,-1.5210205949657587,-0.2744923211904617,0.25368532022464424,0.9772538915293345,1.1293644729251233,-0.1643758875599006
33.777,9.5427,-2.4948,15.0,63.5985,22.6357,1.3701418764301758,-0.30626757978980723,-0.5261699515737737,0.9772538915293345,1.134844899462793,-0.47063928736392524
33.827,9.6674,2.4948,15.0,63.8651,26.9953,5.85572540045757,-0.2744923211904617,0.5136370774907836,0.9772538915293345,1.1401988082753354,-0.07211201584029284
33.877,9.6674,0.0,15.0,64.1317,24.9767,-1.4761647597253749,-0.2744923211904617,-0.006266437041495043,0.9772538915293345,1.1455527170878776,-0.2566397592795084
33.927,9.3555,-6.237,15.0,64.4139,19.1244,-4.546750572082356,-0.3539686897320484,-1.3060252233721914,0.9772538915293345,1.1512199078864505,-0.7916202967457332
33.977,9.4179,1.2474,15.0,64.693,25.3414,1.2926636155605933,-0.33806831975130136,0.25368532022464424,0.9772538915293345,1.1568248439313886,-0.2233011741054859
34.027,9.605,3.7422,15.0,64.9628,27.8435,1.2070297482838408,-0.29039269117120875,0.7735888347569227,0.9772538915293345,1.1622430157154244,0.0054251049291228
34.077,9.5427,-1.2474,15.0,65.2357,23.6451,-1.357908466819199,-0.30626757978980723,-0.2662181943076343,0.9772538915293345,1.1677234422530942,-0.37836627427190894
34.127,9.5427,0.0,15.0,65.5085,24.6544,0.5668146453089099,-0.30626757978980723,-0.006266437041495043,0.9772538915293345,1.173201860572905,-0.2861024025523012
34.177,9.7298,3.7422,15.0,65.772,28.1658,1.4843203661327902,-0.25859195120971507,0.7735888347569227,0.9772538915293345,1.1784935146318134,0.034887748201915605
34.227,9.6674,-1.2474,15.0,66.0387,23.9674,4.881130434782515,-0.2744923211904617,-0.2662181943076343,0.9772538915293345,1.183849431662215,-0.34890363099911614
34.277,9.7298,1.2474,15.0,66.3022,26.1471,-0.4852585812356634,-0.25859195120971507,0.25368532022464424,0.9772538915293345,1.1891410857211229,-0.1496491366097088
34.327,9.6674,-1.2474,15.0,66.5688,23.9674,-0.3873913043477395,-0.2744923211904617,-0.2662181943076343,0.9772538915293345,1.1944949945336651,-0.34890363099911614
34.377,9.5427,-2.4948,15.0,66.8417,22.6357,4.008480549199129,-0.30626757978980723,-0.5261699515737737,0.9772538915293345,1.1999754210713351,-0.47063928736392524
34.427,9.7298,3.7422,15.0,67.1052,28.1658,-0.6809931350115717,-0.25859195120971507,0.7735888347569227,0.9772538915293345,1.2052670751302432,0.034887748201915605
34.477,9.6674,-1.2474,15.0,67.3718,23.9674,-1.9002562929062994,-0.2744923211904617,-0.2662181943076343,0.9772538915293345,1.2106209839427855,-0.34890363099911614
34.527,9.6674,0.0,15.0,67.6384,24.9767,2.153080091533288,-0.2744923211904617,-0.006266437041495043,0.9772538915293345,1.215974892755328,-0.2566397592795084
34.577,9.7921,2.4948,15.0,67.8988,27.3176,5.586590389015936,-0.24271706259111656,0.5136370774907836,0.9772538915293345,1.2212042920606017,-0.04264937256750035
34.627,9.7921,0.0,15.0,68.1592,25.299,2.536393592677235,-0.24271706259111656,-0.006266437041495043,0.9772538915293345,1.2264336913658758,-0.2271771160067159
34.677,9.8545,1.2474,15.0,68.4165,26.4694,3.168453089244921,-0.22681669261036946,0.25368532022464424,0.9772538915293345,1.2316008359175155,-0.12018649333691599
34.727,9.9792,2.4948,15.0,68.6675,27.801,3.5680778032037264,-0.19504143401102392,0.5136370774907836,0.9772538915293345,1.2366414627440276,0.001540021655484267
34.777,9.7921,-3.7422,15.0,68.9279,22.271,7.519469107551304,-0.24271706259111656,-0.7861217088399128,0.9772538915293345,1.2418708620493013,-0.5039778725379477
34.827,10.1664,7.4844,15.0,69.1696,32.3217,5.37454462242551,-0.14734032406878314,1.5534441065553406,0.9772538915293345,1.246724724614911,0.4147940441293088
34.877,10.104,-1.2474,15.0,69.4144,25.0953,-1.1947963386728144,-0.1632406940495302,-0.2662181943076343,0.9772538915293345,1.2516408419341547,-0.24579809160295477
34.927,10.4158,6.237,15.0,69.6436,31.957,5.366389016018136,-0.083789806870092,1.2934923492892014,0.9772538915293345,1.2562436772673682,0.3814554589552863
34.977,10.2287,-3.7422,15.0,69.8822,23.399,5.3745446224254945,-0.13146543545018466,-0.7861217088399128,0.9772538915293345,1.2610352850793431,-0.4008631917693778
35.027,10.5406,6.237,15.0,70.1052,32.2793,-3.1806864988558026,-0.051989066908598315,1.2934923492892014,0.9772538915293345,1.2655136109052882,0.41091810222807884
35.077,10.6029,1.2474,15.0,70.325,28.4031,-0.14680091533179507,-0.03611417828999982,0.25368532022464424,0.9772538915293345,1.26992767375974,0.056580224927431026
35.127,10.6653,1.2474,15.0,70.5418,28.5642,-1.7656887871852645,-0.020213808309252748,0.25368532022464424,0.9772538915293345,1.2742814900784165,0.07130697587762316
35.177,10.7277,1.2474,15.0,70.7554,28.7254,-3.0787414187642215,-0.004313438328505676,0.25368532022464424,0.9772538915293345,1.2785710434255997,0.08604286820022383
35.227,11.0395,6.237,15.0,70.9534,33.5684,2.9645629290616915,0.07513744885093208,1.2934923492892014,0.9772538915293345,1.2825473147867528,0.5287595339468405
35.277,11.1643,2.4948,15.0,71.1452,30.8627,-3.131752860411978,0.10693818881242623,0.5136370774907836,0.9772538915293345,1.2863990766406372,0.2814214206884015
35.327,11.1019,-1.2474,15.0,71.3401,27.6736,-5.1176430205948,0.09103781883167915,-0.2662181943076343,0.9772538915293345,1.2903130932481561,-0.010106086793022466
35.377,11.289,3.7422,15.0,71.5256,32.1943,-3.8820686498853196,0.13871344741177133,0.7735888347569227,0.9772538915293345,1.2940383373769129,0.40314793568080176
35.427,11.4138,2.4948,15.0,71.7049,31.5072,3.9310022883294504,0.17051418737326549,0.5136370774907836,0.9772538915293345,1.2976390719984014,0.34033756586157826
35.477,11.289,-2.4948,15.0,71.8905,27.1476,4.363249427917428,0.13871344741177133,-0.5261699515737737,0.9772538915293345,1.3013663243450178,-0.058189705662054156
35.527,11.3514,1.2474,15.0,72.0729,30.3368,2.1163798627000974,0.15461381739251842,0.25368532022464424,0.9772538915293345,1.3050293137201403,0.23334694319177837
35.577,11.5385,3.7422,15.0,72.246,32.8388,4.758796338672742,0.20228944597261106,0.7735888347569227,0.9772538915293345,1.3085055388343603,0.4620640808539785
35.627,11.5385,0.0,15.0,72.4191,29.8109,-2.8666956521737763,0.20228944597261106,-0.006266437041495043,0.9772538915293345,1.3119817639485805,0.1852724656951552
35.677,11.8503,6.237,15.0,72.5766,35.6632,2.9074736842104043,0.2817403331520488,1.2934923492892014,0.9772538915293345,1.3151447070767703,0.7202530031613803
35.727,11.9127,1.2474,15.0,72.7309,31.787,9.138356979404838,0.29764070313279545,0.25368532022464424,0.9772538915293345,1.318243387233467,0.3659151258607322
35.777,11.9127,0.0,15.0,72.8853,30.7777,12.93479176201345,0.29764070313279545,-0.006266437041495043,0.9772538915293345,1.3213440756080226,0.27365125414112446
35.827,12.0375,2.4948,15.0,73.0334,33.1186,-0.7380823798627123,0.3294414430942896,0.5136370774907836,0.9772538915293345,1.3243182462574505,0.4876416408531328
35.877,12.4117,7.4844,15.0,73.1628,38.1227,-6.145249427917383,0.4247927002544744,1.5534441065553406,0.9772538915293345,1.3269168801672142,0.945085057549942
35.927,12.7859,7.4844,15.0,73.2735,39.0896,2.9033958810068894,0.5201439574146592,1.5534441065553406,0.9772538915293345,1.3291399773373134,1.0334729873683195
35.977,12.7235,-1.2474,15.0,73.3874,31.8632,-1.0439176201373845,0.5042435874339122,-0.2662181943076343,0.9772538915293345,1.3314273374789058,0.37288085163605583
36.027,12.9106,3.7422,15.0,73.4918,36.3839,-2.1326910755150807,0.5519192160140048,0.7735888347569227,0.9772538915293345,1.3335239169238775,0.78613487410988
36.077,12.9106,0.0,15.0,73.5963,33.3559,-2.0144347826087428,0.5519192160140048,-0.006266437041495043,0.9772538915293345,1.3356225045867083,0.5093341175786482
36.127,13.1601,4.9896,15.0,73.6883,38.0378,-12.11107551487383,0.615495214574844,1.033540592023062,0.9772538915293345,1.337470065017143,0.9373240323750731
36.177,13.5343,7.4844,15.0,73.7616,41.0233,-6.116704805491837,0.7108464717350289,1.5534441065553406,0.9772538915293345,1.338942088707913,1.2102397056326668
36.227,13.4096,-2.4948,15.0,73.8411,32.6264,-0.2813684210526546,0.6790712131356833,-0.5261699515737737,0.9772538915293345,1.3405386219059519,0.4426478058581944
36.277,13.5343,2.4948,15.0,73.9144,36.986,-6.850709382151052,0.7108464717350289,0.5136370774907836,0.9772538915293345,1.3420106455967222,0.8411750773818268
36.327,13.0977,-8.7318,15.0,74.0095,26.7741,-4.196059496567677,0.599594844594097,-1.82592873790447,0.9772538915293345,1.343920460780791,-0.09233273160803009
36.377,13.6591,11.2266,15.0,74.0765,44.3735,-7.144311212814398,0.742647211696523,2.3332993783537583,0.9772538915293345,1.3452659667464337,1.516493964064283
36.427,13.6591,0.0,15.0,74.1436,35.2896,4.6609290617849615,0.742647211696523,-0.006266437041495043,0.9772538915293345,1.3466134809299357,0.6861008358429955
36.477,13.8462,3.7422,15.0,74.2013,38.801,-1.8187002288328824,0.7903228402766153,0.7735888347569227,0.9772538915293345,1.3477722226346758,1.0070909865972124
36.527,13.7214,-2.4948,15.0,74.2652,33.4321,-9.260691075514627,0.758522100315121,-0.5261699515737737,0.9772538915293345,1.349055473846684,0.5162998433539718
36.577,13.6591,-1.2474,15.0,74.3323,34.2803,5.305221967963061,0.742647211696523,-0.2662181943076343,0.9772538915293345,1.350402988030186,0.5938369641233875
36.627,13.5967,-1.2474,15.0,74.4024,34.1191,2.7402837528602095,0.726746841715776,-0.2662181943076343,0.9772538915293345,1.3518107487494628,0.5791010718007874
36.677,14.158,11.2266,15.0,74.4445,45.6626,-0.9501281464527733,0.869773727456053,2.3332993783537583,0.9772538915293345,1.3526562084681726,1.6343353957830447
36.727,13.9086,-4.9896,15.0,74.4991,31.8968,-2.214247139587928,0.8062232102573623,-1.0460734661060522,0.9772538915293345,1.3537526954192785,0.37595235276533234
36.777,14.158,4.9896,15.0,74.5412,40.616,-3.44574370709378,0.869773727456053,1.033540592023062,0.9772538915293345,1.3545981551379882,1.1730068958125972
36.827,13.9709,-3.7422,15.0,74.5926,33.0673,-11.858251716247072,0.8220980988759607,-0.7861217088399128,0.9772538915293345,1.3556303791176008,0.48295211680754113
36.877,13.9086,-1.2474,15.0,74.6472,34.9248,-4.461116704805448,0.8062232102573623,-0.2662181943076343,0.9772538915293345,1.3567268660687064,0.6527531092965642
36.927,14.2828,7.4844,15.0,74.6831,42.9569,6.512251716247135,0.9015744674175471,1.5534441065553406,0.9772538915293345,1.3574478162801478,1.3869972825246053
36.977,13.8462,-8.7318,15.0,74.7408,28.7077,5.325610983981496,0.7903228402766153,-1.82592873790447,0.9772538915293345,1.3586065579848878,0.08442484528390838
37.027,14.3451,9.9792,15.0,74.7735,45.1367,-1.8961784897025276,0.9174493560361456,2.073347621087619,0.9772538915293345,1.3592632452248359,1.5862609182864214
37.077,14.3451,0.0,15.0,74.8063,37.0621,-11.00599084668179,0.9174493560361456,-0.006266437041495043,0.9772538915293345,1.3599219406826428,0.8481316617847422
37.127,13.8462,-9.9792,15.0,74.8639,27.6984,-10.73685583524016,0.7903228402766153,-2.0858804951706094,0.9772538915293345,1.361078674169524,-0.007839026435699385
37.177,13.8462,0.0,15.0,74.9216,35.773,2.059290617849075,0.7903228402766153,-0.006266437041495043,0.9772538915293345,1.3622374158742638,0.7302902300659805
37.227,14.0333,3.7422,15.0,74.97,39.2844,4.32654919908461,0.8379984688567078,0.7735888347569227,0.9772538915293345,1.3632093933181013,1.0512803808201967
37.277,13.9709,-1.2474,15.0,75.0214,35.086,-4.481505720823702,0.8220980988759607,-0.2662181943076343,0.9772538915293345,1.3642416172977136,0.6674890016191649
37.327,14.0333,1.2474,15.0,75.0698,37.2658,-7.193244851258293,0.8379984688567078,0.25368532022464424,0.9772538915293345,1.3652135947415511,0.8667526373809811
37.377,14.158,2.4948,15.0,75.1119,38.5973,-5.456100686498907,0.869773727456053,0.5136370774907836,0.9772538915293345,1.366059054460261,0.9884700110009728
37.427,14.0957,-1.2474,15.0,75.1571,35.4082,7.205478260869433,0.8538988388374549,-0.2662181943076343,0.9772538915293345,1.3669667689326048,0.6969425035195491
37.477,13.9709,-2.4948,15.0,75.2085,34.0766,-2.2142471395881125,0.8220980988759607,-0.5261699515737737,0.9772538915293345,1.3679989929122174,0.5752159885271486
37.527,13.5967,-7.4844,15.0,75.2787,29.0725,0.7788604118992704,0.726746841715776,-1.5659769806383308,0.9772538915293345,1.3694087618493533,0.11777257183033972
37.577,13.7214,2.4948,15.0,75.3426,37.4694,6.854787185354839,0.758522100315121,0.5136370774907836,0.9772538915293345,1.370692013061362,0.8853644716048117
37.627,13.6591,-1.2474,15.0,75.4097,34.2803,-11.442315789473533,0.742647211696523,-0.2662181943076343,0.9772538915293345,1.3720395272448638,0.5938369641233875
37.677,13.7838,2.4948,15.0,75.4705,37.6305,-11.580961098398118,0.7744224702958681,0.5136370774907836,0.9772538915293345,1.373260523703238,0.9000912225550035
37.727,13.5343,-4.9896,15.0,75.5438,30.93,0.5219588100687234,0.7108464717350289,-1.0460734661060522,0.9772538915293345,1.3747325473940084,0.2875735643193631
37.777,13.4096,-2.4948,15.0,75.6233,32.6264,3.0950526315789206,0.6790712131356833,-0.5261699515737737,0.9772538915293345,1.376329080592047,0.4426478058581944
37.827,13.472,1.2474,15.0,75.6997,35.8155,2.723972540045694,0.6949715831164304,0.25368532022464424,0.9772538915293345,1.3778633590364515,0.7341753133396187
37.877,13.7214,4.9896,15.0,75.7636,39.488,3.3315652173914168,0.758522100315121,1.033540592023062,0.9772538915293345,1.3791466102484597,1.0698922150440273
37.927,13.4096,-6.237,15.0,75.8431,29.5984,8.363574370709257,0.6790712131356833,-1.3060252233721914,0.9772538915293345,1.3807431434464987,0.16584704932696287
37.977,13.2849,-2.4948,15.0,75.9289,32.3041,2.3855148741418195,0.6472959545363381,-0.5261699515737737,0.9772538915293345,1.3824661943696648,0.4131851625854019
38.027,13.2225,-1.2474,15.0,76.0178,33.1523,-9.758183066361402,0.6313955845555911,-0.2662181943076343,0.9772538915293345,1.3842515000464652,0.49072228335481755
38.077,12.973,-4.9896,15.0,76.1191,29.4798,-1.9532677345538108,0.5678195859947519,-1.0460734661060522,0.9772538915293345,1.3862858247378027,0.15500538165040928
38.127,13.0354,1.2474,15.0,76.2173,34.6875,3.5966224256292745,0.5837199559754985,0.25368532022464424,0.9772538915293345,1.3882578946755058,0.6310606325710488
38.177,13.1601,2.4948,15.0,76.3093,36.0191,2.5241601830664404,0.615495214574844,0.5136370774907836,0.9772538915293345,1.3901054551059404,0.7527871475634493
38.227,13.1601,0.0,15.0,76.4013,34.0005,0.7136155606407812,0.615495214574844,-0.006266437041495043,0.9772538915293345,1.3919530155363753,0.5682594041242338
38.277,13.1601,0.0,15.0,76.4933,34.0005,1.5984988558350133,0.615495214574844,-0.006266437041495043,0.9772538915293345,1.3938005759668102,0.5682594041242338
38.327,13.0354,-2.4948,15.0,76.5916,31.6596,4.722096109839655,0.5837199559754985,-0.5261699515737737,0.9772538915293345,1.3957746541223723,0.3542690174122255
38.377,12.973,-1.2474,15.0,76.6929,32.5077,6.622352402746114,0.5678195859947519,-0.2662181943076343,0.9772538915293345,1.3978089788137096,0.43179699680923256
38.427,13.0977,2.4948,15.0,76.788,35.858,1.2845080091534482,0.599594844594097,0.5136370774907836,0.9772538915293345,1.3997187939977784,0.7380603966132568
38.477,12.6612,-8.7318,15.0,76.905,25.6461,-1.3579084668193069,0.48836869881531364,-1.82592873790447,0.9772538915293345,1.4020684088930053,-0.1954474123766
38.527,12.9106,4.9896,15.0,77.0094,37.3932,3.771967963386556,0.5519192160140048,1.033540592023062,0.9772538915293345,1.404164988337977,0.8783987458294882
38.577,12.973,1.2474,15.0,77.1108,34.5264,-3.4294324942792045,0.5678195859947519,0.25368532022464424,0.9772538915293345,1.4062013212471733,0.616333881620857
38.627,12.9106,-1.2474,15.0,77.2153,32.3466,-6.214572082379723,0.5519192160140048,-0.2662181943076343,0.9772538915293345,1.4082999089100041,0.41707024585904073
38.677,12.9106,0.0,15.0,77.3197,33.3559,4.408105263157914,0.5519192160140048,-0.006266437041495043,0.9772538915293345,1.4103964883549758,0.5093341175786482
38.727,13.0354,2.4948,15.0,77.418,35.6969,6.6549748283752175,0.5837199559754985,0.5136370774907836,0.9772538915293345,1.4123705665105382,0.7233336456630651
38.777,13.0977,1.2474,15.0,77.5131,34.8487,5.876114416475864,0.599594844594097,0.25368532022464424,0.9772538915293345,1.4142803816946068,0.6457965248936495
38.827,12.8483,-4.9896,15.0,77.6207,29.1575,2.4589153318077104,0.5360443273954063,-1.0460734661060522,0.9772538915293345,1.416441224111072,0.12554273837761645
38.877,12.8483,0.0,15.0,77.7282,33.1948,-0.34253546910759436,0.5360443273954063,-0.006266437041495043,0.9772538915293345,1.4186000583096776,0.4946073666284564
38.927,12.9106,1.2474,15.0,77.8327,34.3652,3.714878718535446,0.5519192160140048,0.25368532022464424,0.9772538915293345,1.4206986459725084,0.6015979892982563
38.977,13.0977,3.7422,15.0,77.9278,36.8673,-1.4598535469109035,0.599594844594097,0.7735888347569227,0.9772538915293345,1.4226084611565775,0.830324268332865
39.027,12.973,-2.4948,15.0,78.0292,31.4984,-5.362311212814615,0.5678195859947519,-0.5261699515737737,0.9772538915293345,1.4246447940657738,0.3395331250896248
39.077,12.9106,-1.2474,15.0,78.1336,32.3466,0.5505034324944835,0.5519192160140048,-0.2662181943076343,0.9772538915293345,1.4267413735107455,0.41707024585904073
39.127,13.0354,2.4948,15.0,78.2319,35.6969,2.1204576659038232,0.5837199559754985,0.5136370774907836,0.9772538915293345,1.4287154516663076,0.7233336456630651
39.177,13.2849,4.9896,15.0,78.3176,38.3601,3.213308924484929,0.6472959545363381,1.033540592023062,0.9772538915293345,1.4304364943716148,0.9667866756478662
39.227,13.1601,-2.4948,15.0,78.4096,31.9818,6.092237986269825,0.615495214574844,-0.5261699515737737,0.9772538915293345,1.4322840548020495,0.3837225193126094
39.277,13.2849,2.4948,15.0,78.4954,36.3414,0.11417848970264655,0.6472959545363381,0.5136370774907836,0.9772538915293345,1.434007105725216,0.7822497908362418
39.327,13.0977,-3.7422,15.0,78.5905,30.8114,-7.405290617848823,0.599594844594097,-0.7861217088399128,0.9772538915293345,1.4359169209092848,0.2767318966428095
39.377,13.2849,3.7422,15.0,78.6762,37.3507,-3.85352402746009,0.6472959545363381,0.7735888347569227,0.9772538915293345,1.4376379636145917,0.87451366255585
39.427,13.1601,-2.4948,15.0,78.7682,31.9818,-0.46079176201383465,0.615495214574844,-0.5261699515737737,0.9772538915293345,1.4394855240450264,0.3837225193126094
39.477,13.2849,2.4948,15.0,78.854,36.3414,-6.116704805491682,0.6472959545363381,0.5136370774907836,0.9772538915293345,1.4412085749681929,0.7822497908362418
39.527,13.0354,-4.9896,15.0,78.9522,29.6409,-5.288910755148562,0.5837199559754985,-1.0460734661060522,0.9772538915293345,1.4431806449058961,0.16973213260060108
39.577,13.4096,7.4844,15.0,79.0317,40.701,-6.683519450800902,0.6790712131356833,1.5534441065553406,0.9772538915293345,1.4447771781039347,1.1807770623598743
39.627,13.3472,-1.2474,15.0,79.1144,33.4746,-3.2010755148741046,0.6631708431549367,-0.2662181943076343,0.9772538915293345,1.446437974273467,0.5201849266276106
39.677,13.4096,1.2474,15.0,79.1939,35.6544,4.51412814645311,0.6790712131356833,0.25368532022464424,0.9772538915293345,1.4480345074715055,0.7194485623894269
39.727,13.0977,-6.237,15.0,79.289,28.7927,-1.211107551487276,0.599594844594097,-1.3060252233721914,0.9772538915293345,1.4499443226555744,0.09219501183118545
39.777,12.973,-2.4948,15.0,79.3904,31.4984,0.5423478260869624,0.5678195859947519,-0.5261699515737737,0.9772538915293345,1.451980655564771,0.3395331250896248
39.827,13.0977,2.4948,15.0,79.4855,35.858,3.7189565217389475,0.599594844594097,0.5136370774907836,0.9772538915293345,1.4538904707488398,0.7380603966132568
39.877,13.1601,1.2474,15.0,79.5775,35.0098,0.38331350114415963,0.615495214574844,0.25368532022464424,0.9772538915293345,1.4557380311792747,0.6605232758438413
39.927,12.8483,-6.237,15.0,79.6851,28.1481,1.9369565217391351,0.5360443273954063,-1.3060252233721914,0.9772538915293345,1.4578988735957397,0.033269725285600155
39.977,12.7859,-1.2474,15.0,79.7958,32.0243,5.154343249427744,0.5201439574146592,-0.2662181943076343,0.9772538915293345,1.4601219707658386,0.3876076025862476
40.027,13.0977,6.237,15.0,79.8909,38.886,-2.132691075514864,0.599594844594097,1.2934923492892014,0.9772538915293345,1.4620317859499077,1.0148611531444893
40.077,12.973,-2.4948,15.0,79.9922,31.4984,1.9818123569794546,0.5678195859947519,-0.5261699515737737,0.9772538915293345,1.464066110641245,0.3395331250896248
40.127,13.1601,3.7422,15.0,80.0842,37.0284,8.11890617848972,0.615495214574844,0.7735888347569227,0.9772538915293345,1.4659136710716796,0.8450510192830568
40.177,13.0354,-2.4948,15.0,80.1825,31.6596,3.833135011441653,0.5837199559754985,-0.5261699515737737,0.9772538915293345,1.4678877492272422,0.3542690174122255
40.227,13.0977,1.2474,15.0,80.2776,34.8487,-4.526361556063918,0.599594844594097,0.25368532022464424,0.9772538915293345,1.469797564411311,0.6457965248936495
40.277,13.2849,3.7422,15.0,80.3633,37.3507,-3.6414782608696736,0.6472959545363381,0.7735888347569227,0.9772538915293345,1.471518607116618,0.87451366255585
40.327,13.2225,-1.2474,15.0,80.4522,33.1523,4.746562929061602,0.6313955845555911,-0.2662181943076343,0.9772538915293345,1.4733039127934187,0.49072228335481755
40.377,13.0977,-2.4948,15.0,80.5473,31.8207,1.9818123569795065,0.599594844594097,-0.5261699515737737,0.9772538915293345,1.4752137279774877,0.36899576836241726
40.427,13.2849,3.7422,15.0,80.6331,37.3507,-1.1703295194509322,0.6472959545363381,0.7735888347569227,0.9772538915293345,1.4769367789006538,0.87451366255585
40.477,13.1601,-2.4948,15.0,80.7251,31.9818,-5.5784347826088565,0.615495214574844,-0.5261699515737737,0.9772538915293345,1.4787843393310884,0.3837225193126094
40.527,13.0354,-2.4948,15.0,80.8233,31.6596,-0.6769153318076917,0.5837199559754985,-0.5261699515737737,0.9772538915293345,1.4807564092687917,0.3542690174122255
40.577,13.2225,3.7422,15.0,80.9122,37.1896,-2.426292906178321,0.6313955845555911,0.7735888347569227,0.9772538915293345,1.4825417149455922,0.8597869116056575
40.627,13.0977,-2.4948,15.0,81.0073,31.8207,-1.655588100686427,0.599594844594097,-0.5261699515737737,0.9772538915293345,1.484451530129661,0.36899576836241726
40.677,13.1601,1.2474,15.0,81.0993,35.0098,2.132691075514798,0.615495214574844,0.25368532022464424,0.9772538915293345,1.4862990905600957,0.6605232758438413
40.727,13.0977,-1.2474,15.0,81.1944,32.83,-1.4068421052632043,0.599594844594097,-0.2662181943076343,0.9772538915293345,1.4882089057441648,0.4612596400820251
40.777,13.5343,8.7318,15.0,81.2677,42.0326,2.503771167048112,0.7108464717350289,1.8133958638214798,0.9772538915293345,1.4896809294349351,1.3025035773522748
40.827,13.1601,-7.4844,15.0,81.3597,27.9445,4.754718535469018,0.615495214574844,-1.5659769806383308,0.9772538915293345,1.4915284898653698,0.014657891061769814
40.877,13.2849,2.4948,15.0,81.4454,36.3414,-5.668146453089162,0.6472959545363381,0.5136370774907836,0.9772538915293345,1.493249532570677,0.7822497908362418
40.927,13.2849,0.0,15.0,81.5312,34.3228,-2.2509473684209222,0.6472959545363381,-0.006266437041495043,0.9772538915293345,1.494972583493843,0.5977220473970263
40.977,13.1601,-2.4948,15.0,81.6232,31.9818,1.5128649885583538,0.615495214574844,-0.5261699515737737,0.9772538915293345,1.4968201439242776,0.3837225193126094
41.027,13.0977,-1.2474,15.0,81.7183,32.83,-2.989029748283843,0.599594844594097,-0.2662181943076343,0.9772538915293345,1.4987299591083467,0.4612596400820251
41.077,13.1601,1.2474,15.0,81.8103,35.0098,1.7697665903889315,0.615495214574844,0.25368532022464424,0.9772538915293345,1.5005775195387814,0.6605232758438413
41.127,13.2849,2.4948,15.0,81.8961,36.3414,-3.926924485125689,0.6472959545363381,0.5136370774907836,0.9772538915293345,1.5023005704619479,0.7822497908362418
41.177,13.2849,0.0,15.0,81.9818,34.3228,-2.026668192219679,0.6472959545363381,-0.006266437041495043,0.9772538915293345,1.504021613167255,0.5977220473970263
41.227,13.1601,-2.4948,15.0,82.0738,31.9818,-0.3670022883295532,0.615495214574844,-0.5261699515737737,0.9772538915293345,1.5058691735976897,0.3837225193126094
41.277,13.2225,1.2474,15.0,82.1627,35.1709,6.9200320366132795,0.6313955845555911,0.25368532022464424,0.9772538915293345,1.5076544792744901,0.6752500267940337
41.327,13.1601,-1.2474,15.0,82.2547,32.9911,2.161235697940541,0.615495214574844,-0.2662181943076343,0.9772538915293345,1.5095020397049248,0.4759863910322175
41.377,12.973,-3.7422,15.0,82.356,30.4891,-1.790155606407388,0.5678195859947519,-0.7861217088399128,0.9772538915293345,1.511536364396262,0.24726925337001704
41.427,13.2849,6.237,15.0,82.4418,39.3694,5.998448512585693,0.6472959545363381,1.2934923492892014,0.9772538915293345,1.5132594153194283,1.0590505473674736
41.477,13.1601,-2.4948,15.0,82.5338,31.9818,-2.6424164759724986,0.615495214574844,-0.5261699515737737,0.9772538915293345,1.5151069757498632,0.3837225193126094
41.527,13.2849,2.4948,15.0,82.6195,36.3414,-6.206416475972431,0.6472959545363381,0.5136370774907836,0.9772538915293345,1.5168280184551703,0.7822497908362418
41.577,13.0977,-3.7422,15.0,82.7146,30.8114,1.5781098398168392,0.599594844594097,-0.7861217088399128,0.9772538915293345,1.5187378336392392,0.2767318966428095
41.627,13.0977,0.0,15.0,82.8098,33.8393,5.37046681922187,0.599594844594097,-0.006266437041495043,0.9772538915293345,1.5206496570411672,0.5535235118016332
41.677,13.3472,4.9896,15.0,82.8924,38.5212,-3.690411899313209,0.6631708431549367,1.033540592023062,0.9772538915293345,1.5223084449928401,0.9815134265980581
41.727,13.1601,-3.7422,15.0,82.9844,30.9725,2.593482837528447,0.615495214574844,-0.7861217088399128,0.9772538915293345,1.5241560054232748,0.29145864759300166
41.777,13.3472,3.7422,15.0,83.067,37.5119,0.8808054919907728,0.6631708431549367,0.7735888347569227,0.9772538915293345,1.5258147933749477,0.8892495548784499
41.827,13.0977,-4.9896,15.0,83.1621,29.802,-4.815885583523813,0.599594844594097,-1.0460734661060522,0.9772538915293345,1.5277246085590166,0.1844588835507932
41.877,13.4096,6.237,15.0,83.2417,39.6917,-4.163437070938249,0.6790712131356833,1.2934923492892014,0.9772538915293345,1.5293231499749145,1.088513190640266
41.927,13.0977,-6.237,15.0,83.3368,28.7927,0.5872036613272865,0.599594844594097,-1.3060252233721914,0.9772538915293345,1.5312329651589833,0.09219501183118545
41.977,13.1601,1.2474,15.0,83.4288,35.0098,5.456100686498804,0.615495214574844,0.25368532022464424,0.9772538915293345,1.5330805255894182,0.6605232758438413
42.027,13.1601,0.0,15.0,83.5208,34.0005,5.786402745995219,0.615495214574844,-0.006266437041495043,0.9772538915293345,1.5349280860198529,0.5682594041242338
42.077,13.4096,4.9896,15.0,83.6003,38.6823,4.138970251716026,0.6790712131356833,1.033540592023062,0.9772538915293345,1.5365246192178916,0.9962401775482499
42.127,13.0354,-7.4844,15.0,83.6985,27.6222,-5.990292906178438,0.5837199559754985,-1.5659769806383308,0.9772538915293345,1.5384966891555947,-0.014804752211022993
42.177,13.1601,2.4948,15.0,83.7905,36.0191,-0.5260366132721289,0.615495214574844,0.5136370774907836,0.9772538915293345,1.5403442495860293,0.7527871475634493
42.227,13.472,6.237,15.0,83.8669,39.8528,-1.7249107551485987,0.6949715831164304,1.2934923492892014,0.9772538915293345,1.541878528030434,1.1032399415904586
42.277,12.973,-9.9792,15.0,83.9683,25.4425,-0.9542059496566591,0.5678195859947519,-2.0858804951706094,0.9772538915293345,1.5439148609396305,-0.21405924660043066
42.327,13.3472,7.4844,15.0,84.0509,40.5398,4.803652173912829,0.6631708431549367,1.5534441065553406,0.9772538915293345,1.5455736488913034,1.1660411700372735
42.377,13.3472,0.0,15.0,84.1335,34.4839,1.839089244851249,0.6631708431549367,-0.006266437041495043,0.9772538915293345,1.5472324368429762,0.6124487983472181
42.427,13.472,2.4948,15.0,84.2099,36.8248,-0.49749199084663187,0.6949715831164304,0.5136370774907836,0.9772538915293345,1.548766715287381,0.8264391850592268
42.477,13.5343,1.2474,15.0,84.2832,35.9766,-1.6800549199086072,0.7108464717350289,0.25368532022464424,0.9772538915293345,1.550238738978151,0.7489020642898105
42.527,13.472,-1.2474,15.0,84.3596,33.7968,0.9705171624713388,0.6949715831164304,-0.2662181943076343,0.9772538915293345,1.5517730174225555,0.5496384285279943
42.577,13.2849,-3.7422,15.0,84.4454,31.2948,0.14680091533197714,0.6472959545363381,-0.7861217088399128,0.9772538915293345,1.553496068345722,0.32092129086579413
42.627,13.0977,-3.7422,15.0,84.5405,30.8114,-5.945437070938054,0.599594844594097,-0.7861217088399128,0.9772538915293345,1.5554058835297906,0.2767318966428095
42.677,13.3472,4.9896,15.0,84.6231,38.5212,-1.4761647597255907,0.6631708431549367,1.033540592023062,0.9772538915293345,1.5570646714814635,0.9815134265980581
42.727,13.2849,-1.2474,15.0,84.7089,33.3134,9.77449427917609,0.6472959545363381,-0.2662181943076343,0.9772538915293345,1.5587877224046298,0.50544903430501
42.777,13.5967,6.237,15.0,84.7791,40.1751,-3.5762334096110324,0.726746841715776,1.2934923492892014,0.9772538915293345,1.560197491341766,1.132702584863251
42.827,13.5343,-1.2474,15.0,84.8523,33.958,-9.289235697940311,0.7108464717350289,-0.2662181943076343,0.9772538915293345,1.561667506814677,0.5643743208505949
42.877,13.3472,-3.7422,15.0,84.935,31.4559,7.829382151029651,0.6631708431549367,-0.7861217088399128,0.9772538915293345,1.563328302984209,0.3356480418159863
42.927,13.5343,3.7422,15.0,85.0083,37.9953,7.507235697940253,0.7108464717350289,0.7735888347569227,0.9772538915293345,1.5648003266749795,0.9334389491014349
42.977,13.472,-1.2474,15.0,85.0847,33.7968,-4.5385949656747115,0.6949715831164304,-0.2662181943076343,0.9772538915293345,1.5663346051193838,0.5496384285279943
43.027,13.4096,-1.2474,15.0,85.1642,33.6357,-3.2010755148739434,0.6790712131356833,-0.2662181943076343,0.9772538915293345,1.5679311383174224,0.5349116775778024
43.077,13.3472,-1.2474,15.0,85.2468,33.4746,-1.4190755148742396,0.6631708431549367,-0.2662181943076343,0.9772538915293345,1.5695899262690953,0.5201849266276106
43.127,13.5967,4.9896,15.0,85.317,39.1658,-5.973981693363963,0.726746841715776,1.033540592023062,0.9772538915293345,1.5709996952062315,1.040438713143643
43.177,13.7214,2.4948,15.0,85.3809,37.4694,-1.4598535469107798,0.758522100315121,0.5136370774907836,0.9772538915293345,1.57228294641824,0.8853644716048117
43.227,13.472,-4.9896,15.0,85.4573,30.7688,-0.8889610983980956,0.6949715831164304,-1.0460734661060522,0.9772538915293345,1.5738172248626445,0.27283767199676245
43.277,13.4096,-1.2474,15.0,85.5368,33.6357,-1.7412219679631535,0.6790712131356833,-0.2662181943076343,0.9772538915293345,1.575413758060683,0.5349116775778024
43.327,13.4096,0.0,15.0,85.6164,34.645,7.1361556064072635,0.6790712131356833,-0.006266437041495043,0.9772538915293345,1.577012299476581,0.6271755492974106
43.377,13.7838,7.4844,15.0,85.6772,41.6678,2.124535469107287,0.7744224702958681,1.5534441065553406,0.9772538915293345,1.5782332959349552,1.2691558508058436
43.427,13.1601,-12.474,15.0,85.7692,23.9072,-0.0570892448512772,0.615495214574844,-2.6057840097028877,0.9772538915293345,1.5800808563653899,-0.3544067371890701
43.477,13.2225,1.2474,15.0,85.858,35.1709,0.3710800915332611,0.6313955845555911,0.25368532022464424,0.9772538915293345,1.5818641538243314,0.6752500267940337
43.527,13.5343,6.237,15.0,85.9313,40.0139,-5.594745995423196,0.7108464717350289,1.2934923492892014,0.9772538915293345,1.5833361775151014,1.1179666925406504
43.577,13.5343,0.0,15.0,86.0046,34.9673,-1.7656887871853937,0.7108464717350289,-0.006266437041495043,0.9772538915293345,1.5848082012058717,0.6566381925702031
43.627,13.472,-1.2474,15.0,86.081,33.7968,5.158421052631497,0.6949715831164304,-0.2662181943076343,0.9772538915293345,1.5863424796502763,0.5496384285279943
43.677,13.472,0.0,15.0,86.1574,34.8062,6.707986270022963,0.6949715831164304,-0.006266437041495043,0.9772538915293345,1.5878767580946807,0.6419114416200106
43.727,13.4096,-1.2474,15.0,86.2369,33.6357,-0.6524485125857656,0.6790712131356833,-0.2662181943076343,0.9772538915293345,1.5894732912927196,0.5349116775778024
43.777,13.5343,2.4948,15.0,86.3102,36.986,0.42001372997690856,0.7108464717350289,0.5136370774907836,0.9772538915293345,1.5909453149834896,0.8411750773818268
43.827,13.7838,4.9896,15.0,86.371,39.6492,1.9491899313499639,0.7744224702958681,1.033540592023062,0.9772538915293345,1.5921663114418638,1.084628107366628
43.877,13.472,-6.237,15.0,86.4474,29.7595,3.3804988558354188,0.6949715831164304,-1.3060252233721914,0.9772538915293345,1.5937005898862686,0.18057380027715467
43.927,13.472,0.0,15.0,86.5238,34.8062,-4.408105263157857,0.6949715831164304,-0.006266437041495043,0.9772538915293345,1.595234868330673,0.6419114416200106
43.977,13.4096,-1.2474,15.0,86.6034,33.6357,-7.609180778032248,0.6790712131356833,-0.2662181943076343,0.9772538915293345,1.5968334097465706,0.5349116775778024
44.027,13.5343,2.4948,15.0,86.6766,36.986,3.6863340961098428,0.7108464717350289,0.5136370774907836,0.9772538915293345,1.5983034252194819,0.8411750773818268
44.077,13.7214,3.7422,15.0,86.7406,38.4787,-2.511926773455065,0.758522100315121,0.7735888347569227,0.9772538915293345,1.5995886846493497,0.9776283433244198
44.127,13.5967,-2.4948,15.0,86.8107,33.1098,-3.282631578947268,0.726746841715776,-0.5261699515737737,0.9772538915293345,1.6009964453686265,0.4868372000811793
44.177,13.5967,0.0,15.0,86.8809,35.1284,5.345999999999706,0.726746841715776,-0.006266437041495043,0.9772538915293345,1.6024062143057625,0.6713649435203949
44.227,13.6591,1.2474,15.0,86.9479,36.2989,0.4444805491989363,0.742647211696523,0.25368532022464424,0.9772538915293345,1.6037517202714053,0.7783647075626037
44.277,13.7838,2.4948,15.0,87.0088,37.6305,-3.975858123569676,0.7744224702958681,0.5136370774907836,0.9772538915293345,1.6049747249476385,0.9000912225550035
44.327,13.472,-6.237,15.0,87.0852,29.7595,4.681318077803274,0.6949715831164304,-1.3060252233721914,0.9772538915293345,1.606509003392043,0.18057380027715467
44.377,13.5343,1.2474,15.0,87.1584,35.9766,-9.444192219679252,0.7108464717350289,0.25368532022464424,0.9772538915293345,1.607979018864954,0.7489020642898105
44.427,13.5967,1.2474,15.0,87.2286,36.1378,-8.041427917620032,0.726746841715776,0.25368532022464424,0.9772538915293345,1.6093887878020903,0.7636379566124112
44.477,13.6591,1.2474,15.0,87.2956,36.2989,5.85164759725367,0.742647211696523,0.25368532022464424,0.9772538915293345,1.6107342937677327,0.7783647075626037
44.527,13.4096,-4.9896,15.0,87.3752,30.6077,4.081881006864793,0.6790712131356833,-1.0460734661060522,0.9772538915293345,1.6123328351836308,0.25811092104657063
44.577,13.472,1.2474,15.0,87.4516,35.8155,6.092237986269971,0.6949715831164304,0.25368532022464424,0.9772538915293345,1.6138671136280351,0.7341753133396187
44.627,13.7838,6.237,15.0,87.5124,40.6585,-2.5771716247137944,0.7744224702958681,1.2934923492892014,0.9772538915293345,1.6150881100864094,1.1768919790862353
44.677,13.7214,-1.2474,15.0,87.5763,34.4414,-3.33972082379857,0.758522100315121,-0.2662181943076343,0.9772538915293345,1.616371361298418,0.6085637150735799
44.727,13.3472,-7.4844,15.0,87.6589,28.4279,3.56399999999991,0.6631708431549367,-1.5659769806383308,0.9772538915293345,1.6180301492500908,0.05884728528475443
44.777,13.4096,1.2474,15.0,87.7385,35.6544,5.1624988558352065,0.6790712131356833,0.25368532022464424,0.9772538915293345,1.6196286906659887,0.7194485623894269
44.827,13.4096,0.0,15.0,87.818,34.645,-6.022915331807621,0.6790712131356833,-0.006266437041495043,0.9772538915293345,1.6212252238640275,0.6271755492974106
44.877,13.2849,-2.4948,15.0,87.9037,32.3041,-7.25441189931338,0.6472959545363381,-0.5261699515737737,0.9772538915293345,1.6229462665693346,0.4131851625854019
44.927,14.0333,14.9688,15.0,87.9521,48.3683,1.8146224256293209,0.8379984688567078,3.1131546501521763,0.9772538915293345,1.6239182440131719,1.881673509041484
44.977,13.7214,-6.237,15.0,88.016,30.4041,4.718018306636107,0.758522100315121,-1.3060252233721914,0.9772538915293345,1.6252014952251805,0.23949908682273996
45.027,13.6591,-1.2474,15.0,88.0831,34.2803,0.5219588100685187,0.742647211696523,-0.2662181943076343,0.9772538915293345,1.6265490094086823,0.5938369641233875
45.077,13.4096,-4.9896,15.0,88.1626,30.6077,-1.3946086956522867,0.6790712131356833,-1.0460734661060522,0.9772538915293345,1.6281455426067208,0.25811092104657063
45.127,13.4096,0.0,15.0,88.2421,34.645,3.250009153318255,0.6790712131356833,-0.006266437041495043,0.9772538915293345,1.6297420758047594,0.6271755492974106
45.177,13.5967,3.7422,15.0,88.3123,38.1564,7.866082379862691,0.726746841715776,0.7735888347569227,0.9772538915293345,1.6311518447418956,0.9481657000516267
45.227,13.5343,-1.2474,15.0,88.3855,33.958,-1.4476201372999644,0.7108464717350289,-0.2662181943076343,0.9772538915293345,1.6326218602148066,0.5643743208505949
45.277,13.4096,-2.4948,15.0,88.4651,32.6264,-3.2948649885584915,0.6790712131356833,-0.5261699515737737,0.9772538915293345,1.6342204016307047,0.4426478058581944
45.327,13.3472,-1.2474,15.0,88.5477,33.4746,-2.695427917620049,0.6631708431549367,-0.2662181943076343,0.9772538915293345,1.6358791895823777,0.5201849266276106
45.377,13.6591,6.237,15.0,88.6147,40.3362,-8.681643020594784,0.742647211696523,1.2934923492892014,0.9772538915293345,1.63722469554802,1.1474293358134429
45.427,13.6591,0.0,15.0,88.6818,35.2896,13.860453089244755,0.742647211696523,-0.006266437041495043,0.9772538915293345,1.6385722097315218,0.6861008358429955
45.477,13.7838,2.4948,15.0,88.7426,37.6305,6.573418764302281,0.7744224702958681,0.5136370774907836,0.9772538915293345,1.639793206189896,0.9000912225550035
45.527,13.6591,-2.4948,15.0,88.8096,33.2709,-0.9501281464531697,0.742647211696523,-0.5261699515737737,0.9772538915293345,1.641138712155539,0.5015639510313712
45.577,13.7214,1.2474,15.0,88.8736,36.4601,0.8033272311210837,0.758522100315121,0.25368532022464424,0.9772538915293345,1.6424239715854065,0.7931005998852036
45.627,13.5967,-2.4948,15.0,88.9437,33.1098,-7.217711670480448,0.726746841715776,-0.5261699515737737,0.9772538915293345,1.6438317323046836,0.4868372000811793
45.677,13.9709,7.4844,15.0,88.9952,42.1512,5.419400457665811,0.8220980988759607,1.5534441065553406,0.9772538915293345,1.644865964502155,1.3133452450288283
45.727,13.5967,-7.4844,15.0,89.0654,29.0725,2.940096109839807,0.726746841715776,-1.5659769806383308,0.9772538915293345,1.646275733439291,0.11777257183033972
45.777,13.8462,4.9896,15.0,89.1231,39.8103,-1.4802425629291605,0.7903228402766153,1.033540592023062,0.9772538915293345,1.647434475144031,1.0993548583168198
45.827,13.472,-7.4844,15.0,89.1995,28.7502,-4.359171624714009,0.6949715831164304,-1.5659769806383308,0.9772538915293345,1.6489687535884356,0.08830992855754691
45.877,13.9709,9.9792,15.0,89.2509,44.1699,-1.1866407322652917,0.8220980988759607,2.073347621087619,0.9772538915293345,1.6500009775680482,1.497882129840452
45.927,13.9086,-1.2474,15.0,89.3055,34.9248,6.177871853546877,0.8062232102573623,-0.2662181943076343,0.9772538915293345,1.6510974645191538,0.6527531092965642
45.977,13.7214,-3.7422,15.0,89.3694,32.4228,4.7424851258580425,0.758522100315121,-0.7861217088399128,0.9772538915293345,1.6523807157311623,0.42403597163436435
46.027,14.2204,9.9792,15.0,89.4084,44.8144,-0.6442929061784375,0.8856740974368,2.073347621087619,0.9772538915293345,1.6531639206962379,1.5567982750136289
46.077,13.8462,-7.4844,15.0,89.4661,29.7171,-0.6850709382151088,0.7903228402766153,-1.5659769806383308,0.9772538915293345,1.654322662400978,0.1766978583759247
46.127,14.0957,4.9896,15.0,89.5113,40.4548,-1.276352402746015,0.8538988388374549,1.033540592023062,0.9772538915293345,1.655230376873322,1.1582710034899966
46.177,14.2204,2.4948,15.0,89.5503,38.7585,2.242791762013827,0.8856740974368,0.5136370774907836,0.9772538915293345,1.6560135818383974,1.0032059033235734
46.227,14.0333,-3.7422,15.0,89.5986,33.2285,6.300205949656489,0.8379984688567078,-0.7861217088399128,0.9772538915293345,1.6569835510643758,0.49768800913014116
46.277,14.2828,4.9896,15.0,89.6345,40.9383,-0.42409153318091475,0.9015744674175471,1.033540592023062,0.9772538915293345,1.6577045012758171,1.2024695390853897
46.327,14.0333,-4.9896,15.0,89.6828,32.2191,-5.553967963386728,0.8379984688567078,-1.0460734661060522,0.9772538915293345,1.6586744705017953,0.40541499603812486
46.377,14.3451,6.237,15.0,89.7155,42.1088,-1.4924759725400594,0.9174493560361456,1.2934923492892014,0.9772538915293345,1.6593311577417436,1.3094693031275983
46.427,14.3451,0.0,15.0,89.7483,37.0621,2.6220274599543436,0.9174493560361456,-0.006266437041495043,0.9772538915293345,1.6599898531995505,0.8481316617847422
46.477,14.3451,0.0,15.0,89.781,37.0621,-4.88928604119008,0.9174493560361456,-0.006266437041495043,0.9772538915293345,1.6606465404394986,0.8481316617847422
46.527,14.2828,-1.2474,15.0,89.8169,35.8917,-6.7324530892444905,0.9015744674175471,-0.2662181943076343,0.9772538915293345,1.66136749065094,0.7411410391149423
46.577,14.5323,4.9896,15.0,89.8403,41.5828,-7.282956521738822,0.9651504659783864,1.033540592023062,0.9772538915293345,1.6618374136299852,1.2613856842585665
46.627,14.4075,-2.4948,15.0,89.8699,35.2046,0.13048970251694408,0.9333497260168927,-0.5261699515737737,0.9772538915293345,1.662431846116299,0.6783306692957185
46.677,14.657,4.9896,15.0,89.8871,41.9051,1.7289885583525255,0.9969257245777319,1.033540592023062,0.9772538915293345,1.662777259588076,1.290848327531359
46.727,14.657,0.0,15.0,89.9042,37.8678,-2.5160045766590553,0.9969257245777319,-0.006266437041495043,0.9772538915293345,1.6631206648419938,0.9217836992805196
46.777,14.3451,-6.237,15.0,89.937,32.0155,6.137093821509981,0.9174493560361456,-1.3060252233721914,0.9772538915293345,1.6637793602998008,0.3868031618142948
46.827,14.4699,2.4948,15.0,89.9635,39.403,-2.0633684210526972,0.9492500959976398,0.5136370774907836,0.9772538915293345,1.6643115380324804,1.0621220484967502
46.877,14.3451,-2.4948,15.0,89.9962,35.0435,-10.320919908466486,0.9174493560361456,-0.5261699515737737,0.9772538915293345,1.6649682252724285,0.6636039183455267
46.927,14.3451,0.0,15.0,90.0289,37.0621,-0.5464256292904218,0.9174493560361456,-0.006266437041495043,0.9772538915293345,1.6656249125123763,0.8481316617847422
46.977,14.2828,-1.2474,15.0,90.0648,35.8917,-0.43224713958810945,0.9015744674175471,-0.2662181943076343,0.9772538915293345,1.666345862723818,0.7411410391149423
47.027,14.0333,-4.9896,15.0,90.1131,32.2191,0.7176933638442642,0.8379984688567078,-1.0460734661060522,0.9772538915293345,1.667315831949796,0.40541499603812486
47.077,14.657,12.474,15.0,90.1303,47.9611,4.428494279176115,0.9969257245777319,2.593251135619898,0.9772538915293345,1.6676612454215731,1.8444498405938232
47.127,14.5323,-2.4948,15.0,90.1537,35.5269,2.6464942791761747,0.9651504659783864,-0.5261699515737737,0.9772538915293345,1.6681311684006184,0.707793312568511
47.177,14.4075,-2.4948,15.0,90.1833,35.2046,2.1530800915332087,0.9333497260168927,-0.5261699515737737,0.9772538915293345,1.6687256008869322,0.6783306692957185
47.227,14.657,4.9896,15.0,90.2005,41.9051,0.9745949656753076,0.9969257245777319,1.033540592023062,0.9772538915293345,1.669071014358709,1.290848327531359
47.277,14.4699,-3.7422,15.0,90.227,34.3564,0.5627368421050879,0.9492500959976398,-0.7861217088399128,0.9772538915293345,1.6696031920913885,0.6007935485263028
47.327,14.0957,-7.4844,15.0,90.2722,30.3616,1.6841327231119254,0.8538988388374549,-1.5659769806383308,0.9772538915293345,1.6705109065637325,0.23561400354910145
47.377,14.2204,2.4948,15.0,90.3112,38.7585,-8.926311212814266,0.8856740974368,0.5136370774907836,0.9772538915293345,1.6712941115288082,1.0032059033235734
47.427,14.5323,6.237,15.0,90.3345,42.5922,-3.8779908466818482,0.9651504659783864,1.2934923492892014,0.9772538915293345,1.6717620262899944,1.3536586973505826
47.477,14.4699,-1.2474,15.0,90.361,36.3751,8.27794050343206,0.9492500959976398,-0.2662181943076343,0.9772538915293345,1.672294204022674,0.7853304333379272
47.527,14.5946,2.4948,15.0,90.3813,39.7253,-8.21269565217395,0.9810253545969848,0.5136370774907836,0.9772538915293345,1.6727018722480849,1.0915846917695426
47.577,14.3451,-4.9896,15.0,90.4141,33.0248,-5.415322654461834,0.9174493560361456,-1.0460734661060522,0.9772538915293345,1.6733605677058923,0.4790670335339023
47.627,14.4075,1.2474,15.0,90.4437,38.2326,11.462704805491938,0.9333497260168927,0.25368532022464424,0.9772538915293345,1.673955000192206,0.9551314258269503
47.677,14.2204,-3.7422,15.0,90.4827,33.7119,-1.0112951945081006,0.8856740974368,-0.7861217088399128,0.9772538915293345,1.6747382051572814,0.5418774033531261
47.727,14.3451,2.4948,15.0,90.5154,39.0808,3.763812356979398,0.9174493560361456,0.5136370774907836,0.9772538915293345,1.6753948923972295,1.0326685465963665
47.777,14.5323,3.7422,15.0,90.5388,40.5735,6.838475972539886,0.9651504659783864,0.7735888347569227,0.9772538915293345,1.6758648153762747,1.169121812538959
47.827,14.158,-7.4844,15.0,90.5809,30.5228,-10.867345537757428,0.869773727456053,-1.5659769806383308,0.9772538915293345,1.6767102750949847,0.2503498958717021
47.877,14.158,0.0,15.0,90.623,36.5787,-5.713002288329611,0.869773727456053,-0.006266437041495043,0.9772538915293345,1.6775557348136947,0.8039422675617572
47.927,14.7194,11.2266,15.0,90.637,47.1129,-0.3914691075512361,1.012826094558479,2.3332993783537583,0.9772538915293345,1.677836885313978,1.7669127198244077
47.977,14.4075,-6.237,15.0,90.6666,32.1766,0.7992494279177947,0.9333497260168927,-1.3060252233721914,0.9772538915293345,1.6784313178002919,0.40152991276448663
48.027,14.0333,-7.4844,15.0,90.715,30.2005,3.5354553775743485,0.8379984688567078,-1.5659769806383308,0.9772538915293345,1.6794032952441293,0.22088725259890962
48.077,14.3451,6.237,15.0,90.7477,42.1088,-5.70892448512563,0.9174493560361456,1.2934923492892014,0.9772538915293345,1.6800599824840772,1.3094693031275983
48.127,14.5946,4.9896,15.0,90.768,41.744,0.6157482837527636,0.9810253545969848,1.033540592023062,0.9772538915293345,1.6804676507094884,1.276121576581167
48.177,14.158,-8.7318,15.0,90.8101,29.5134,6.997510297482471,0.869773727456053,-1.82592873790447,0.9772538915293345,1.6813131104281982,0.15807688277968582
48.227,14.5323,7.4844,15.0,90.8335,43.6015,-0.9582837528604538,0.9651504659783864,1.5534441065553406,0.9772538915293345,1.6817830334072434,1.445922569070191
48.277,14.0957,-8.7318,15.0,90.8787,29.3523,-1.2559633867273572,0.8538988388374549,-1.82592873790447,0.9772538915293345,1.6826907478795874,0.14335013182949366
48.327,14.158,1.2474,15.0,90.9208,37.588,0.14680091533173234,0.869773727456053,0.25368532022464424,0.9772538915293345,1.6835362075982974,0.8962061392813654
48.377,14.158,0.0,15.0,90.9629,36.5787,1.2885858123566067,0.869773727456053,-0.006266437041495043,0.9772538915293345,1.6843816673170071,0.8039422675617572
48.427,13.9709,-3.7422,15.0,91.0144,33.0673,9.652160183066385,0.8220980988759607,-0.7861217088399128,0.9772538915293345,1.6854158995144786,0.48295211680754113
48.477,14.3451,7.4844,15.0,91.0471,43.1181,6.222727688787224,0.9174493560361456,1.5534441065553406,0.9772538915293345,1.6860725867544266,1.401733174847206
48.527,14.158,-3.7422,15.0,91.0892,33.5507,-14.810581235697805,0.869773727456053,-0.7861217088399128,0.9772538915293345,1.6869180464731366,0.5271415110305254
48.577,14.2828,2.4948,15.0,91.1251,38.9196,-7.9109382151027114,0.9015744674175471,0.5136370774907836,0.9772538915293345,1.687638996684578,1.017932654273766
48.627,14.657,7.4844,15.0,91.1422,43.9238,10.422864988558446,0.9969257245777319,1.5534441065553406,0.9772538915293345,1.6879824019384957,1.4753852123429834
48.677,14.3451,-6.237,15.0,91.175,32.0155,8.045505720823444,0.9174493560361456,-1.3060252233721914,0.9772538915293345,1.6886410973963026,0.3868031618142948
48.727,14.158,-3.7422,15.0,91.2171,33.5507,3.4905995423339866,0.869773727456053,-0.7861217088399128,0.9772538915293345,1.6894865571150126,0.5271415110305254
48.777,14.2828,2.4948,15.0,91.2529,38.9196,1.386453089244809,0.9015744674175471,0.5136370774907836,0.9772538915293345,1.6902054991085946,1.017932654273766
48.827,14.657,7.4844,15.0,91.2701,43.9238,-1.7330663615563158,0.9969257245777319,1.5534441065553406,0.9772538915293345,1.6905509125803717,1.4753852123429834
48.877,14.3451,-6.237,15.0,91.3028,32.0155,-3.2989427917619154,0.9174493560361456,-1.3060252233721914,0.9772538915293345,1.6912075998203198,0.3868031618142948
48.927,14.2204,-2.4948,15.0,91.3418,34.7212,-9.546137299771038,0.8856740974368,-0.5261699515737737,0.9772538915293345,1.6919908047853953,0.6341412750727342
48.977,14.158,-1.2474,15.0,91.3839,35.5694,-3.816823798626814,0.869773727456053,-0.2662181943076343,0.9772538915293345,1.692836264504105,0.7116783958421498
49.027,14.0957,-1.2474,15.0,91.4291,35.4082,5.089098398169194,0.8538988388374549,-0.2662181943076343,0.9772538915293345,1.6937439789764492,0.6969425035195491
49.077,14.5323,8.7318,15.0,91.4525,44.6108,-4.4937391304347285,0.9651504659783864,1.8133958638214798,0.9772538915293345,1.6942139019554945,1.5381864407897983
49.127,14.657,2.4948,15.0,91.4696,39.8865,4.815885583524199,0.9969257245777319,0.5136370774907836,0.9772538915293345,1.6945573072094122,1.1063205840921433
49.177,14.7194,1.2474,15.0,91.4837,39.0383,3.4335102974828144,1.012826094558479,0.25368532022464424,0.9772538915293345,1.6948404659275549,1.0287834633227277
49.227,14.2828,-8.7318,15.0,91.5195,29.8357,-9.978384439359228,0.9015744674175471,-1.82592873790447,0.9772538915293345,1.695559407921137,0.18753952605247828
49.277,14.5946,6.237,15.0,91.5398,42.7533,0.7829382151028164,0.9810253545969848,1.2934923492892014,0.9772538915293345,1.6959670761465482,1.3683854483007751
49.327,14.2204,-7.4844,15.0,91.5788,30.6839,9.69293821510294,0.8856740974368,-1.5659769806383308,0.9772538915293345,1.696750281111624,0.26507664682189425
49.377,14.2204,0.0,15.0,91.6178,36.7398,1.0235286041190568,0.8856740974368,-0.006266437041495043,0.9772538915293345,1.6975334860766995,0.8186690185119497
49.427,14.2204,0.0,15.0,91.6567,36.7398,-7.923171624713969,0.8856740974368,-0.006266437041495043,0.9772538915293345,1.698314682823916,0.8186690185119497
49.477,14.4075,3.7422,15.0,91.6864,40.2512,-5.292988558352422,0.9333497260168927,0.7735888347569227,0.9772538915293345,1.698911123528089,1.139659169266166
49.527,14.4699,1.2474,15.0,91.7129,38.3937,-7.666270022883214,0.9492500959976398,0.25368532022464424,0.9772538915293345,1.6994433012607684,0.9698581767771428
49.577,14.0957,-7.4844,15.0,91.7581,30.3616,0.742160183066527,0.8538988388374549,-1.5659769806383308,0.9772538915293345,1.7003510157331123,0.23561400354910145
49.627,14.5323,8.7318,15.0,91.7815,44.6108,11.642128146453087,0.9651504659783864,1.8133958638214798,0.9772538915293345,1.7008209387121576,1.5381864407897983
49.677,14.2204,-6.237,15.0,91.8204,31.6932,8.47775286041186,0.8856740974368,-1.3060252233721914,0.9772538915293345,1.7016021354593742,0.357340518541502
49.727,14.4699,4.9896,15.0,91.847,41.4217,-0.46894736842118573,0.9492500959976398,1.033540592023062,0.9772538915293345,1.7021363214099128,1.2466589333083746
49.777,14.4699,0.0,15.0,91.8735,37.3844,1.1580961098397495,0.9492500959976398,-0.006266437041495043,0.9772538915293345,1.7026684991425927,0.8775943050575347
49.827,14.2828,-3.7422,15.0,91.9093,33.873,-1.7085995423340041,0.9015744674175471,-0.7861217088399128,0.9772538915293345,1.7033874411361747,0.5566041543033179
49.877,14.2204,-1.2474,15.0,91.9483,35.7305,-8.653098398169243,0.8856740974368,-0.2662181943076343,0.9772538915293345,1.7041706461012502,0.7264051467923416
49.927,14.2828,1.2474,15.0,91.9842,37.9103,0.31806864988555655,0.9015744674175471,0.25368532022464424,0.9772538915293345,1.7048915963126916,0.9256687825541579
49.977,14.2828,0.0,15.0,92.02,36.901,6.687597254004447,0.9015744674175471,-0.006266437041495043,0.9772538915293345,1.7056105383062736,0.8334049108345504
50.027,14.2828,0.0,15.0,92.0559,36.901,12.673812356979107,0.9015744674175471,-0.006266437041495043,0.9772538915293345,1.706331488517715,0.8334049108345504
50.077,14.4699,3.7422,15.0,92.0824,40.4124,-3.001263157894872,0.9492500959976398,0.7735888347569227,0.9772538915293345,1.7068636662503949,1.1543950615887666
50.127,14.5323,1.2474,15.0,92.1058,38.5549,-6.3369061784894365,0.9651504659783864,0.25368532022464424,0.9772538915293345,1.7073335892294401,0.9845940690997435
50.177,14.4075,-2.4948,15.0,92.1354,35.2046,0.7217711670481111,0.9333497260168927,-0.5261699515737737,0.9772538915293345,1.707928021715754,0.6783306692957185
50.227,14.4699,1.2474,15.0,92.1619,38.3937,-2.5363935926772965,0.9492500959976398,0.25368532022464424,0.9772538915293345,1.7084601994484334,0.9698581767771428
50.277,14.3451,-2.4948,15.0,92.1946,35.0435,6.455162471395819,0.9174493560361456,-0.5261699515737737,0.9772538915293345,1.7091168866883812,0.6636039183455267
50.327,14.4075,1.2474,15.0,92.2243,38.2326,-0.5219588100687794,0.9333497260168927,0.25368532022464424,0.9772538915293345,1.7097133273925544,0.9551314258269503
50.377,14.5323,2.4948,15.0,92.2477,39.5642,-11.063080091532989,0.9651504659783864,0.5136370774907836,0.9772538915293345,1.7101832503715997,1.0768579408193508
50.427,14.7817,4.9896,15.0,92.2586,42.2274,-4.5100503432493495,1.0287009831770775,1.033540592023062,0.9772538915293345,1.710402146118249,1.320310970804152
50.477,14.657,-2.4948,15.0,92.2757,35.8492,-3.037963386727626,0.9969257245777319,-0.5261699515737737,0.9772538915293345,1.7107455513721668,0.7372559558413041
50.527,14.657,0.0,15.0,92.2929,37.8678,-5.480567505720698,0.9969257245777319,-0.006266437041495043,0.9772538915293345,1.7110909648439439,0.9217836992805196
50.577,14.0957,-11.2266,15.0,92.3381,27.3336,1.4557757437071177,0.8538988388374549,-2.3458322524367485,0.9772538915293345,1.7119986793162876,-0.0411867529821304
50.627,14.4075,6.237,15.0,92.3677,42.2699,7.617336384439226,0.9333497260168927,1.2934923492892014,0.9772538915293345,1.7125931118026014,1.3241960540777902
50.677,14.4075,0.0,15.0,92.3973,37.2233,4.942297482837257,0.9333497260168927,-0.006266437041495043,0.9772538915293345,1.7131875442889153,0.8628675541073428
50.727,14.4075,0.0,15.0,92.427,37.2233,-8.922233409610687,0.9333497260168927,-0.006266437041495043,0.9772538915293345,1.7137839849930883,0.8628675541073428
50.777,14.4699,1.2474,15.0,92.4535,38.3937,-2.744361556064033,0.9492500959976398,0.25368532022464424,0.9772538915293345,1.714316162725768,0.9698581767771428
50.827,14.158,-6.237,15.0,92.4956,31.5321,6.7487643020590955,0.869773727456053,-1.3060252233721914,0.9772538915293345,1.7151616224444775,0.3426137675913099
50.877,14.158,0.0,15.0,92.5377,36.5787,-3.9391578947365895,0.869773727456053,-0.006266437041495043,0.9772538915293345,1.7160070821631874,0.8039422675617572
50.927,14.4075,4.9896,15.0,92.5673,41.2605,-0.6850709382147082,0.9333497260168927,1.033540592023062,0.9772538915293345,1.7166015146495013,1.231923040985774
50.977,14.2204,-3.7422,15.0,92.6063,33.7119,7.755981693363796,0.8856740974368,-0.7861217088399128,0.9772538915293345,1.7173847196145768,0.5418774033531261
51.027,14.4699,4.9896,15.0,92.6328,41.4217,7.923171624713717,0.9492500959976398,1.033540592023062,0.9772538915293345,1.7179168973472563,1.2466589333083746
51.077,14.4699,0.0,15.0,92.6593,37.3844,-5.990292906178594,0.9492500959976398,-0.006266437041495043,0.9772538915293345,1.718449075079936,0.8775943050575347
51.127,14.5323,1.2474,15.0,92.6827,38.5549,-6.924109839816858,0.9651504659783864,0.25368532022464424,0.9772538915293345,1.7189189980589812,0.9845940690997435
51.177,14.2204,-6.237,15.0,92.7216,31.6932,8.538919908466712,0.8856740974368,-1.3060252233721914,0.9772538915293345,1.7197001948061976,0.357340518541502
51.227,14.0333,-3.7422,15.0,92.77,33.2285,-1.4190755148740346,0.8379984688567078,-0.7861217088399128,0.9772538915293345,1.7206721722500349,0.49768800913014116
51.277,14.657,12.474,15.0,92.7871,47.9611,-1.7983112128144354,0.9969257245777319,2.593251135619898,0.9772538915293345,1.7210155775039526,1.8444498405938232
51.327,14.158,-9.9792,15.0,92.8292,28.5041,2.7280503432491923,0.869773727456053,-2.0858804951706094,0.9772538915293345,1.7218610372226626,0.06581301106007804
51.377,13.9709,-3.7422,15.0,92.8807,33.0673,-0.9827505720826174,0.8220980988759607,-0.7861217088399128,0.9772538915293345,1.7228952694201343,0.48295211680754113
51.427,14.4075,8.7318,15.0,92.9103,44.2885,1.4802425629291387,0.9333497260168927,1.8133958638214798,0.9772538915293345,1.7234897019064481,1.5087237975170058
51.477,14.5323,2.4948,15.0,92.9337,39.5642,-1.353830663615464,0.9651504659783864,0.5136370774907836,0.9772538915293345,1.7239596248854934,1.0768579408193508
51.527,14.4075,-2.4948,15.0,92.9633,35.2046,3.5599221967962493,0.9333497260168927,-0.5261699515737737,0.9772538915293345,1.7245540573718072,0.6783306692957185
51.577,14.2204,-3.7422,15.0,93.0023,33.7119,4.2531487414188405,0.8856740974368,-0.7861217088399128,0.9772538915293345,1.7253372623368828,0.5418774033531261
51.627,14.4075,3.7422,15.0,93.0319,40.2512,2.279491990846745,0.9333497260168927,0.7735888347569227,0.9772538915293345,1.7259316948231964,1.139659169266166
51.677,14.4699,1.2474,15.0,93.0584,38.3937,5.5254233409607405,0.9492500959976398,0.25368532022464424,0.9772538915293345,1.726463872555876,0.9698581767771428
51.727,14.158,-6.237,15.0,93.1005,31.5321,-9.998773455377625,0.869773727456053,-1.3060252233721914,0.9772538915293345,1.7273093322745858,0.3426137675913099
51.777,14.657,9.9792,15.0,93.1177,45.9424,-7.59286956521678,0.9969257245777319,2.073347621087619,0.9772538915293345,1.7276547457463627,1.6599129557821988
51.827,14.5946,-1.2474,15.0,93.1379,36.6973,5.782324942791675,0.9810253545969848,-0.2662181943076343,0.9772538915293345,1.7280604057539148,0.8147839352383108
51.877,14.4699,-2.4948,15.0,93.1645,35.3657,-6.6549748283756065,0.9492500959976398,-0.5261699515737737,0.9772538915293345,1.7285945917044536,0.6930574202459103
51.927,14.3451,-2.4948,15.0,93.1972,35.0435,-4.477427917619878,0.9174493560361456,-0.5261699515737737,0.9772538915293345,1.7292512789444014,0.6636039183455267
51.977,14.5323,3.7422,15.0,93.2206,40.5735,6.5204073226546395,0.9651504659783864,0.7735888347569227,0.9772538915293345,1.729721201923447,1.169121812538959
52.027,14.5323,0.0,15.0,93.244,37.5455,5.998448512585652,0.9651504659783864,-0.006266437041495043,0.9772538915293345,1.7301911249024922,0.8923210560077265
52.077,14.4075,-2.4948,15.0,93.2736,35.2046,-4.073725400457695,0.9333497260168927,-0.5261699515737737,0.9772538915293345,1.730785557388806,0.6783306692957185
52.127,14.5946,3.7422,15.0,93.2939,40.7347,1.622965675057142,0.9810253545969848,0.7735888347569227,0.9772538915293345,1.7311932256142168,1.183857704861559
52.177,14.5323,-1.2474,15.0,93.3172,36.5362,14.370178489702118,0.9651504659783864,-0.2662181943076343,0.9772538915293345,1.7316611403754032,0.800057184288119
52.227,14.0333,-9.9792,15.0,93.3656,28.1818,-3.8861464530893133,0.8379984688567078,-2.0858804951706094,0.9772538915293345,1.7326331178192407,0.03635036778728523
52.277,14.4699,8.7318,15.0,93.3921,44.4497,-2.1653135011439795,0.9492500959976398,1.8133958638214798,0.9772538915293345,1.7331652955519201,1.5234596898396064
52.327,14.9065,8.7318,15.0,93.3968,45.5777,3.36826544622452,1.0605017231385712,1.8133958638214798,0.9772538915293345,1.733259681791301,1.6265743706081763
52.377,14.4075,-9.9792,15.0,93.4264,29.1486,1.3334416475971556,0.9333497260168927,-2.0858804951706094,0.9772538915293345,1.733854114277615,0.12472915623325447
52.427,14.657,4.9896,15.0,93.4435,41.9051,1.7575331807777728,0.9969257245777319,1.033540592023062,0.9772538915293345,1.7341975195315327,1.290848327531359
52.477,14.8441,3.7422,15.0,93.4513,41.3792,-1.2641189931349572,1.0446013531578242,0.7735888347569227,0.9772538915293345,1.7343541605245478,1.2427738500347358
52.527,14.9688,2.4948,15.0,93.4529,40.6922,5.415322654462133,1.0763766117571696,0.5136370774907836,0.9772538915293345,1.7343862920102944,1.1799726215879207
52.577,14.7817,-3.7422,15.0,93.4638,35.1621,-6.9322654462241085,1.0287009831770775,-0.7861217088399128,0.9772538915293345,1.734605187756944,0.6744455860220803
52.627,15.2183,8.7318,15.0,93.4529,46.3833,-8.498141876429846,1.1399526103180089,1.8133958638214798,0.9772538915293345,1.7343862920102944,1.700217266731545
52.677,14.9065,-6.237,15.0,93.4576,33.4658,6.243116704805312,1.0605017231385712,-1.3060252233721914,0.9772538915293345,1.7344806782496753,0.5193804858556572
52.727,14.5946,-6.237,15.0,93.4778,32.66,-6.210494279176523,0.9810253545969848,-1.3060252233721914,0.9772538915293345,1.7348863382572273,0.4457193069874709
52.777,14.8441,4.9896,15.0,93.4856,42.3885,-11.336292906178334,1.0446013531578242,1.033540592023062,0.9772538915293345,1.7350429792502426,1.3350377217543439
52.827,14.8441,0.0,15.0,93.4934,38.3512,8.681643020595127,1.0446013531578242,-0.006266437041495043,0.9772538915293345,1.7351996202432574,0.9659730935035039
52.877,15.2183,7.4844,15.0,93.4825,45.374,-7.454224256292692,1.1399526103180089,1.5534441065553406,0.9772538915293345,1.7349807244966082,1.6079533950119376
52.927,14.8441,-7.4844,15.0,93.4903,32.2953,-13.835986270022568,1.0446013531578242,-1.5659769806383308,0.9772538915293345,1.7351373654896234,0.4123807218134484
52.977,14.9065,1.2474,15.0,93.495,39.5217,14.647469107551167,1.0605017231385712,0.25368532022464424,0.9772538915293345,1.7352317517290043,1.0729728575457127
53.027,14.9065,0.0,15.0,93.4997,38.5124,13.709574370709076,1.0605017231385712,-0.006266437041495043,0.9772538915293345,1.7353261379683853,0.9807089858261046
53.077,14.5946,-6.237,15.0,93.5199,32.66,2.165313501144049,0.9810253545969848,-1.3060252233721914,0.9772538915293345,1.7357317979759372,0.4457193069874709
53.127,15.0936,9.9792,15.0,93.5152,47.0704,4.008480549199161,1.108177351718664,2.073347621087619,0.9772538915293345,1.735637411736556,1.7630276365507687
53.177,15.2183,2.4948,15.0,93.5043,41.3367,-1.9655011441644465,1.1399526103180089,0.5136370774907836,0.9772538915293345,1.735418515989907,1.2388887667610975
53.227,14.8441,-7.4844,15.0,93.5121,32.2953,-5.753780320366319,1.0446013531578242,-1.5659769806383308,0.9772538915293345,1.735575156982922,0.4123807218134484
53.277,14.8441,0.0,15.0,93.5199,38.3512,6.475551487413798,1.0446013531578242,-0.006266437041495043,0.9772538915293345,1.7357317979759372,0.9659730935035039
53.327,15.0936,4.9896,15.0,93.5152,43.0331,2.2468695652174064,1.108177351718664,1.033540592023062,0.9772538915293345,1.735637411736556,1.3939630082999288
53.377,14.8441,-4.9896,15.0,93.523,34.3139,1.4190755148743683,1.0446013531578242,-1.0460734661060522,0.9772538915293345,1.7357940527295712,0.596908465252664
53.427,15.5302,13.7214,15.0,93.4965,51.2263,0.2854462242563227,1.2194289788595958,2.8532028928860367,0.9772538915293345,1.7352618749968918,2.1429339324781624
53.477,15.7173,3.7422,15.0,93.4607,43.6351,-7.062755148741391,1.267104607439688,0.7735888347569227,0.9772538915293345,1.7345429330033095,1.4489940701994672
53.527,15.2183,-9.9792,15.0,93.4497,31.2435,-7.087221967963084,1.1399526103180089,-2.0858804951706094,0.9772538915293345,1.7343220290388013,0.3162317668202025
53.577,15.2807,1.2474,15.0,93.4357,40.4885,-0.7340045766593573,1.155852980298756,0.25368532022464424,0.9772538915293345,1.7340408785385175,1.161351645991682
53.627,15.0936,-3.7422,15.0,93.431,35.9678,5.839414187642739,1.108177351718664,-0.7861217088399128,0.9772538915293345,1.7339464922991366,0.748097623517857
53.677,15.3431,4.9896,15.0,93.4139,43.6777,1.635199084668525,1.171753350279503,1.033540592023062,0.9772538915293345,1.7336030870452188,1.4528882948455144
53.727,15.6549,6.237,15.0,93.3811,45.4927,-6.9363432494278685,1.251204237458941,1.2934923492892014,0.9772538915293345,1.7329443915874119,1.6188042040608992
53.777,15.4054,-4.9896,15.0,93.3609,35.7642,-11.886796338672712,1.1876282388981017,-1.0460734661060522,0.9772538915293345,1.7325387315798597,0.7294857892940271
53.827,15.0936,-6.237,15.0,93.3562,33.9492,2.536393592677249,1.108177351718664,-1.3060252233721914,0.9772538915293345,1.7324443453404788,0.5635698800786415
53.877,15.2807,3.7422,15.0,93.3421,42.5072,-0.01631121281485237,1.155852980298756,0.7735888347569227,0.9772538915293345,1.732161186622336,1.3458885308033057
53.927,15.2807,0.0,15.0,93.3281,39.4792,-1.3089748283750553,1.155852980298756,-0.006266437041495043,0.9772538915293345,1.7318800361220528,1.069087774272074
53.977,15.2807,0.0,15.0,93.3141,39.4792,16.96366132723112,1.155852980298756,-0.006266437041495043,0.9772538915293345,1.731598885621769,1.069087774272074
54.027,15.4054,2.4948,15.0,93.2938,41.8201,-4.526361556064041,1.1876282388981017,0.5136370774907836,0.9772538915293345,1.731191217396358,1.2830781609840818
54.077,15.842,8.7318,15.0,93.2517,47.9947,-11.956118993134863,1.2988798660390335,1.8133958638214798,0.9772538915293345,1.7303457576776482,1.8475213417230998
54.127,15.0936,-14.9688,15.0,93.247,26.8839,-1.6474324942792895,1.108177351718664,-3.1256875242351665,0.9772538915293345,1.7302513714382672,-0.08229550470342994
54.177,15.2807,3.7422,15.0,93.233,42.5072,-1.1091624713959019,1.155852980298756,0.7735888347569227,0.9772538915293345,1.7299702209379837,1.3458885308033057
54.227,15.3431,1.2474,15.0,93.2158,40.6497,10.37800915331804,1.171753350279503,0.25368532022464424,0.9772538915293345,1.7296248074662068,1.1760875383142826
54.277,15.4054,1.2474,15.0,93.1956,40.8108,-6.369528604118609,1.1876282388981017,0.25368532022464424,0.9772538915293345,1.7292191474586547,1.1908142892644744
54.327,15.5925,3.7422,15.0,93.1659,43.3129,-11.927574370709292,1.2353038674781938,0.7735888347569227,0.9772538915293345,1.7286227067544817,1.4195405682990831
54.377,15.2183,-7.4844,15.0,93.155,33.2621,3.5680778032033382,1.1399526103180089,-1.5659769806383308,0.9772538915293345,1.7284038110078326,0.5007595102594177
54.427,15.2183,0.0,15.0,93.1441,39.3181,6.08000457665882,1.1399526103180089,-0.006266437041495043,0.9772538915293345,1.728184915261183,1.054361023321882
54.477,15.4054,3.7422,15.0,93.1238,42.8295,-2.4344485125858144,1.1876282388981017,0.7735888347569227,0.9772538915293345,1.7277772470357722,1.3753511740760989
54.527,14.8441,-11.2266,15.0,93.1316,29.2673,-6.434773455377281,1.0446013531578242,-2.3458322524367485,0.9772538915293345,1.7279338880287873,0.1355799652822166
54.577,15.4054,11.2266,15.0,93.1114,48.8854,2.838151029748687,1.1876282388981017,2.3332993783537583,0.9772538915293345,1.7275282280212352,1.9289435457661537
54.627,15.156,-4.9896,15.0,93.1036,35.1196,0.46894736842093443,1.124077721699411,-1.0460734661060522,0.9772538915293345,1.72737158702822,0.6705605027484414
54.677,15.2183,1.2474,15.0,93.0927,40.3274,0.42816933638398,1.1399526103180089,0.25368532022464424,0.9772538915293345,1.7271526912815707,1.1466248950414895
54.727,15.0312,-3.7422,15.0,93.0911,35.8067,-2.7810617848967367,1.0922769817379168,-0.7861217088399128,0.9772538915293345,1.727120559795824,0.7333708725676652
54.777,14.8441,-3.7422,15.0,93.0989,35.3233,0.1916567505722322,1.0446013531578242,-0.7861217088399128,0.9772538915293345,1.727277200788839,0.6891814783446809
54.827,15.5302,13.7214,15.0,93.0724,51.2263,11.140558352402614,1.2194289788595958,2.8532028928860367,0.9772538915293345,1.7267450230561596,2.1429339324781624
54.877,15.2183,-6.237,15.0,93.0615,34.2714,2.703583524027356,1.1399526103180089,-1.3060252233721914,0.9772538915293345,1.72652612730951,0.5930233819790258
54.927,15.0936,-2.4948,15.0,93.0568,36.9771,-2.7565949656751543,1.108177351718664,-0.5261699515737737,0.9772538915293345,1.7264317410701293,0.8403614952374652
54.977,14.7194,-7.4844,15.0,93.0708,31.973,-1.3905308924482063,1.012826094558479,-1.5659769806383308,0.9772538915293345,1.726712891570413,0.38291807854065596
55.027,14.9065,3.7422,15.0,93.0755,41.5404,4.611995423340553,1.0605017231385712,0.7735888347569227,0.9772538915293345,1.7268072778097938,1.2575097423573365
55.077,15.0312,2.4948,15.0,93.0739,40.8533,5.676302059496326,1.0922769817379168,0.5136370774907836,0.9772538915293345,1.726775146324047,1.1946993725381125
55.127,15.4054,7.4844,15.0,93.0537,45.8574,2.1938581235699828,1.1876282388981017,1.5534441065553406,0.9772538915293345,1.7263694863164953,1.6521427892349219
55.177,15.0312,-7.4844,15.0,93.0521,32.7787,-0.04077803203670072,1.0922769817379168,-1.5659769806383308,0.9772538915293345,1.7263373548307483,0.4565701160364334
55.227,14.8441,-3.7422,15.0,93.0599,35.3233,-6.777308924484915,1.0446013531578242,-0.7861217088399128,0.9772538915293345,1.7264939958237635,0.6891814783446809
55.277,15.4054,11.2266,15.0,93.0396,48.8854,-6.508173913043551,1.1876282388981017,2.3332993783537583,0.9772538915293345,1.7260863275983522,1.9289435457661537
55.327,15.156,-4.9896,15.0,93.0318,35.1196,9.223990846681897,1.124077721699411,-1.0460734661060522,0.9772538915293345,1.7259296866053373,0.6705605027484414
55.377,15.2183,1.2474,15.0,93.0209,40.3274,7.535780320366198,1.1399526103180089,0.25368532022464424,0.9772538915293345,1.725710790858688,1.1466248950414895
55.427,15.0936,-2.4948,15.0,93.0162,36.9771,-8.995633867276773,1.108177351718664,-0.5261699515737737,0.9772538915293345,1.725616404619307,0.8403614952374652
55.477,15.2183,2.4948,15.0,93.0053,41.3367,-12.67789016018296,1.1399526103180089,0.5136370774907836,0.9772538915293345,1.7253975088726579,1.2388887667610975
55.527,15.6549,8.7318,15.0,92.9726,47.5113,-0.6850709382153626,1.251204237458941,1.8133958638214798,0.9772538915293345,1.7247408216327098,1.8033319475001148
55.577,14.7817,-17.4636,15.0,92.9835,24.0596,2.434448512585805,1.0287009831770775,-3.645591038767445,0.9772538915293345,1.7249597173793592,-0.3404752856384229
55.627,15.2183,8.7318,15.0,92.9726,46.3833,4.224604118993309,1.1399526103180089,1.8133958638214798,0.9772538915293345,1.7247408216327098,1.700217266731545
55.677,14.9065,-6.237,15.0,92.9772,33.4658,2.454837528604054,1.0605017231385712,-1.3060252233721914,0.9772538915293345,1.7248331996542314,0.5193804858556572
55.727,15.0312,2.4948,15.0,92.9757,40.8533,-16.65374828375264,1.0922769817379168,0.5136370774907836,0.9772538915293345,1.724803076386344,1.1946993725381125
55.777,15.2183,3.7422,15.0,92.9648,42.3461,5.0075423340961684,1.1399526103180089,0.7735888347569227,0.9772538915293345,1.7245841806396947,1.331161779853114
55.827,15.0312,-3.7422,15.0,92.9632,35.8067,19.181986270022374,1.0922769817379168,-0.7861217088399128,0.9772538915293345,1.7245520491539479,0.7333708725676652
55.877,14.9688,-1.2474,15.0,92.9648,37.6642,-3.070585812356966,1.0763766117571696,-0.2662181943076343,0.9772538915293345,1.7245841806396947,0.903171865056689
55.927,14.9065,-1.2474,15.0,92.9694,37.503,-7.437913043477968,1.0605017231385712,-0.2662181943076343,0.9772538915293345,1.7246765586612163,0.8884359727340883
55.977,15.2183,6.237,15.0,92.9585,44.3647,0.04893363844398049,1.1399526103180089,1.2934923492892014,0.9772538915293345,1.7244576629145671,1.5156895232923293
56.027,15.2807,1.2474,15.0,92.9445,40.4885,12.61264530892455,1.155852980298756,0.25368532022464424,0.9772538915293345,1.7241765124142836,1.161351645991682
56.077,14.9065,-7.4844,15.0,92.9492,32.4564,5.244054919908061,1.0605017231385712,-1.5659769806383308,0.9772538915293345,1.7242708986536646,0.4271074727636409
56.127,15.156,4.9896,15.0,92.9414,43.1942,-1.0561510297485888,1.124077721699411,1.033540592023062,0.9772538915293345,1.7241142576606494,1.4086897592501213
56.177,15.0312,-2.4948,15.0,92.9398,36.816,-2.7647505720822263,1.0922769817379168,-0.5261699515737737,0.9772538915293345,1.7240821261749026,0.8256347442872733
56.227,15.0312,0.0,15.0,92.9382,38.8346,-7.291112128146375,1.0922769817379168,-0.006266437041495043,0.9772538915293345,1.7240499946891559,1.0101624877264888
56.277,15.6549,12.474,15.0,92.9055,50.5393,-4.330627002287951,1.251204237458941,2.593251135619898,0.9772538915293345,1.723393307449208,2.080132704031347
56.327,15.2183,-8.7318,15.0,92.8946,32.2528,-1.9899679633866307,1.1399526103180089,-1.82592873790447,0.9772538915293345,1.7231744117025585,0.40849563853981025
56.377,14.7817,-8.7318,15.0,92.9055,31.1248,-3.196997711670564,1.0287009831770775,-1.82592873790447,0.9772538915293345,1.723393307449208,0.30538095777124036
56.427,15.2183,8.7318,15.0,92.8946,46.3833,-2.903395881006928,1.1399526103180089,1.8133958638214798,0.9772538915293345,1.7231744117025585,1.700217266731545
56.477,15.2807,1.2474,15.0,92.8806,40.4885,2.666883295194521,1.155852980298756,0.25368532022464424,0.9772538915293345,1.7228932612022752,1.161351645991682
56.527,15.4054,2.4948,15.0,92.8603,41.8201,2.2835697940505804,1.1876282388981017,0.5136370774907836,0.9772538915293345,1.7224855929768639,1.2830781609840818
56.577,15.3431,-1.2474,15.0,92.8431,38.631,-1.6351990846683166,1.171753350279503,-0.2662181943076343,0.9772538915293345,1.722140179505087,0.9915506535026581
56.627,14.9065,-8.7318,15.0,92.8478,31.4471,7.2911121281460085,1.0605017231385712,-1.82592873790447,0.9772538915293345,1.722234565744468,0.3348436010440328
56.677,14.8441,-1.2474,15.0,92.8556,37.3419,2.3895926773454677,1.0446013531578242,-0.2662181943076343,0.9772538915293345,1.722391206737483,0.8737092217838964
56.727,14.9065,1.2474,15.0,92.8603,39.5217,-7.686659038901454,1.0605017231385712,0.25368532022464424,0.9772538915293345,1.7224855929768639,1.0729728575457127
56.777,14.8441,-1.2474,15.0,92.8681,37.3419,5.5091121281467315,1.0446013531578242,-0.2662181943076343,0.9772538915293345,1.722642233969879,0.8737092217838964
56.827,15.3431,9.9792,15.0,92.8509,47.7149,2.4344485125860302,1.171753350279503,2.073347621087619,0.9772538915293345,1.722296820498102,1.8219437817239454
56.877,15.0312,-6.237,15.0,92.8494,33.788,-7.185089244851574,1.0922769817379168,-1.3060252233721914,0.9772538915293345,1.7222666972302145,0.5488339877560409
56.927,15.3431,6.237,15.0,92.8322,44.687,1.3130526315788311,1.171753350279503,1.2934923492892014,0.9772538915293345,1.7219212837584377,1.5451521665651218
56.977,15.0312,-6.237,15.0,92.8306,33.788,9.134279176201389,1.0922769817379168,-1.3060252233721914,0.9772538915293345,1.7218891522726911,0.5488339877560409
57.027,15.3431,6.237,15.0,92.8135,44.687,5.460178489702536,1.171753350279503,1.2934923492892014,0.9772538915293345,1.7215457470187734,1.5451521665651218
57.077,15.4054,1.2474,15.0,92.7932,40.8108,3.612933638443978,1.1876282388981017,0.25368532022464424,0.9772538915293345,1.7211380787933621,1.1908142892644744
57.127,15.4054,0.0,15.0,92.7729,39.8015,-3.0134965675059098,1.1876282388981017,-0.006266437041495043,0.9772538915293345,1.720730410567951,1.0985504175448664
57.177,14.7817,-12.474,15.0,92.7839,28.0968,-8.726498855835358,1.0287009831770775,-2.6057840097028877,0.9772538915293345,1.7209513145324595,0.028580201240008492
57.227,15.156,7.4844,15.0,92.7761,45.2129,-11.487171624713643,1.124077721699411,1.5534441065553406,0.9772538915293345,1.7207946735394444,1.593226644061745
57.277,14.9688,-3.7422,15.0,92.7776,35.6456,-3.278553775743743,1.0763766117571696,-0.7861217088399128,0.9772538915293345,1.720824796807332,0.7186441216174734
57.327,15.4054,8.7318,15.0,92.7573,46.8667,7.331890160182968,1.1876282388981017,1.8133958638214798,0.9772538915293345,1.7204171285819208,1.74440666095453
57.377,15.3431,-1.2474,15.0,92.7402,38.631,-5.602901601830329,1.171753350279503,-0.2662181943076343,0.9772538915293345,1.720073723328003,0.9915506535026581
57.427,15.2807,-1.2474,15.0,92.7262,38.4699,1.6188878718534583,1.155852980298756,-0.2662181943076343,0.9772538915293345,1.7197925728277195,0.9768239025524664
57.477,15.2183,-1.2474,15.0,92.7152,38.3087,5.766013729976824,1.1399526103180089,-0.2662181943076343,0.9772538915293345,1.7195716688632108,0.9620880102298657
57.527,15.156,-1.2474,15.0,92.7074,38.1476,-8.057739130434497,1.124077721699411,-0.2662181943076343,0.9772538915293345,1.7194150278701958,0.9473612592796733
57.577,15.156,0.0,15.0,92.6996,39.1569,2.206091533181025,1.124077721699411,-0.006266437041495043,0.9772538915293345,1.7192583868771807,1.0396251309992814
57.627,15.156,0.0,15.0,92.6918,39.1569,4.363249427917628,1.124077721699411,-0.006266437041495043,0.9772538915293345,1.7191017458841655,1.0396251309992814
57.677,14.9065,-4.9896,15.0,92.6965,34.4751,-6.177871853547079,1.0605017231385712,-1.0460734661060522,0.9772538915293345,1.7191961321235465,0.6116443575752647
57.727,14.9688,1.2474,15.0,92.6981,39.6828,-2.434448512585975,1.0763766117571696,0.25368532022464424,0.9772538915293345,1.719228263609293,1.0876996084959045
57.777,15.3431,7.4844,15.0,92.6809,45.6963,-2.21016933638427,1.171753350279503,1.5534441065553406,0.9772538915293345,1.7188828501375162,1.63741603828473
57.827,14.9065,-8.7318,15.0,92.6856,31.4471,11.120169336384148,1.0605017231385712,-1.82592873790447,0.9772538915293345,1.718977236376897,0.3348436010440328
57.877,14.9688,1.2474,15.0,92.6872,39.6828,9.07311212814642,1.0763766117571696,0.25368532022464424,0.9772538915293345,1.719009367862644,1.0876996084959045
57.927,15.3431,7.4844,15.0,92.67,45.6963,-8.224929061784536,1.171753350279503,1.5534441065553406,0.9772538915293345,1.7186639543908668,1.63741603828473
57.977,14.8441,-9.9792,15.0,92.6778,30.2766,5.085020594965474,1.0446013531578242,-2.0858804951706094,0.9772538915293345,1.718820595383882,0.22784383700182437
58.027,14.7817,-1.2474,15.0,92.6887,37.1808,1.325286041189852,1.0287009831770775,-0.2662181943076343,0.9772538915293345,1.7190394911305313,0.858982470833704
58.077,15.2183,8.7318,15.0,92.6778,46.3833,-1.8472448512585042,1.1399526103180089,1.8133958638214798,0.9772538915293345,1.718820595383882,1.700217266731545
58.127,15.0936,-2.4948,15.0,92.6731,36.9771,1.1825629290617912,1.108177351718664,-0.5261699515737737,0.9772538915293345,1.7187262091445012,0.8403614952374652
58.177,15.2807,3.7422,15.0,92.6591,42.5072,-5.329688787185298,1.155852980298756,0.7735888347569227,0.9772538915293345,1.7184450586442175,1.3458885308033057
58.227,15.0936,-3.7422,15.0,92.6544,35.9678,2.8340732265442945,1.108177351718664,-0.7861217088399128,0.9772538915293345,1.7183506724048365,0.748097623517857
58.277,15.156,1.2474,15.0,92.6466,40.1663,7.287034324942776,1.124077721699411,0.25368532022464424,0.9772538915293345,1.7181940314118216,1.1318981440912976
58.327,15.4054,4.9896,15.0,92.6263,43.8388,-10.133340961098005,1.1876282388981017,1.033540592023062,0.9772538915293345,1.7177863631864103,1.4676150457957062
58.377,14.657,-14.9688,15.0,92.6435,25.7559,-7.37266819221969,0.9969257245777319,-3.1256875242351665,0.9772538915293345,1.7181317766581874,-0.18541018547199986
58.427,15.156,9.9792,15.0,92.6357,47.2315,11.576883295194337,1.124077721699411,2.073347621087619,0.9772538915293345,1.7179751356651722,1.7777543875009605
58.477,15.2807,2.4948,15.0,92.6216,41.4979,-5.896503432494118,1.155852980298756,0.5136370774907836,0.9772538915293345,1.7176919769470296,1.2536246590836981
58.527,14.9065,-7.4844,15.0,92.6263,32.4564,-17.02075057208217,1.0605017231385712,-1.5659769806383308,0.9772538915293345,1.7177863631864103,0.4271074727636409
58.577,15.156,4.9896,15.0,92.6185,43.1942,7.266645308924402,1.124077721699411,1.033540592023062,0.9772538915293345,1.7176297221933952,1.4086897592501213
58.627,15.0312,-2.4948,15.0,92.617,36.816,8.571542334096007,1.0922769817379168,-0.5261699515737737,0.9772538915293345,1.7175995989255077,0.8256347442872733
58.677,15.156,2.4948,15.0,92.6092,41.1756,7.32373455377553,1.124077721699411,0.5136370774907836,0.9772538915293345,1.7174429579324926,1.2241620158109057
58.727,15.2183,1.2474,15.0,92.5982,40.3274,6.002526315789259,1.1399526103180089,0.25368532022464424,0.9772538915293345,1.7172220539679843,1.1466248950414895
58.777,14.657,-11.2266,15.0,92.6154,28.7839,-10.691999999999618,0.9969257245777319,-2.3458322524367485,0.9772538915293345,1.717567467439761,0.09139057105923198
58.827,14.9065,4.9896,15.0,92.6201,42.5497,1.9247231121284314,1.0605017231385712,1.033540592023062,0.9772538915293345,1.717661853679142,1.3497736140769445
58.877,15.2183,6.237,15.0,92.6092,44.3647,4.510050343248932,1.1399526103180089,1.2934923492892014,0.9772538915293345,1.7174429579324926,1.5156895232923293
58.927,15.0312,-3.7422,15.0,92.6076,35.8067,-1.9165675057210008,1.0922769817379168,-0.7861217088399128,0.9772538915293345,1.717410826446746,0.7333708725676652
58.977,14.7817,-4.9896,15.0,92.6185,34.1528,6.765075514874344,1.0287009831770775,-1.0460734661060522,0.9772538915293345,1.7176297221933952,0.5821817143024721
59.027,15.2807,9.9792,15.0,92.6045,47.5538,-4.077803203661308,1.155852980298756,2.073347621087619,0.9772538915293345,1.7173485716931118,1.8072170307737536
59.077,15.4054,2.4948,15.0,92.5842,41.8201,-4.505972540045675,1.1876282388981017,0.5136370774907836,0.9772538915293345,1.7169409034677006,1.2830781609840818
59.127,15.2183,-3.7422,15.0,92.5733,36.2901,4.404027459954145,1.1399526103180089,-0.7861217088399128,0.9772538915293345,1.7167220077210512,0.7775602667906502
59.177,15.2807,1.2474,15.0,92.5593,40.4885,0.3303020594965547,1.155852980298756,0.25368532022464424,0.9772538915293345,1.7164408572207677,1.161351645991682
59.227,14.9065,-7.4844,15.0,92.5639,32.4564,1.2274187643021999,1.0605017231385712,-1.5659769806383308,0.9772538915293345,1.7165332352422895,0.4271074727636409
59.277,14.8441,-1.2474,15.0,92.5717,37.3419,-6.838475972540157,1.0446013531578242,-0.2662181943076343,0.9772538915293345,1.7166898762353047,0.8737092217838964
59.327,15.5302,13.7214,15.0,92.5452,51.2263,-7.519469107551571,1.2194289788595958,2.8532028928860367,0.9772538915293345,1.7161576985026248,2.1429339324781624
59.377,15.3431,-3.7422,15.0,92.5281,36.6124,1.8146224256295422,1.171753350279503,-0.7861217088399128,0.9772538915293345,1.715814293248707,0.8070229100634426
59.427,14.9688,-7.4844,15.0,92.5296,32.6176,1.4313089244851573,1.0763766117571696,-1.5659769806383308,0.9772538915293345,1.715844416516595,0.44184336508624156
59.477,15.0936,2.4948,15.0,92.5249,41.0144,-3.3519542334098995,1.108177351718664,0.5136370774907836,0.9772538915293345,1.715750030277214,1.209426123488305
59.527,15.0312,-1.2474,15.0,92.5234,37.8253,-1.1947963386726432,1.0922769817379168,-0.2662181943076343,0.9772538915293345,1.7157199070093263,0.9178986160068807
59.577,15.156,2.4948,15.0,92.5156,41.1756,8.70203203661342,1.124077721699411,0.5136370774907836,0.9772538915293345,1.7155632660163114,1.2241620158109057
59.627,15.2183,1.2474,15.0,92.5047,40.3274,2.6709610983981134,1.1399526103180089,0.25368532022464424,0.9772538915293345,1.7153443702696618,1.1466248950414895
59.677,14.9688,-4.9896,15.0,92.5062,34.6362,3.0257299771165544,1.0763766117571696,-1.0460734661060522,0.9772538915293345,1.7153744935375494,0.6263711085254571
59.727,15.156,3.7422,15.0,92.4984,42.1849,-2.593482837528742,1.124077721699411,0.7735888347569227,0.9772538915293345,1.7152178525445343,1.3164258875305133
59.777,15.0936,-1.2474,15.0,92.4937,37.9865,-11.899029748283727,1.108177351718664,-0.2662181943076343,0.9772538915293345,1.7151234663051536,0.9326345083294815
59.827,15.0936,0.0,15.0,92.4891,38.9958,2.532315789473987,1.108177351718664,-0.006266437041495043,0.9772538915293345,1.7150310882836315,1.0248983800490896
59.877,15.0312,-1.2474,15.0,92.4875,37.8253,5.7823249427920285,1.0922769817379168,-0.2662181943076343,0.9772538915293345,1.714998956797885,0.9178986160068807
59.927,15.3431,6.237,15.0,92.4704,44.687,-6.06369336384446,1.171753350279503,1.2934923492892014,0.9772538915293345,1.7146555515439672,1.5451521665651218
59.977,15.0936,-4.9896,15.0,92.4657,34.9585,-2.471148741418832,1.108177351718664,-1.0460734661060522,0.9772538915293345,1.7145611653045862,0.6558337517982495
60.027,15.0312,-1.2474,15.0,92.4641,37.8253,3.984013729977003,1.0922769817379168,-0.2662181943076343,0.9772538915293345,1.7145290338188397,0.9178986160068807
60.077,15.2183,3.7422,15.0,92.4532,42.3461,6.447006864988338,1.1399526103180089,0.7735888347569227,0.9772538915293345,1.7143101380721901,1.331161779853114
60.127,15.0936,-2.4948,15.0,92.4485,36.9771,2.71989473684217,1.108177351718664,-0.5261699515737737,0.9772538915293345,1.7142157518328094,0.8403614952374652
60.177,15.156,1.2474,15.0,92.4407,40.1663,-2.320270022883311,1.124077721699411,0.25368532022464424,0.9772538915293345,1.7140591108397945,1.1318981440912976
60.227,14.8441,-6.237,15.0,92.4485,33.3046,-1.0887734553775725,1.0446013531578242,-1.3060252233721914,0.9772538915293345,1.7142157518328094,0.5046445935330566
60.277,14.9065,1.2474,15.0,92.4532,39.5217,6.924109839816741,1.0605017231385712,0.25368532022464424,0.9772538915293345,1.7143101380721901,1.0729728575457127
60.327,14.9065,0.0,15.0,92.4579,38.5124,4.008480549198836,1.0605017231385712,-0.006266437041495043,0.9772538915293345,1.714404524311571,0.9807089858261046
60.377,15.156,4.9896,15.0,92.4501,43.1942,-9.627693363844099,1.124077721699411,1.033540592023062,0.9772538915293345,1.7142478833185562,1.4086897592501213
60.427,15.2183,1.2474,15.0,92.4391,40.3274,-0.03262242562910689,1.1399526103180089,0.25368532022464424,0.9772538915293345,1.7140269793540475,1.1466248950414895
60.477,15.3431,2.4948,15.0,92.422,41.659,-0.5953592677344355,1.171753350279503,0.5136370774907836,0.9772538915293345,1.7136835741001297,1.26835141003389
60.527,15.3431,0.0,15.0,92.4048,39.6403,-8.649020594965537,1.171753350279503,-0.006266437041495043,0.9772538915293345,1.7133381606283529,1.0838145252222662
60.577,15.2807,-1.2474,15.0,92.3908,38.4699,5.688535469107416,1.155852980298756,-0.2662181943076343,0.9772538915293345,1.7130570101280693,0.9768239025524664
60.627,15.0312,-4.9896,15.0,92.3892,34.7973,7.580636155606147,1.0922769817379168,-1.0460734661060522,0.9772538915293345,1.7130248786423228,0.6410978594756489
60.677,15.3431,6.237,15.0,92.3721,44.687,-5.011620137299608,1.171753350279503,1.2934923492892014,0.9772538915293345,1.712681473388405,1.5451521665651218
60.727,15.0936,-4.9896,15.0,92.3674,34.9585,-5.973981693363829,1.108177351718664,-1.0460734661060522,0.9772538915293345,1.712587087149024,0.6558337517982495
60.777,15.4054,6.237,15.0,92.3471,44.8481,-5.9046590389016735,1.1876282388981017,1.2934923492892014,0.9772538915293345,1.7121794189236128,1.5598789175153143
60.827,14.7194,-13.7214,15.0,92.3612,26.9264,-4.673162471395796,1.012826094558479,-2.865735766969027,0.9772538915293345,1.7124625776417555,-0.0784104214297914
60.877,14.8441,2.4948,15.0,92.369,40.3699,-0.21612356979396008,1.0446013531578242,0.5136370774907836,0.9772538915293345,1.7126192186347706,1.1505099783151282
60.927,15.0312,3.7422,15.0,92.3674,41.8626,0.5668146453091361,1.0922769817379168,0.7735888347569227,0.9772538915293345,1.712587087149024,1.2869632442577208
60.977,14.9688,-1.2474,15.0,92.369,37.6642,12.624878718535149,1.0763766117571696,-0.2662181943076343,0.9772538915293345,1.7126192186347706,0.903171865056689
61.027,15.156,3.7422,15.0,92.3612,42.1849,6.1574828375285255,1.124077721699411,0.7735888347569227,0.9772538915293345,1.7124625776417555,1.3164258875305133
61.077,15.3431,3.7422,15.0,92.344,42.6683,0.7503157894737034,1.171753350279503,0.7735888347569227,0.9772538915293345,1.7121171641699786,1.3606152817534982
61.127,14.9688,-7.4844,15.0,92.3456,32.6176,1.847244851258303,1.0763766117571696,-1.5659769806383308,0.9772538915293345,1.7121492956557254,0.44184336508624156
61.177,14.8441,-2.4948,15.0,92.3534,36.3326,-7.552091533180388,1.0446013531578242,-0.5261699515737737,0.9772538915293345,1.7123059366487403,0.7814453500642884
61.227,15.156,6.237,15.0,92.3456,44.2035,0.7707048054920823,1.124077721699411,1.2934923492892014,0.9772538915293345,1.7121492956557254,1.5009536309697287
61.277,14.9065,-4.9896,15.0,92.3502,34.4751,2.9971853546911165,1.0605017231385712,-1.0460734661060522,0.9772538915293345,1.712241673677247,0.6116443575752647
61.327,15.0936,3.7422,15.0,92.3456,42.0237,-7.963949656750434,1.108177351718664,0.7735888347569227,0.9772538915293345,1.7121492956557254,1.3016899952079124
61.377,15.0312,-1.2474,15.0,92.344,37.8253,-5.619212814645548,1.0922769817379168,-0.2662181943076343,0.9772538915293345,1.7121171641699786,0.9178986160068807
61.427,15.2183,3.7422,15.0,92.3331,42.3461,8.033272311212633,1.1399526103180089,0.7735888347569227,0.9772538915293345,1.7118982684233293,1.331161779853114
61.477,15.4054,3.7422,15.0,92.3128,42.8295,2.3610480549198534,1.1876282388981017,0.7735888347569227,0.9772538915293345,1.711490600197918,1.3753511740760989
61.527,14.7194,-13.7214,15.0,92.3268,26.9264,1.622965675057213,1.012826094558479,-2.865735766969027,0.9772538915293345,1.7117717506982018,-0.0784104214297914
61.577,15.2183,9.9792,15.0,92.3159,47.3927,7.331890160183103,1.1399526103180089,2.073347621087619,0.9772538915293345,1.7115528549515524,1.7924902798235611
61.627,14.7194,-9.9792,15.0,92.33,29.9543,-9.741871853546538,1.012826094558479,-2.0858804951706094,0.9772538915293345,1.711836013669695,0.1983811937290319
61.677,14.7194,0.0,15.0,92.344,38.029,-11.409693363844248,1.012826094558479,-0.006266437041495043,0.9772538915293345,1.7121171641699786,0.9365195916031203
61.727,15.2183,9.9792,15.0,92.3331,47.3927,14.875826086956051,1.1399526103180089,2.073347621087619,0.9772538915293345,1.7118982684233293,1.7924902798235611
61.777,14.8441,-7.4844,15.0,92.3409,32.2953,7.866082379862407,1.0446013531578242,-1.5659769806383308,0.9772538915293345,1.7120549094163446,0.4123807218134484
61.827,15.2807,8.7318,15.0,92.3268,46.5445,-4.355093821510194,1.155852980298756,1.8133958638214798,0.9772538915293345,1.7117717506982018,1.7149531590541456
61.877,15.2807,0.0,15.0,92.3128,39.4792,0.024466819222052905,1.155852980298756,-0.006266437041495043,0.9772538915293345,1.711490600197918,1.069087774272074
61.927,15.2183,-1.2474,15.0,92.3019,38.3087,2.622027459954237,1.1399526103180089,-0.2662181943076343,0.9772538915293345,1.7112717044512689,0.9620880102298657
61.977,14.9688,-4.9896,15.0,92.3034,34.6362,7.592869565217463,1.0763766117571696,-1.0460734661060522,0.9772538915293345,1.7113018277191563,0.6263711085254571
62.027,15.0936,2.4948,15.0,92.2988,41.0144,-7.091299771167067,1.108177351718664,0.5136370774907836,0.9772538915293345,1.7112094496976347,1.209426123488305
62.077,14.9065,-3.7422,15.0,92.3034,35.4844,-4.501894736842076,1.0605017231385712,-0.7861217088399128,0.9772538915293345,1.7113018277191563,0.7039082292948727
62.127,14.9688,1.2474,15.0,92.305,39.6828,-3.580311212814527,1.0763766117571696,0.25368532022464424,0.9772538915293345,1.7113339592049033,1.0876996084959045
62.177,15.5925,12.474,15.0,92.2754,50.3781,-9.53390389016031,1.2353038674781938,2.593251135619898,0.9772538915293345,1.7107395267185894,2.0653968117087467
62.227,15.5925,0.0,15.0,92.2457,40.2849,3.001263157894869,1.2353038674781938,-0.006266437041495043,0.9772538915293345,1.7101430860144162,1.1427398117678513
62.277,14.9688,-12.474,15.0,92.2473,28.5803,0.8196384439359378,1.0763766117571696,-2.6057840097028877,0.9772538915293345,1.710175217500163,0.07277873683540165
62.327,15.0936,2.4948,15.0,92.2426,41.0144,6.887409610983679,1.108177351718664,0.5136370774907836,0.9772538915293345,1.710080831260782,1.209426123488305
62.377,15.0936,0.0,15.0,92.2379,38.9958,5.7619359267735515,1.108177351718664,-0.006266437041495043,0.9772538915293345,1.709986445021401,1.0248983800490896
62.427,15.156,1.2474,5.0,-0.5078,40.1663,-3.135830663615414,1.124077721699411,0.25368532022464424,-1.465053945420711,-0.15254926598912946,1.1318981440912976
62.477,15.0312,-2.4948,5.0,-1.0094,36.816,1.052073226544327,1.0922769817379168,-0.5261699515737737,-1.465053945420711,-0.162622486770717,0.8256347442872733
62.527,15.0936,1.2474,5.0,-1.514,40.0051,-5.036086956521727,1.108177351718664,0.25368532022464424,-1.465053945420711,-0.17275595408807956,1.117162251768697
62.577,15.0936,0.0,5.0,-2.0187,38.9958,-12.310887871853197,1.108177351718664,-0.006266437041495043,-1.465053945420711,-0.1828914296233013,1.0248983800490896
62.627,15.156,1.2474,5.0,-2.5265,40.1663,-4.244993135011505,1.124077721699411,0.25368532022464424,-1.465053945420711,-0.19308915991215725,1.1318981440912976
62.677,15.2807,2.4948,5.0,-3.0406,41.4979,8.979322654462344,1.155852980298756,0.5136370774907836,-1.465053945420711,-0.20341340792614082,1.2536246590836981
62.727,15.156,-2.4948,5.0,-3.5484,37.1383,11.805240274599681,1.124077721699411,-0.5261699515737737,-1.465053945420711,-0.21361113821499675,0.8550973875600658
62.777,15.4054,4.9896,5.0,-4.0686,43.8388,-4.950453089244989,1.1876282388981017,1.033540592023062,-1.465053945420711,-0.22405788751838954,1.4676150457957062
62.827,15.2183,-3.7422,5.0,-4.5795,36.2901,-11.18541418764294,1.1399526103180089,-0.7861217088399128,-1.465053945420711,-0.23431787256087974,0.7775602667906502
62.877,14.9065,-6.237,5.0,-5.0749,33.4658,2.149002288329501,1.0605017231385712,-1.3060252233721914,-1.465053945420711,-0.24426658383519884,0.5193804858556572
62.927,15.156,4.9896,5.0,-5.5827,43.1942,3.931002288329396,1.124077721699411,1.033540592023062,-1.465053945420711,-0.2544643141240548,1.4086897592501213
62.977,15.0936,-1.2474,5.0,-6.0873,37.9865,-1.8431670480549038,1.108177351718664,-0.2662181943076343,-1.465053945420711,-0.2645977814414173,0.9326345083294815
63.027,14.657,-8.7318,5.0,-6.5702,30.8026,-2.4996933638443575,0.9969257245777319,-1.82592873790447,-1.465053945420711,-0.2742954654833404,0.2759274558708564
63.077,14.9688,6.237,5.0,-7.0686,43.7201,2.8870846681921267,1.0763766117571696,1.2934923492892014,-1.465053945420711,-0.2843044232934345,1.4567642367467444
63.127,15.156,3.7422,5.0,-7.5764,42.1849,3.894302059496436,1.124077721699411,0.7735888347569227,-1.465053945420711,-0.2945021535822905,1.3164258875305133
63.177,14.9065,-4.9896,5.0,-8.0718,34.4751,-0.47302517162451485,1.0605017231385712,-1.0460734661060522,-1.465053945420711,-0.3044508648566096,0.6116443575752647
63.227,15.0936,3.7422,5.0,-8.5764,42.0237,-2.740283752860202,1.108177351718664,0.7735888347569227,-1.465053945420711,-0.3145843321739722,1.3016899952079124
63.277,14.9065,-3.7422,5.0,-9.0718,35.4844,12.188553775743415,1.0605017231385712,-0.7861217088399128,-1.465053945420711,-0.32453304344829126,0.7039082292948727
63.327,15.0312,2.4948,5.0,-9.5733,40.8533,10.60228832951918,1.0922769817379168,0.5136370774907836,-1.465053945420711,-0.33460425601201965,1.1946993725381125
63.377,15.2183,3.7422,5.0,-10.0842,42.3461,-9.232146453089195,1.1399526103180089,0.7735888347569227,-1.465053945420711,-0.3448642410545098,1.331161779853114
63.427,15.0312,-3.7422,5.0,-10.5858,35.8067,-8.20861784896995,1.0922769817379168,-0.7861217088399128,-1.465053945420711,-0.35493746183609737,0.7333708725676652
63.477,15.0312,0.0,5.0,-11.0874,38.8346,1.6515102974829703,1.0922769817379168,-0.006266437041495043,-1.465053945420711,-0.3650106826176849,1.0101624877264888
63.527,15.0936,1.2474,5.0,-11.592,40.0051,-3.975858123570025,1.108177351718664,0.25368532022464424,-1.465053945420711,-0.37514414993504747,1.117162251768697
63.577,15.156,1.2474,5.0,-12.0998,40.1663,-4.925986270022882,1.124077721699411,0.25368532022464424,-1.465053945420711,-0.3853418802239034,1.1318981440912976
63.627,14.9688,-3.7422,5.0,-12.5983,35.6456,4.8770526315790965,1.0763766117571696,-0.7861217088399128,-1.465053945420711,-0.39535284625185674,0.7186441216174734
63.677,14.9065,-1.2474,5.0,-13.0936,37.503,1.7371441647596153,1.0605017231385712,-0.2662181943076343,-1.465053945420711,-0.4052995493083167,0.8884359727340883
63.727,15.2183,6.237,5.0,-13.6045,44.3647,4.595684210526036,1.1399526103180089,1.2934923492892014,-1.465053945420711,-0.41555953435080684,1.5156895232923293
63.777,15.3431,2.4948,5.0,-14.1217,41.659,-2.7688283752859943,1.171753350279503,0.5136370774907836,-1.465053945420711,-0.42594603711842455,1.26835141003389
63.827,14.7817,-11.2266,5.0,-14.6108,29.1062,-9.61545995423312,1.0287009831770775,-2.3458322524367485,-1.465053945420711,-0.43576823066761605,0.1208532143320248
63.877,14.7817,0.0,5.0,-15.0998,38.1901,1.0602288329521548,1.0287009831770775,-0.006266437041495043,-1.465053945420711,-0.44558841599894844,0.9512463425533121
63.927,14.8441,1.2474,5.0,-15.592,39.3606,5.949514874141679,1.0446013531578242,0.25368532022464424,-1.465053945420711,-0.45547286430177414,1.0582461065955202
63.977,15.2183,7.4844,5.0,-16.103,45.374,5.863881006864586,1.1399526103180089,1.5534441065553406,-1.465053945420711,-0.46573485756212346,1.6079533950119376
64.027,15.0312,-3.7422,5.0,-16.6045,35.8067,-0.06116704805492257,1.0922769817379168,-0.7861217088399128,-1.465053945420711,-0.47580607012585185,0.7333708725676652
64.077,15.0312,0.0,5.0,-17.1061,38.8346,-2.3569702517160804,1.0922769817379168,-0.006266437041495043,-1.465053945420711,-0.48587929090743937,1.0101624877264888
64.127,15.0936,1.2474,5.0,-17.6108,40.0051,-8.75504347826061,1.108177351718664,0.25368532022464424,-1.465053945420711,-0.49601476644266107,1.117162251768697
64.177,15.156,1.2474,5.0,-18.1186,40.1663,-5.089098398169378,1.124077721699411,0.25368532022464424,-1.465053945420711,-0.506212496731517,1.1318981440912976
64.227,14.9688,-3.7422,5.0,-18.617,35.6456,0.7054599542335294,1.0763766117571696,-0.7861217088399128,-1.465053945420711,-0.5162214545416112,0.7186441216174734
64.277,14.657,-6.237,5.0,-19.0999,32.8212,1.7901556064076884,0.9969257245777319,-1.3060252233721914,-1.465053945420711,-0.5259191385835342,0.4604551993100716
64.327,14.9065,4.9896,5.0,-19.5952,42.5497,1.9288009153314944,1.0605017231385712,1.033540592023062,-1.465053945420711,-0.5358658416399942,1.3497736140769445
64.377,15.0936,3.7422,5.0,-20.0999,42.0237,-4.436649885583841,1.108177351718664,0.7735888347569227,-1.465053945420711,-0.5460013171752159,1.3016899952079124
64.427,15.2183,2.4948,5.0,-20.6108,41.3367,-1.4924759725400882,1.1399526103180089,0.5136370774907836,-1.465053945420711,-0.5562613022177061,1.2388887667610975
64.477,14.8441,-7.4844,5.0,-21.103,32.2953,6.862942791761975,1.0446013531578242,-1.5659769806383308,-1.465053945420711,-0.5661457505205318,0.4123807218134484
64.527,14.5323,-6.237,5.0,-21.5796,32.4989,2.989029748283752,0.9651504659783864,-1.3060252233721914,-1.465053945420711,-0.5757169168373273,0.4309925560372791
64.577,14.5946,1.2474,5.0,-22.0593,38.716,-2.6995057208238635,0.9810253545969848,0.25368532022464424,-1.465053945420711,-0.585350337907757,0.9993208200499353
64.627,14.5323,-1.2474,5.0,-22.5359,36.5362,0.6891487414187253,0.9651504659783864,-0.2662181943076343,-1.465053945420711,-0.5949215042245525,0.800057184288119
64.677,14.9065,7.4844,5.0,-23.0313,44.5683,-0.167189931350053,1.0605017231385712,1.5534441065553406,-1.465053945420711,-0.6048702154988715,1.5343013575161601
64.727,14.4699,-8.7318,5.0,-23.5048,30.3191,-9.611382151029476,0.9492500959976398,-1.82592873790447,-1.465053945420711,-0.6143791270620328,0.2317289202754629
64.777,14.9688,9.9792,5.0,-24.0032,46.7481,-11.735917620137322,1.0763766117571696,2.073347621087619,-1.465053945420711,-0.6243880848721269,1.7335649932779762
64.827,14.9688,0.0,5.0,-24.5016,38.6735,-8.245318077803098,1.0763766117571696,-0.006266437041495043,-1.465053945420711,-0.6343970426822211,0.9954357367762964
64.877,14.657,-6.237,5.0,-24.9845,32.8212,-1.4761647597251115,0.9969257245777319,-1.3060252233721914,-1.465053945420711,-0.6440947267241443,0.4604551993100716
64.927,14.5946,-1.2474,5.0,-25.4642,36.6973,8.836599542333973,0.9810253545969848,-0.2662181943076343,-1.465053945420711,-0.6537281477945739,0.8147839352383108
64.977,14.4699,-2.4948,5.0,-25.9377,35.3657,-8.245318077803029,0.9492500959976398,-0.5261699515737737,-1.465053945420711,-0.6632370593577352,0.6930574202459103
65.027,14.2204,-4.9896,5.0,-26.3987,32.7026,-17.151240274599424,0.8856740974368,-1.0460734661060522,-1.465053945420711,-0.6724949436885005,0.44961353163351797
65.077,14.158,-1.2474,5.0,-26.8566,35.5694,-8.706109839816909,0.869773727456053,-0.2662181943076343,-1.465053945420711,-0.6816905732656315,0.7116783958421498
65.127,13.8462,-6.237,5.0,-27.2989,30.7264,-4.444805491990835,0.7903228402766153,-1.3060252233721914,-1.465053945420711,-0.6905729208567323,0.26896173009553276
65.177,13.6591,-3.7422,5.0,-27.7319,32.2616,1.035762013730075,0.742647211696523,-0.7861217088399128,-1.465053945420711,-0.6992685041869304,0.4093000793117637
65.227,13.4096,-4.9896,5.0,-28.1524,30.6077,-5.019775743706951,0.6790712131356833,-1.0460734661060522,-1.465053945420711,-0.7077130602847327,0.25811092104657063
65.277,13.6591,4.9896,5.0,-28.5853,39.3269,4.701707093821419,0.742647211696523,1.033540592023062,-1.465053945420711,-0.7164066353970716,1.0551654640938355
65.327,13.0977,-11.2266,5.0,-28.9902,24.7554,11.262892448512716,0.599594844594097,-2.3458322524367485,-1.465053945420711,-0.7245379095088436,-0.2768696164196542
65.377,13.4096,6.237,5.0,-29.4107,39.6917,-1.3089748283751668,0.6790712131356833,1.2934923492892014,-1.465053945420711,-0.7329824656066457,1.088513190640266
65.427,13.0354,-7.4844,5.0,-29.8125,27.6222,7.1116887871850665,0.5837199559754985,-1.5659769806383308,-1.465053945420711,-0.7410514849647833,-0.014804752211022993
65.477,12.6612,-7.4844,5.0,-30.1955,26.6554,2.507848970251776,0.48836869881531364,-1.5659769806383308,-1.465053945420711,-0.7487429593653974,-0.10318354065699223
65.527,12.9106,4.9896,5.0,-30.5911,37.3932,-2.4752265446222887,0.5519192160140048,1.033540592023062,-1.465053945420711,-0.7566874692162667,0.8783987458294882
65.577,12.6612,-4.9896,5.0,-30.9741,28.6741,4.85666361556051,0.48836869881531364,-1.0460734661060522,-1.465053945420711,-0.7643789436168809,0.08135334415463184
65.627,12.6612,0.0,5.0,-31.3572,32.7114,-2.3528924485124714,0.48836869881531364,-0.006266437041495043,-1.465053945420711,-0.772072426235354,0.45041797240547143
65.677,12.3493,-6.237,5.0,-31.7246,26.859,-2.1286132723112328,0.40889233027372734,-1.3060252233721914,-1.465053945420711,-0.7794506186499378,-0.08457170643316156
65.727,12.4117,1.2474,5.0,-32.0952,33.0761,-0.5260366132724137,0.4247927002544744,0.25368532022464424,-1.465053945420711,-0.786893074036015,0.48375655757949393
65.777,12.3493,-1.2474,5.0,-32.4627,30.8963,4.448883295194556,0.40889233027372734,-0.2662181943076343,-1.465053945420711,-0.7942732746684581,0.28449292181767805
65.827,11.9751,-7.4844,5.0,-32.8114,24.8829,3.9962471395879584,0.3135410731135425,-1.5659769806383308,-1.465053945420711,-0.8012759303433775,-0.26521436659873887
65.877,12.0998,2.4948,5.0,-33.1664,33.2798,2.9564073226543908,0.34531633171288806,0.5136370774907836,-1.465053945420711,-0.8084051037434246,0.5023775331757334
65.927,12.0375,-1.2474,5.0,-33.5183,30.0906,0.8400274599544355,0.3294414430942896,-0.2662181943076343,-1.465053945420711,-0.8154720223898374,0.21084088432190062
65.977,11.4761,-11.2266,5.0,-33.8421,20.5658,-6.638663615560702,0.18638907599186397,-2.3458322524367485,-1.465053945420711,-0.8219746318178239,-0.6598565548487327
66.027,11.8503,7.4844,5.0,-34.1846,36.6725,3.421276887871818,0.2817403331520488,1.5534441065553406,-1.465053945420711,-0.8288527779854749,0.8125168748809878
66.077,11.5385,-6.237,5.0,-34.5116,24.7642,7.164700228832903,0.20228944597261106,-1.3060252233721914,-1.465053945420711,-0.8354196503849547,-0.27606517564770106
66.127,11.4761,-1.2474,5.0,-34.8354,28.6404,4.665006864988441,0.18638907599186397,-0.2662181943076343,-1.465053945420711,-0.8419222598129412,0.07827270165294677
66.177,11.6009,2.4948,5.0,-35.1654,31.9906,-0.12641189931347885,0.21818981595335768,0.5136370774907836,-1.465053945420711,-0.8485493787481961,0.3845269600845629
66.227,11.4138,-3.7422,5.0,-35.4861,26.4606,0.4648695652174273,0.17051418737326549,-0.7861217088399128,-1.465053945420711,-0.8549897334225485,-0.12099093410886944
66.277,11.4138,0.0,5.0,-35.8068,29.4886,5.7415469107552015,0.17051418737326549,-0.006266437041495043,-1.465053945420711,-0.8614300880969009,0.15580982242236271
66.327,11.3514,-1.2474,5.0,-36.1244,28.3181,3.7556567505718617,0.15461381739251842,-0.2662181943076343,-1.465053945420711,-0.8678081880176189,0.048810058380154286
66.377,11.1019,-4.9896,5.0,-36.4295,24.6456,4.23683752860397,0.09103781883167915,-1.0460734661060522,-1.465053945420711,-0.873935260705941,-0.2869068433242543
66.427,11.1019,0.0,5.0,-36.7345,28.6829,3.3315652173914767,0.09103781883167915,-0.006266437041495043,-1.465053945420711,-0.8800603251764039,0.0821577849265853
66.477,11.289,3.7422,5.0,-37.049,32.1943,-2.8952402745996864,0.13871344741177133,0.7735888347569227,-1.465053945420711,-0.8863761703434878,0.40314793568080176
66.527,11.1643,-2.4948,5.0,-37.3572,26.8254,3.6088558352401168,0.10693818881242623,-0.5261699515737737,-1.465053945420711,-0.892565497785444,-0.08764320756243843
66.577,11.2266,1.2474,5.0,-37.6685,30.0145,3.568077803203718,0.12281307743102426,0.25368532022464424,-1.465053945420711,-0.8988170799810347,0.20388429991898588
66.627,11.0395,-3.7422,5.0,-37.9705,25.4938,-2.6383386727689238,0.07513744885093208,-0.7861217088399128,-1.465053945420711,-0.9048818979157225,-0.20936972255483868
66.677,11.0395,0.0,5.0,-38.2725,28.5217,4.326549199084666,0.07513744885093208,-0.006266437041495043,-1.465053945420711,-0.9109467158504103,0.06742189260398462
66.727,11.1019,1.2474,5.0,-38.5776,29.6922,3.07466361556062,0.09103781883167915,0.25368532022464424,-1.465053945420711,-0.9170737885387323,0.17442165664619308
66.777,11.1643,1.2474,5.0,-38.8858,29.8533,0.9256613272310751,0.10693818881242623,0.25368532022464424,-1.465053945420711,-0.9232631159806888,0.1891484075963852
66.827,11.2266,1.2474,5.0,-39.1971,30.0145,2.299881006864969,0.12281307743102426,0.25368532022464424,-1.465053945420711,-0.9295146981762792,0.20388429991898588
66.877,10.9772,-4.9896,5.0,-39.496,24.3233,-3.6577894736842107,0.05926256023233358,-1.0460734661060522,-1.465053945420711,-0.9355172613573329,-0.3163694865970471
66.927,11.0395,1.2474,5.0,-39.798,29.5311,-0.24874599542351453,0.07513744885093208,0.25368532022464424,-1.465053945420711,-0.9415820792920208,0.15969490569600092
66.977,11.2266,3.7422,5.0,-40.1093,32.0331,4.67316247139583,0.12281307743102426,0.7735888347569227,-1.465053945420711,-0.9478336614876112,0.38841204335820106
67.027,11.0395,-3.7422,5.0,-40.4113,25.4938,-1.4761647597252492,0.07513744885093208,-0.7861217088399128,-1.465053945420711,-0.953898479422299,-0.20936972255483868
67.077,11.0395,0.0,5.0,-40.7132,28.5217,-1.1132402745994845,0.07513744885093208,-0.006266437041495043,-1.465053945420711,-0.9599612891391278,0.06742189260398462
67.127,11.1019,1.2474,5.0,-41.0183,29.6922,-1.7289885583523812,0.09103781883167915,0.25368532022464424,-1.465053945420711,-0.96608836182745,0.17442165664619308
67.177,11.1019,0.0,5.0,-41.3234,28.6829,-0.14680091533194886,0.09103781883167915,-0.006266437041495043,-1.465053945420711,-0.9722154345157719,0.0821577849265853
67.227,11.1019,0.0,5.0,-41.6285,28.6829,1.3946086956521424,0.09103781883167915,-0.006266437041495043,-1.465053945420711,-0.9783425072040941,0.0821577849265853
67.277,11.1019,0.0,5.0,-41.9336,28.6829,0.3873913043479141,0.09103781883167915,-0.006266437041495043,-1.465053945420711,-0.984469579892416,0.0821577849265853
67.327,11.1019,0.0,5.0,-42.2387,28.6829,3.4538993135011498,0.09103781883167915,-0.006266437041495043,-1.465053945420711,-0.9905966525807381,0.0821577849265853
67.377,11.1019,0.0,5.0,-42.5438,28.6829,-1.2763524027460464,0.09103781883167915,-0.006266437041495043,-1.465053945420711,-0.9967237252690602,0.0821577849265853
67.427,11.2266,2.4948,5.0,-42.8551,31.0238,-4.037025171624704,0.12281307743102426,0.5136370774907836,-1.465053945420711,-1.0029753074646508,0.29614817163859364
67.477,10.9148,-6.237,5.0,-43.1509,23.1528,4.522283752860427,0.04336219025158651,-1.3060252233721914,-1.465053945420711,-1.0089156158920702,-0.42336925063925557
67.527,11.0395,2.4948,5.0,-43.4529,30.5404,4.399949656750419,0.07513744885093208,0.5136370774907836,-1.465053945420711,-1.014980433826758,0.251958777415609
67.577,11.1019,1.2474,5.0,-43.758,29.6922,-2.740283752860458,0.09103781883167915,0.25368532022464424,-1.465053945420711,-1.02110750651508,0.17442165664619308
67.627,11.1643,1.2474,5.0,-44.0662,29.8533,0.008155606407335703,0.10693818881242623,0.25368532022464424,-1.465053945420711,-1.0272968339570365,0.1891484075963852
67.677,11.2266,1.2474,5.0,-44.3775,30.0145,0.04893363844395898,0.12281307743102426,0.25368532022464424,-1.465053945420711,-1.033548416152627,0.20388429991898588
67.727,11.0395,-3.7422,5.0,-44.6795,25.4938,-0.9542059496567359,0.07513744885093208,-0.7861217088399128,-1.465053945420711,-1.0396132340873148,-0.20936972255483868
67.777,11.1643,2.4948,5.0,-44.9877,30.8627,-4.705784897024993,0.10693818881242623,0.5136370774907836,-1.465053945420711,-1.045802561529271,0.2814214206884015
67.827,11.1643,0.0,5.0,-45.2959,28.844,-1.5984988558351776,0.10693818881242623,-0.006266437041495043,-1.465053945420711,-1.0519918889712274,0.09688453587677744
67.877,11.1643,0.0,5.0,-45.6041,28.844,2.6628054919907274,0.10693818881242623,-0.006266437041495043,-1.465053945420711,-1.0581812164131836,0.09688453587677744
67.927,11.1643,0.0,5.0,-45.9123,28.844,0.8808054919909158,0.10693818881242623,-0.006266437041495043,-1.465053945420711,-1.06437054385514,0.09688453587677744
67.977,11.289,2.4948,5.0,-46.2268,31.1849,0.10602288329502718,0.13871344741177133,0.5136370774907836,-1.465053945420711,-1.0706863890222238,0.31087492258878546
68.027,11.1643,-2.4948,5.0,-46.535,26.8254,-4.860741418764332,0.10693818881242623,-0.5261699515737737,-1.465053945420711,-1.07687571646418,-0.08764320756243843
68.077,11.0395,-2.4948,5.0,-46.837,26.5031,-1.8717116704804064,0.07513744885093208,-0.5261699515737737,-1.465053945420711,-1.082940534398868,-0.11710585083523091
68.127,11.1019,1.2474,5.0,-47.1421,29.6922,0.6198260869565592,0.09103781883167915,0.25368532022464424,-1.465053945420711,-1.08906760708719,0.17442165664619308
68.177,10.9772,-2.4948,5.0,-47.4409,26.342,0.941972540045832,0.05926256023233358,-0.5261699515737737,-1.465053945420711,-1.0950681620503846,-0.13183260178542305
68.227,11.0395,1.2474,5.0,-47.7429,29.5311,-2.0715240274599527,0.07513744885093208,0.25368532022464424,-1.465053945420711,-1.1011329799850724,0.15969490569600092
68.277,10.9148,-2.4948,5.0,-48.0386,26.1808,1.496553775743579,0.04336219025158651,-0.5261699515737737,-1.465053945420711,-1.1070712801946327,-0.1465684941080234
68.327,11.289,7.4844,5.0,-48.3531,35.2222,1.2314965675057603,0.13871344741177133,1.5534441065553406,-1.465053945420711,-1.1133871253617165,0.6799395508396254
68.377,11.0395,-4.9896,5.0,-48.6551,24.4845,-0.6157482837528163,0.07513744885093208,-1.0460734661060522,-1.465053945420711,-1.1194519432964043,-0.3016335942744464
68.427,11.1019,1.2474,5.0,-48.9602,29.6922,2.8055286041188934,0.09103781883167915,0.25368532022464424,-1.465053945420711,-1.1255790159847265,0.17442165664619308
68.477,11.1019,0.0,5.0,-49.2653,28.6829,-1.4802425629288467,0.09103781883167915,-0.006266437041495043,-1.465053945420711,-1.1317060886730486,0.0821577849265853
68.527,10.8524,-4.9896,5.0,-49.5579,24.001,1.5617986270023265,0.02746182027083944,-1.0460734661060522,-1.465053945420711,-1.1375821341289745,-0.3458321298698396
68.577,11.0395,3.7422,5.0,-49.8599,31.5497,4.314315789473367,0.07513744885093208,0.7735888347569227,-1.465053945420711,-1.1436469520636625,0.3442226491352168
68.627,10.9772,-1.2474,5.0,-50.1587,27.3513,-0.2609794050343636,0.05926256023233358,-0.2662181943076343,-1.465053945420711,-1.149647507026857,-0.03956873006581527
68.677,11.0395,1.2474,5.0,-50.4607,29.5311,-5.443867276887701,0.07513744885093208,0.25368532022464424,-1.465053945420711,-1.1557123249615449,0.15969490569600092
68.727,11.0395,0.0,5.0,-50.7627,28.5217,0.10602288329512148,0.07513744885093208,-0.006266437041495043,-1.465053945420711,-1.1617771428962327,0.06742189260398462
68.777,11.1019,1.2474,5.0,-51.0678,29.6922,-1.7534553775743944,0.09103781883167915,0.25368532022464424,-1.465053945420711,-1.1679042155845547,0.17442165664619308
68.827,10.8524,-4.9896,5.0,-51.3604,24.001,2.4426041189932097,0.02746182027083944,-1.0460734661060522,-1.465053945420711,-1.1737802610404808,-0.3458321298698396
68.877,11.1019,4.9896,5.0,-51.6655,32.7202,3.5843890160182923,0.09103781883167915,1.033540592023062,-1.465053945420711,-1.1799073337288029,0.4512224131774249
68.927,10.9148,-3.7422,5.0,-51.9612,25.1715,-4.383638443935856,0.04336219025158651,-0.7861217088399128,-1.465053945420711,-1.1858456339383632,-0.23883236582763115
68.977,10.9148,0.0,5.0,-52.257,28.1995,1.3293638443936198,0.04336219025158651,-0.006266437041495043,-1.465053945420711,-1.1917859423657826,0.03796839070360068
69.027,11.2266,6.237,5.0,-52.5683,34.0518,-2.887084668192291,0.12281307743102426,1.2934923492892014,-1.465053945420711,-1.1980375245613732,0.5729489281698255
69.077,11.0395,-3.7422,5.0,-52.8703,25.4938,-0.0937894736843043,0.07513744885093208,-0.7861217088399128,-1.465053945420711,-1.204102342496061,-0.20936972255483868
69.127,10.7901,-4.9896,5.0,-53.1598,23.8399,2.5119267734553206,0.011586931652241395,-1.0460734661060522,-1.465053945420711,-1.2099161331983528,-0.36055888082003174
69.177,10.9148,2.4948,5.0,-53.4555,30.2181,-0.8033272311212966,0.04336219025158651,0.5136370774907836,-1.465053945420711,-1.215854433407913,0.22249613414281622
69.227,11.0395,2.4948,5.0,-53.7575,30.5404,0.34661327231119754,0.07513744885093208,0.5136370774907836,-1.465053945420711,-1.221919251342601,0.251958777415609
69.277,10.7901,-4.9896,5.0,-54.047,23.8399,-1.516942791761932,0.011586931652241395,-1.0460734661060522,-1.465053945420711,-1.2277330420448929,-0.36055888082003174
69.327,10.9772,3.7422,5.0,-54.3458,31.3886,-6.206416475972478,0.05926256023233358,0.7735888347569227,-1.465053945420711,-1.2337335970080872,0.32949589818502467
69.377,10.7901,-3.7422,5.0,-54.6354,24.8492,-3.6863340961097584,0.011586931652241395,-0.7861217088399128,-1.465053945420711,-1.2395493959282382,-0.268295009100424
69.427,10.8524,1.2474,5.0,-54.928,29.0477,-1.3946086956521242,0.02746182027083944,0.25368532022464424,-1.465053945420711,-1.2454254413841643,0.11550551147301631
69.477,10.9148,1.2474,5.0,-55.2237,29.2088,-1.8187002288331122,0.04336219025158651,0.25368532022464424,-1.465053945420711,-1.2513637415937247,0.13023226242320846
69.527,10.8524,-1.2474,5.0,-55.5163,27.029,0.5994370709383678,0.02746182027083944,-0.2662181943076343,-1.465053945420711,-1.2572397870496508,-0.06903137333860776
69.577,10.8524,0.0,5.0,-55.809,28.0383,-1.4190755148739653,0.02746182027083944,-0.006266437041495043,-1.465053945420711,-1.2631178407234358,0.02323249838100001
69.627,10.6653,-3.7422,5.0,-56.0922,24.5269,-6.353217391304439,-0.020213808309252748,-0.7861217088399128,-1.465053945420711,-1.2688051137006002,-0.29775765237321644
69.677,10.6029,-1.2474,5.0,-56.3724,26.3845,-4.705784897025161,-0.03611417828999982,-0.2662181943076343,-1.465053945420711,-1.2744321401419894,-0.1279475185117845
69.727,10.4782,-2.4948,5.0,-56.6463,25.0528,2.7688283752860676,-0.06788943688934539,-0.5261699515737737,-1.465053945420711,-1.279932648858251,-0.2496831748765933
69.777,10.3535,-2.4948,5.0,-56.9139,24.7306,-2.5771716247139875,-0.0996646954886905,-0.5261699515737737,-1.465053945420711,-1.2853066398493849,-0.27913667677697757
69.827,10.3535,0.0,5.0,-57.1816,26.7492,-3.1888421052631255,-0.0996646954886905,-0.006266437041495043,-1.465053945420711,-1.2906826390583783,-0.09460893333776203
69.877,10.2911,-1.2474,5.0,-57.4462,25.5788,-2.124535469107496,-0.11556506546943758,-0.2662181943076343,-1.465053945420711,-1.295996383513737,-0.2015995560075616
69.927,10.2911,0.0,5.0,-57.7107,26.5881,-3.8453684210525996,-0.11556506546943758,-0.006266437041495043,-1.465053945420711,-1.301308119751237,-0.10933568428795384
69.977,10.1664,-2.4948,5.0,-57.9691,24.2471,-1.680054919908287,-0.14734032406878314,-0.5261699515737737,-1.465053945420711,-1.3064973546993275,-0.32333521237237073
70.027,9.8545,-6.237,5.0,-58.2118,20.4135,-1.0561510297481624,-0.22681669261036946,-1.3060252233721914,-1.465053945420711,-1.3113712994435285,-0.6737788650269715
70.077,10.0416,3.7422,5.0,-58.4639,28.9715,4.061491990846573,-0.17914106403027683,0.7735888347569227,-1.465053945420711,-1.3164340166664914,0.10853978569769271
70.127,9.8545,-3.7422,5.0,-58.7066,22.4321,-0.9745949656750463,-0.22681669261036946,-0.7861217088399128,-1.465053945420711,-1.3213079614106926,-0.4892511215877559
70.177,9.7921,-1.2474,5.0,-58.9462,24.2896,-3.0216521739130098,-0.24271706259111656,-0.2662181943076343,-1.465053945420711,-1.3261196514012594,-0.3194501290987322
70.227,9.6674,-2.4948,5.0,-59.1796,22.958,-0.06932265446230268,-0.2744923211904617,-0.5261699515737737,-1.465053945420711,-1.330806831884558,-0.4411766440911328
70.277,9.4803,-3.7422,5.0,-59.4036,21.4653,-1.4965537757437897,-0.3221679497705543,-0.7861217088399128,-1.465053945420711,-1.3353052398890948,-0.5776299100337251
70.327,9.3555,-2.4948,5.0,-59.6213,22.1524,-2.3732814645308586,-0.3539686897320484,-0.5261699515737737,-1.465053945420711,-1.3396771301685038,-0.5148195402145013
70.377,9.2308,-2.4948,5.0,-59.8329,21.83,-2.54047139588089,-0.3857439483313936,-0.5261699515737737,-1.465053945420711,-1.3439265191585037,-0.5442913248597027
70.427,9.1061,-2.4948,5.0,-60.0382,21.5078,1.0194508009153447,-0.41751920693073913,-0.5261699515737737,-1.465053945420711,-1.3480493904233761,-0.5737448267600866
70.477,8.9813,-2.4948,5.0,-60.2373,21.1855,0.28136842105265014,-0.44931994689223326,-0.5261699515737737,-1.465053945420711,-1.3520477521809797,-0.6032074700328791
70.527,9.0437,1.2474,5.0,-60.4394,24.3746,-5.223665903890198,-0.4334195769114862,0.25368532022464424,-1.465053945420711,-1.3561063604743586,-0.31167996255145514
70.577,8.919,-2.4948,5.0,-60.6354,21.0243,-0.9582837528604093,-0.4651948355108313,-0.5261699515737737,-1.465053945420711,-1.3600424674783282,-0.6179433623554798
70.627,8.6071,-6.237,5.0,-60.8157,17.1907,-0.2446681922195637,-0.5446712040524176,-1.3060252233721914,-1.465053945420711,-1.3636632842784084,-0.9683870150100805
70.677,8.6695,1.2474,5.0,-60.9992,23.4078,-4.367327231121161,-0.528770834071671,0.25368532022464424,-1.465053945420711,-1.3673483640499822,-0.4000587509974244
70.727,8.42,-4.9896,5.0,-61.1702,17.7166,-0.2732128146452961,-0.5923468326325103,-1.0460734661060522,-1.465053945420711,-1.3707824165891596,-0.9203125375134573
70.777,8.2953,-2.4948,5.0,-61.335,19.413,-0.28952402746004857,-0.6241220912318558,-0.5261699515737737,-1.465053945420711,-1.3740919596210688,-0.7652382959746258
70.827,7.9834,-6.237,5.0,-61.4842,15.5793,-3.5191441647597266,-0.7035984597734422,-1.3060252233721914,-1.465053945420711,-1.3770882206669477,-1.115691090001635
70.877,7.9834,0.0,5.0,-61.6333,20.6259,-3.9880915331807287,-0.7035984597734422,-0.006266437041495043,-1.465053945420711,-1.3800824734949673,-0.6543625900311874
70.927,7.7963,-3.7422,5.0,-61.7731,17.1145,-3.250009153318052,-0.7512740883535346,-0.7861217088399128,-1.465053945420711,-1.3828899620620845,-0.9753527407854041
70.977,7.6092,-3.7422,5.0,-61.9036,16.6311,-5.606979405034198,-0.7989497169336268,-0.7861217088399128,-1.465053945420711,-1.3855106863682989,-1.0195421350083886
71.027,7.4221,-3.7422,5.0,-62.0247,16.1477,-1.9084118993133403,-0.8466253455137192,-0.7861217088399128,-1.465053945420711,-1.3879426381957516,-1.0637315292313734
71.077,7.235,-3.7422,5.0,-62.1365,15.6643,0.9052723112129479,-0.8943009740938116,-0.7861217088399128,-1.465053945420711,-1.3901878257623017,-1.1079209234543579
71.127,6.9855,-4.9896,5.0,-62.2357,14.0104,-2.952329519450778,-0.9578769726546511,-1.0460734661060522,-1.465053945420711,-1.3921799778785964,-1.259110081719551
71.177,6.9231,-1.2474,5.0,-62.3319,16.8772,2.679116704805433,-0.9737773426353982,-0.2662181943076343,-1.465053945420711,-1.3941118834591162,-0.9970452175109199
71.227,6.7984,-2.4948,5.0,-62.4218,15.5456,0.5627368421053891,-1.0055526012347435,-0.5261699515737737,-1.465053945420711,-1.3959172713145083,-1.1187717325033202
71.277,6.5489,-4.9896,5.0,-62.4993,12.8824,-0.778860411899247,-1.069128599795583,-1.0460734661060522,-1.465053945420711,-1.3974736401553636,-1.362224762488121
71.327,6.237,-6.237,5.0,-62.5611,11.0674,3.910613272311032,-1.1486049683371693,-1.3060252233721914,-1.465053945420711,-1.3987147187923297,-1.5281406717035062
71.377,6.1123,-2.4948,5.0,-62.6167,13.7731,2.662805491990823,-1.1803802269365147,-0.5261699515737737,-1.465053945420711,-1.3998312879220272,-1.2808025584450669
71.427,5.8628,-4.9896,5.0,-62.6599,11.1099,3.4742883295195393,-1.2439562254973542,-1.0460734661060522,-1.465053945420711,-1.4006988380371879,-1.5242555884298676
71.477,5.6757,-3.7422,5.0,-62.6936,11.6358,4.163437070938154,-1.2916318540774465,-0.7861217088399128,-1.465053945420711,-1.4013756074557275,-1.4761811109332443
71.527,5.6133,-1.2474,5.0,-62.7243,13.4933,5.92504805491977,-1.3075322240581937,-0.2662181943076343,-1.465053945420711,-1.4019921303384921,-1.306380118444221
71.577,5.4886,-2.4948,5.0,-62.7487,12.1617,4.656851258581161,-1.339307482657539,-0.5261699515737737,-1.465053945420711,-1.4024821354961292,-1.4281066334366213
71.627,5.4262,-1.2474,5.0,-62.77,13.0099,3.2663203661326357,-1.355207852638286,-0.2662181943076343,-1.465053945420711,-1.4029098859001319,-1.3505695126672055
71.677,5.3015,-2.4948,5.0,-62.7851,11.6783,3.2663203661327245,-1.3869831112376314,-0.5261699515737737,-1.465053945420711,-1.4032131267968664,-1.472296027659606
71.727,5.052,-4.9896,5.0,-62.7877,9.0151,5.513189931350159,-1.450559109798471,-1.0460734661060522,-1.465053945420711,-1.4032653404612048,-1.7157490576444068
71.777,5.2391,3.7422,5.0,-62.7997,16.5638,3.9921693363844257,-1.4028834812183784,0.7735888347569227,-1.465053945420711,-1.403506326604305,-1.0256942786393504
71.827,5.052,-3.7422,5.0,-62.8023,10.0244,0.24466819221964808,-1.450559109798471,-0.7861217088399128,-1.465053945420711,-1.4035585402686435,-1.623485185924799
71.877,4.8649,-3.7422,5.0,-62.7955,9.541,2.255025171624645,-1.4982347383785632,-0.7861217088399128,-1.465053945420711,-1.4034219814542197,-1.6676745801477835
71.927,4.8649,0.0,5.0,-62.7888,12.569,3.282631578947266,-1.4982347383785632,-0.006266437041495043,-1.465053945420711,-1.4032874308576555,-1.3908738236165517
71.977,4.8649,0.0,5.0,-62.782,12.569,1.855400457665759,-1.4982347383785632,-0.006266437041495043,-1.465053945420711,-1.4031508720432322,-1.3908738236165517
72.027,4.7402,-2.4948,5.0,-62.769,10.228,0.3833135011441957,-1.5300099969779086,-0.5261699515737737,-1.465053945420711,-1.4028898037215403,-1.6048733517009686
72.077,4.6154,-2.4948,5.0,-62.7498,9.9058,2.202013729977128,-1.5618107369394025,-0.5261699515737737,-1.465053945420711,-1.40250422589258,-1.6343268536013527
72.127,4.5531,-1.2474,5.0,-62.7274,10.7539,3.816823798626958,-1.577685625558001,-0.2662181943076343,-1.465053945420711,-1.4020543850921265,-1.5567988742043455
72.177,4.4283,-2.4948,5.0,-62.6989,9.4223,4.143048054919852,-1.6094863655194949,-0.5261699515737737,-1.465053945420711,-1.4014820430022634,-1.6785253891967458
72.227,4.4907,1.2474,5.0,-62.6734,12.6114,0.9297391304346803,-1.593585995538748,0.25368532022464424,-1.465053945420711,-1.4009699474481756,-1.3869978817153217
72.277,4.4283,-1.2474,5.0,-62.6448,10.4317,5.1502654462242115,-1.6094863655194949,-0.2662181943076343,-1.465053945420711,-1.4003955971404534,-1.5862523761047294
72.327,4.4907,1.2474,5.0,-62.6193,12.6114,6.928187643020563,-1.593585995538748,0.25368532022464424,-1.465053945420711,-1.3998835015863655,-1.3869978817153217
72.377,4.4907,0.0,5.0,-62.5939,11.6021,-0.17942334096114065,-1.593585995538748,-0.006266437041495043,-1.465053945420711,-1.3993734142501366,-1.4792617534349295
72.427,4.4907,0.0,5.0,-62.5684,11.6021,3.5517665903889215,-1.593585995538748,-0.006266437041495043,-1.465053945420711,-1.398861318696049,-1.4792617534349295
72.477,4.4283,-1.2474,5.0,-62.5398,10.4317,6.8507093821509475,-1.6094863655194949,-0.2662181943076343,-1.465053945420711,-1.398286968388327,-1.5862523761047294
72.527,4.3659,-1.2474,5.0,-62.5081,10.2705,4.681318077803117,-1.625386735500242,-0.2662181943076343,-1.465053945420711,-1.3976503633269706,-1.6009882684273298
72.577,4.5531,3.7422,5.0,-62.4858,14.7912,-0.5178810068649892,-1.577685625558001,0.7735888347569227,-1.465053945420711,-1.397202530744376,-1.1877342459535056
72.627,4.4907,-1.2474,5.0,-62.4603,10.5928,-0.10602288329520371,-1.593585995538748,-0.2662181943076343,-1.465053945420711,-1.396690435190288,-1.5715256251545373
72.677,4.6154,2.4948,5.0,-62.4411,13.9431,1.4557757437069723,-1.5618107369394025,0.5136370774907836,-1.465053945420711,-1.3963048573613277,-1.2652622253505128
72.727,4.5531,-1.2474,5.0,-62.4187,10.7539,0.37515789473682504,-1.577685625558001,-0.2662181943076343,-1.465053945420711,-1.3958550165608743,-1.5567988742043455
72.777,4.6778,2.4948,5.0,-62.4026,14.1042,1.8513226544621997,-1.5459103669586556,0.5136370774907836,-1.465053945420711,-1.395531693485548,-1.2505354744003208
72.827,4.6154,-1.2474,5.0,-62.3834,10.9151,2.1612356979404366,-1.5618107369394025,-0.2662181943076343,-1.465053945420711,-1.3951461156565879,-1.5420629818817448
72.877,4.7402,2.4948,5.0,-62.3704,14.2653,1.7738443935926695,-1.5300099969779086,0.5136370774907836,-1.465053945420711,-1.394885047334896,-1.2358087234501287
72.927,4.8025,1.2474,5.0,-62.3605,13.4171,2.08375743707086,-1.5141351083593102,0.25368532022464424,-1.465053945420711,-1.3946862337668384,-1.3133458442195445
72.977,4.8025,0.0,5.0,-62.3507,12.4078,-0.24466819221974134,-1.5141351083593102,-0.006266437041495043,-1.465053945420711,-1.39448942841664,-1.4056097159391523
73.027,4.8025,0.0,5.0,-62.3408,12.4078,-5.790480549199011,-1.5141351083593102,-0.006266437041495043,-1.465053945420711,-1.3942906148485823,-1.4056097159391523
73.077,4.8025,0.0,5.0,-62.3309,12.4078,-1.8390892448511664,-1.5141351083593102,-0.006266437041495043,-1.465053945420711,-1.3940918012805246,-1.4056097159391523
73.127,4.9896,3.7422,5.0,-62.3304,15.9192,1.3742196796338402,-1.4664594797792176,0.7735888347569227,-1.465053945420711,-1.3940817601912288,-1.0846195651849355
73.177,4.9896,0.0,5.0,-62.3299,12.8912,1.5617986270021955,-1.4664594797792176,-0.006266437041495043,-1.465053945420711,-1.394071719101933,-1.3614203217161676
73.227,4.9896,0.0,5.0,-62.3294,12.8912,0.3180686498855245,-1.4664594797792176,-0.006266437041495043,-1.465053945420711,-1.394061678012637,-1.3614203217161676
73.277,5.1144,2.4948,5.0,-62.3351,15.2322,-1.5006315789473657,-1.4346587398177237,0.5136370774907836,-1.465053945420711,-1.3941761464306097,-1.1474207936317506
73.327,5.052,-1.2474,5.0,-62.3377,12.0431,-2.8096064073226077,-1.450559109798471,-0.2662181943076343,-1.465053945420711,-1.394228360094948,-1.4389483011131747
73.377,5.1144,1.2474,5.0,-62.3434,14.2228,-4.346938215102867,-1.4346587398177237,0.25368532022464424,-1.465053945420711,-1.3943428285129207,-1.2396938067237673
73.427,5.1144,0.0,5.0,-62.3491,13.2135,-0.028544622425585864,-1.4346587398177237,-0.006266437041495043,-1.465053945420711,-1.394457296930893,-1.331957678443375
73.477,5.052,-1.2474,5.0,-62.3517,12.0431,-0.08971167048059281,-1.450559109798471,-0.2662181943076343,-1.465053945420711,-1.3945095105952314,-1.4389483011131747
73.527,5.052,0.0,5.0,-62.3543,13.0524,-3.4049656750571775,-1.450559109798471,-0.006266437041495043,-1.465053945420711,-1.3945617242595698,-1.346684429393567
73.577,5.2391,3.7422,5.0,-62.3663,16.5638,-4.469272311212758,-1.4028834812183784,0.7735888347569227,-1.465053945420711,-1.3948027104026701,-1.0256942786393504
73.627,5.2391,0.0,5.0,-62.3782,13.5358,-0.3751578947367991,-1.4028834812183784,-0.006266437041495043,-1.465053945420711,-1.395041688327911,-1.3024950351705824
73.677,5.2391,0.0,5.0,-62.3902,13.5358,-0.07340045766583009,-1.4028834812183784,-0.006266437041495043,-1.465053945420711,-1.3952826744710112,-1.3024950351705824
73.727,5.1144,-2.4948,5.0,-62.3959,11.1949,-1.2437299771167134,-1.4346587398177237,-0.5261699515737737,-1.465053945420711,-1.395397142888984,-1.5164854218825905
73.777,5.1144,0.0,5.0,-62.4016,13.2135,0.8033272311212978,-1.4346587398177237,-0.006266437041495043,-1.465053945420711,-1.3955116113069566,-1.331957678443375
73.827,5.052,-1.2474,5.0,-62.4042,12.0431,0.4118581235698003,-1.450559109798471,-0.2662181943076343,-1.465053945420711,-1.395563824971295,-1.4389483011131747
73.877,5.1144,1.2474,5.0,-62.4099,14.2228,-0.3670022883295261,-1.4346587398177237,0.25368532022464424,-1.465053945420711,-1.3956782933892673,-1.2396938067237673
73.927,5.1768,1.2474,5.0,-62.4188,14.384,-0.020389016018269868,-1.4187583698369768,0.25368532022464424,-1.465053945420711,-1.3958570247787332,-1.2249579144011666
73.977,5.1144,-1.2474,5.0,-62.4245,12.2042,-0.7992494279176499,-1.4346587398177237,-0.2662181943076343,-1.465053945420711,-1.395971493196706,-1.4242215501629827
74.027,5.052,-1.2474,5.0,-62.4271,12.0431,-0.6524485125858739,-1.450559109798471,-0.2662181943076343,-1.465053945420711,-1.3960237068610444,-1.4389483011131747
74.077,5.1144,1.2474,5.0,-62.4328,14.2228,2.173469107551519,-1.4346587398177237,0.25368532022464424,-1.465053945420711,-1.396138175279017,-1.2396938067237673
74.127,5.1144,0.0,5.0,-62.4385,13.2135,2.7606727688787855,-1.4346587398177237,-0.006266437041495043,-1.465053945420711,-1.3962526436969893,-1.331957678443375
74.177,5.1144,0.0,5.0,-62.4443,13.2135,1.875789473684201,-1.4346587398177237,-0.006266437041495043,-1.465053945420711,-1.3963691203328212,-1.331957678443375
74.227,5.1768,1.2474,5.0,-62.4531,14.384,-0.2936018306636459,-1.4187583698369768,0.25368532022464424,-1.465053945420711,-1.396545843504428,-1.2249579144011666
74.277,5.1144,-1.2474,5.0,-62.4588,12.2042,-0.45263615560646814,-1.4346587398177237,-0.2662181943076343,-1.465053945420711,-1.3966603119224006,-1.4242215501629827
74.327,5.1768,1.2474,5.0,-62.4677,14.384,-0.6524485125858482,-1.4187583698369768,0.25368532022464424,-1.465053945420711,-1.3968390433118665,-1.2249579144011666
74.377,5.1144,-1.2474,5.0,-62.4734,12.2042,-1.121395881006847,-1.4346587398177237,-0.2662181943076343,-1.465053945420711,-1.3969535117298393,-1.4242215501629827
74.427,5.1768,1.2474,5.0,-62.4822,14.384,1.786077803203671,-1.4187583698369768,0.25368532022464424,-1.465053945420711,-1.3971302349014458,-1.2249579144011666
74.477,5.1768,0.0,5.0,-62.4911,13.3747,-1.3497528604118396,-1.4187583698369768,-0.006266437041495043,-1.465053945420711,-1.3973089662909122,-1.3172217861207742
74.527,5.1768,0.0,5.0,-62.4999,13.3747,-3.829057208237936,-1.4187583698369768,-0.006266437041495043,-1.465053945420711,-1.3974856894625187,-1.3172217861207742
74.577,5.1144,-1.2474,5.0,-62.5056,12.2042,-0.3058352402746134,-1.4346587398177237,-0.2662181943076343,-1.465053945420711,-1.3976001578804915,-1.4242215501629827
74.627,5.1768,1.2474,5.0,-62.5145,14.384,-0.6973043478260246,-1.4187583698369768,0.25368532022464424,-1.465053945420711,-1.3977788892699574,-1.2249579144011666
74.677,5.1768,0.0,5.0,-62.5233,13.3747,1.3905308924484445,-1.4187583698369768,-0.006266437041495043,-1.465053945420711,-1.397955612441564,-1.3172217861207742
74.727,5.1768,0.0,5.0,-62.5321,13.3747,4.057414187642886,-1.4187583698369768,-0.006266437041495043,-1.465053945420711,-1.398132335613171,-1.3172217861207742
74.777,5.1768,0.0,5.0,-62.541,13.3747,-1.7575331807779717,-1.4187583698369768,-0.006266437041495043,-1.465053945420711,-1.3983110670026369,-1.3172217861207742
74.827,5.1144,-1.2474,5.0,-62.5467,12.2042,-1.2885858123569334,-1.4346587398177237,-0.2662181943076343,-1.465053945420711,-1.3984255354206097,-1.4242215501629827
74.877,5.1144,0.0,5.0,-62.5524,13.2135,-0.8604164759725056,-1.4346587398177237,-0.006266437041495043,-1.465053945420711,-1.398540003838582,-1.331957678443375
74.927,5.1144,0.0,5.0,-62.5581,13.2135,0.921583524027417,-1.4346587398177237,-0.006266437041495043,-1.465053945420711,-1.3986544722565546,-1.331957678443375
74.977,5.052,-1.2474,5.0,-62.5607,12.0431,2.316192219679584,-1.450559109798471,-0.2662181943076343,-1.465053945420711,-1.398706685920893,-1.4389483011131747
75.027,5.1768,2.4948,5.0,-62.5696,15.3933,-0.509725400457641,-1.4187583698369768,0.5136370774907836,-1.465053945420711,-1.3988854173103589,-1.1326940426815588
75.077,5.1768,0.0,5.0,-62.5784,13.3747,-0.8155606407322877,-1.4187583698369768,-0.006266437041495043,-1.465053945420711,-1.3990621404819659,-1.3172217861207742
75.127,5.1768,0.0,5.0,-62.5873,13.3747,-2.5160045766589465,-1.4187583698369768,-0.006266437041495043,-1.465053945420711,-1.3992408718714318,-1.3172217861207742
75.177,5.3015,2.4948,5.0,-62.6023,15.7156,1.5984988558352213,-1.3869831112376314,0.5136370774907836,-1.465053945420711,-1.399542104550307,-1.1032313994087661
75.227,5.1144,-3.7422,5.0,-62.6081,10.1855,-0.10194508009152004,-1.4346587398177237,-0.7861217088399128,-1.465053945420711,-1.3996585811861386,-1.608758434974607
75.277,5.052,-1.2474,5.0,-62.6107,12.0431,-0.6769153318077372,-1.450559109798471,-0.2662181943076343,-1.465053945420711,-1.399710794850477,-1.4389483011131747
75.327,5.1768,2.4948,5.0,-62.6195,15.3933,0.10194508009148867,-1.4187583698369768,0.5136370774907836,-1.465053945420711,-1.399887518022084,-1.1326940426815588
75.377,5.1144,-1.2474,5.0,-62.6252,12.2042,-3.4620549199083763,-1.4346587398177237,-0.2662181943076343,-1.465053945420711,-1.4000019864400564,-1.4242215501629827
75.427,5.2391,2.4948,5.0,-62.6372,15.5544,0.5301144164759425,-1.4028834812183784,0.5136370774907836,-1.465053945420711,-1.4002429725831567,-1.1179672917313668
75.477,5.052,-3.7422,5.0,-62.6398,10.0244,0.020389016018235173,-1.450559109798471,-0.7861217088399128,-1.465053945420711,-1.400295186247495,-1.623485185924799
75.527,5.1144,1.2474,5.0,-62.6455,14.2228,1.3334416475972177,-1.4346587398177237,0.25368532022464424,-1.465053945420711,-1.4004096546654676,-1.2396938067237673
75.577,5.052,-1.2474,5.0,-62.6481,12.0431,2.458915331807773,-1.450559109798471,-0.2662181943076343,-1.465053945420711,-1.400461868329806,-1.4389483011131747
75.627,5.052,0.0,5.0,-62.6507,13.0524,-1.33344164759718,-1.450559109798471,-0.006266437041495043,-1.465053945420711,-1.4005140819941444,-1.346684429393567
75.677,5.1768,2.4948,5.0,-62.6595,15.3933,2.511926773455421,-1.4187583698369768,0.5136370774907836,-1.465053945420711,-1.4006908051657512,-1.1326940426815588
75.727,4.9896,-3.7422,5.0,-62.659,9.8633,0.5015697940503442,-1.4664594797792176,-0.7861217088399128,-1.465053945420711,-1.4006807640764551,-1.638211936874991
75.777,5.1768,3.7422,5.0,-62.6678,16.4026,-2.1775469107552268,-1.4187583698369768,0.7735888347569227,-1.465053945420711,-1.4008574872480621,-1.040430170961951
75.827,5.052,-2.4948,5.0,-62.6704,11.0337,3.665945080091427,-1.450559109798471,-0.5261699515737737,-1.465053945420711,-1.4009097009124005,-1.5312213142051911
75.877,5.1144,1.2474,5.0,-62.6762,14.2228,0.717693363844419,-1.4346587398177237,0.25368532022464424,-1.465053945420711,-1.4010261775482322,-1.2396938067237673
75.927,5.2391,2.4948,5.0,-62.6881,15.5544,0.4893363844394166,-1.4028834812183784,0.5136370774907836,-1.465053945420711,-1.4012651554734732,-1.1179672917313668
75.977,5.1144,-2.4948,5.0,-62.6938,11.1949,-0.8644942791761764,-1.4346587398177237,-0.5261699515737737,-1.465053945420711,-1.4013796238914458,-1.5164854218825905
76.027,5.1768,1.2474,5.0,-62.7027,14.384,-0.6361372997712306,-1.4187583698369768,0.25368532022464424,-1.465053945420711,-1.4015583552809117,-1.2249579144011666
76.077,5.052,-2.4948,5.0,-62.7053,11.0337,0.9460503432493708,-1.450559109798471,-0.5261699515737737,-1.465053945420711,-1.40161056894525,-1.5312213142051911
76.127,5.1144,1.2474,5.0,-62.711,14.2228,-3.1276750572081915,-1.4346587398177237,0.25368532022464424,-1.465053945420711,-1.4017250373632228,-1.2396938067237673
76.177,5.1768,1.2474,5.0,-62.7198,14.384,1.5617986270022925,-1.4187583698369768,0.25368532022464424,-1.465053945420711,-1.4019017605348294,-1.2249579144011666
76.227,5.1768,0.0,5.0,-62.7287,13.3747,-2.740283752860369,-1.4187583698369768,-0.006266437041495043,-1.465053945420711,-1.4020804919242957,-1.3172217861207742
76.277,5.2391,1.2474,5.0,-62.7406,14.5451,-2.3528924485125158,-1.4028834812183784,0.25368532022464424,-1.465053945420711,-1.4023194698495367,-1.2102311634509746
76.327,5.1768,-1.2474,5.0,-62.7495,12.3653,0.9011945080091485,-1.4187583698369768,-0.2662181943076343,-1.465053945420711,-1.4024982012390026,-1.4094947992127909
76.377,5.052,-2.4948,5.0,-62.7521,11.0337,-0.3058352402746615,-1.450559109798471,-0.5261699515737737,-1.465053945420711,-1.402550414903341,-1.5312213142051911
76.427,5.1768,2.4948,5.0,-62.7609,15.3933,2.560860411899346,-1.4187583698369768,0.5136370774907836,-1.465053945420711,-1.4027271380749475,-1.1326940426815588
76.477,5.1144,-1.2474,5.0,-62.7666,12.2042,0.5097254004576629,-1.4346587398177237,-0.2662181943076343,-1.465053945420711,-1.4028416064929203,-1.4242215501629827
76.527,5.2391,2.4948,5.0,-62.7786,15.5544,-1.2722745995423168,-1.4028834812183784,0.5136370774907836,-1.465053945420711,-1.4030825926360204,-1.1179672917313668
76.577,5.052,-3.7422,5.0,-62.7812,10.0244,0.0815560640731695,-1.450559109798471,-0.7861217088399128,-1.465053945420711,-1.4031348063003588,-1.623485185924799
76.627,5.1144,1.2474,5.0,-62.7869,14.2228,-0.11825629290625611,-1.4346587398177237,0.25368532022464424,-1.465053945420711,-1.4032492747183316,-1.2396938067237673
76.677,5.1144,0.0,5.0,-62.7926,13.2135,1.2763524027460085,-1.4346587398177237,-0.006266437041495043,-1.465053945420711,-1.403363743136304,-1.331957678443375
76.727,5.052,-1.2474,5.0,-62.7952,12.0431,0.7013821510297585,-1.450559109798471,-0.2662181943076343,-1.465053945420711,-1.4034159568006424,-1.4389483011131747
76.777,5.1768,2.4948,5.0,-62.8041,15.3933,-1.883945080091387,-1.4187583698369768,0.5136370774907836,-1.465053945420711,-1.4035946881901082,-1.1326940426815588
76.827,5.1768,0.0,5.0,-62.8129,13.3747,-0.4771029748283123,-1.4187583698369768,-0.006266437041495043,-1.465053945420711,-1.4037714113617152,-1.3172217861207742
76.877,5.1768,0.0,5.0,-62.8218,13.3747,-0.16718993135023938,-1.4187583698369768,-0.006266437041495043,-1.465053945420711,-1.4039501427511811,-1.3172217861207742
76.927,5.1144,-1.2474,5.0,-62.8275,12.2042,1.068384439359204,-1.4346587398177237,-0.2662181943076343,-1.465053945420711,-1.4040646111691537,-1.4242215501629827
76.977,5.1768,1.2474,5.0,-62.8363,14.384,0.024466819222002806,-1.4187583698369768,0.25368532022464424,-1.465053945420711,-1.4042413343407605,-1.2249579144011666
77.027,5.1144,-1.2474,5.0,-62.842,12.2042,-0.1223340961097761,-1.4346587398177237,-0.2662181943076343,-1.465053945420711,-1.404355802758733,-1.4242215501629827
77.077,5.2391,2.4948,5.0,-62.854,15.5544,-0.6973043478260935,-1.4028834812183784,0.5136370774907836,-1.465053945420711,-1.4045967889018334,-1.1179672917313668
77.127,5.052,-3.7422,5.0,-62.8566,10.0244,-2.169391304347848,-1.450559109798471,-0.7861217088399128,-1.465053945420711,-1.4046490025661718,-1.623485185924799
77.177,5.1144,1.2474,5.0,-62.8623,14.2228,0.35069107551488815,-1.4346587398177237,0.25368532022464424,-1.465053945420711,-1.4047634709841441,-1.2396938067237673
77.227,4.9896,-2.4948,5.0,-62.8618,10.8726,-1.4313089244851374,-1.4664594797792176,-0.5261699515737737,-1.465053945420711,-1.4047534298948485,-1.545948065155383
77.277,5.052,1.2474,5.0,-62.8644,14.0617,-0.3058352402745587,-1.450559109798471,0.25368532022464424,-1.465053945420711,-1.404805643559187,-1.254420557673959
77.327,5.1768,2.4948,5.0,-62.8732,15.3933,2.3732814645309013,-1.4187583698369768,0.5136370774907836,-1.465053945420711,-1.4049823667307935,-1.1326940426815588
77.377,5.1768,0.0,5.0,-62.8821,13.3747,1.060228832951932,-1.4187583698369768,-0.006266437041495043,-1.465053945420711,-1.4051610981202594,-1.3172217861207742
77.427,5.052,-2.4948,5.0,-62.8847,11.0337,0.016311212814621584,-1.450559109798471,-0.5261699515737737,-1.465053945420711,-1.4052133117845977,-1.5312213142051911
77.477,5.052,0.0,5.0,-62.8873,13.0524,0.7543935926773371,-1.450559109798471,-0.006266437041495043,-1.465053945420711,-1.4052655254489361,-1.346684429393567
77.527,5.052,0.0,5.0,-62.8899,13.0524,0.7951716247139506,-1.450559109798471,-0.006266437041495043,-1.465053945420711,-1.4053177391132747,-1.346684429393567
77.577,5.1144,1.2474,5.0,-62.8956,14.2228,1.2641189931350505,-1.4346587398177237,0.25368532022464424,-1.465053945420711,-1.4054322075312473,-1.2396938067237673
77.627,5.052,-1.2474,5.0,-62.8982,12.0431,-0.08971167048054246,-1.450559109798471,-0.2662181943076343,-1.465053945420711,-1.4054844211955857,-1.4389483011131747
77.677,5.1144,1.2474,5.0,-62.9039,14.2228,0.13864530892440607,-1.4346587398177237,0.25368532022464424,-1.465053945420711,-1.405598889613558,-1.2396938067237673
77.727,5.052,-1.2474,5.0,-62.9065,12.0431,-0.10194508009158519,-1.450559109798471,-0.2662181943076343,-1.465053945420711,-1.4056511032778964,-1.4389483011131747
77.777,5.1144,1.2474,5.0,-62.9122,14.2228,-1.0398398169336787,-1.4346587398177237,0.25368532022464424,-1.465053945420711,-1.4057655716958692,-1.2396938067237673
77.827,5.1144,0.0,5.0,-62.9179,13.2135,2.524160183066382,-1.4346587398177237,-0.006266437041495043,-1.465053945420711,-1.4058800401138418,-1.331957678443375
77.877,5.1144,0.0,5.0,-62.9237,13.2135,0.24466819221979547,-1.4346587398177237,-0.006266437041495043,-1.465053945420711,-1.4059965167496735,-1.331957678443375
77.927,5.1144,0.0,5.0,-62.9294,13.2135,-3.160297482837454,-1.4346587398177237,-0.006266437041495043,-1.465053945420711,-1.406110985167646,-1.331957678443375
77.977,5.1144,0.0,5.0,-62.9351,13.2135,-1.4598535469107792,-1.4346587398177237,-0.006266437041495043,-1.465053945420711,-1.4062254535856185,-1.331957678443375
78.027,5.1144,0.0,5.0,-62.9408,13.2135,2.210169336384335,-1.4346587398177237,-0.006266437041495043,-1.465053945420711,-1.4063399220035913,-1.331957678443375
78.077,5.1144,0.0,5.0,-62.9465,13.2135,1.618887871853516,-1.4346587398177237,-0.006266437041495043,-1.465053945420711,-1.4064543904215638,-1.331957678443375
78.127,5.1768,1.2474,5.0,-62.9554,14.384,-0.9827505720823455,-1.4187583698369768,0.25368532022464424,-1.465053945420711,-1.4066331218110297,-1.2249579144011666
78.177,5.1768,0.0,5.0,-62.9642,13.3747,0.020389016018298456,-1.4187583698369768,-0.006266437041495043,-1.465053945420711,-1.4068098449826365,-1.3172217861207742
78.227,5.1144,-1.2474,5.0,-62.9699,12.2042,-0.10194508009153974,-1.4346587398177237,-0.2662181943076343,-1.465053945420711,-1.406924313400609,-1.4242215501629827
78.277,5.1144,0.0,5.0,-62.9757,13.2135,-0.22427917620137794,-1.4346587398177237,-0.006266437041495043,-1.465053945420711,-1.407040790036441,-1.331957678443375
78.327,5.052,-1.2474,5.0,-62.9783,12.0431,0.7788604118993233,-1.450559109798471,-0.2662181943076343,-1.465053945420711,-1.4070930037007792,-1.4389483011131747
78.377,5.052,0.0,5.0,-62.9809,13.0524,0.6973043478260534,-1.450559109798471,-0.006266437041495043,-1.465053945420711,-1.4071452173651176,-1.346684429393567
78.427,5.1768,2.4948,5.0,-62.9897,15.3933,0.2283569794050129,-1.4187583698369768,0.5136370774907836,-1.465053945420711,-1.4073219405367245,-1.1326940426815588
78.477,5.2391,1.2474,5.0,-63.0017,14.5451,-0.8971167048054716,-1.4028834812183784,0.25368532022464424,-1.465053945420711,-1.4075629266798246,-1.2102311634509746
78.527,5.2391,0.0,5.0,-63.0136,13.5358,-1.5944210526315283,-1.4028834812183784,-0.006266437041495043,-1.465053945420711,-1.4078019046050656,-1.3024950351705824
78.577,5.1144,-2.4948,5.0,-63.0193,11.1949,-0.5097254004576615,-1.4346587398177237,-0.5261699515737737,-1.465053945420711,-1.4079163730230384,-1.5164854218825905
78.627,5.1768,1.2474,5.0,-63.0282,14.384,1.9695789473683722,-1.4187583698369768,0.25368532022464424,-1.465053945420711,-1.4080951044125043,-1.2249579144011666
78.677,5.1768,0.0,5.0,-63.037,13.3747,-0.46894736842098145,-1.4187583698369768,-0.006266437041495043,-1.465053945420711,-1.4082718275841108,-1.3172217861207742
78.727,5.1768,0.0,5.0,-63.0459,13.3747,-1.7819999999999674,-1.4187583698369768,-0.006266437041495043,-1.465053945420711,-1.4084505589735772,-1.3172217861207742
78.777,5.1768,0.0,5.0,-63.0547,13.3747,0.3099130434781838,-1.4187583698369768,-0.006266437041495043,-1.465053945420711,-1.4086272821451837,-1.3172217861207742
78.827,5.1768,0.0,5.0,-63.0635,13.3747,-2.3284256292906105,-1.4187583698369768,-0.006266437041495043,-1.465053945420711,-1.4088040053167905,-1.3172217861207742
78.877,5.1768,0.0,5.0,-63.0724,13.3747,-4.151203661327166,-1.4187583698369768,-0.006266437041495043,-1.465053945420711,-1.4089827367062566,-1.3172217861207742
78.927,5.1144,-1.2474,5.0,-63.0781,12.2042,1.6229656750571868,-1.4346587398177237,-0.2662181943076343,-1.465053945420711,-1.409097205124229,-1.4242215501629827
78.977,5.1144,0.0,5.0,-63.0838,13.2135,3.873913043478231,-1.4346587398177237,-0.006266437041495043,-1.465053945420711,-1.4092116735422018,-1.331957678443375
79.027,5.1144,0.0,5.0,-63.0895,13.2135,0.8604164759725742,-1.4346587398177237,-0.006266437041495043,-1.465053945420711,-1.4093261419601744,-1.331957678443375
79.077,5.1768,1.2474,5.0,-63.0984,14.384,-2.54047139588098,-1.4187583698369768,0.25368532022464424,-1.465053945420711,-1.4095048733496403,-1.2249579144011666
79.127,5.1144,-1.2474,5.0,-63.1041,12.2042,-0.3262242562929471,-1.4346587398177237,-0.2662181943076343,-1.465053945420711,-1.409619341767613,-1.4242215501629827
79.177,5.052,-1.2474,5.0,-63.1067,12.0431,-0.901194508009065,-1.450559109798471,-0.2662181943076343,-1.465053945420711,-1.409671555431951,-1.4389483011131747
79.227,5.1768,2.4948,5.0,-63.1155,15.3933,-1.35790846681914,-1.4187583698369768,0.5136370774907836,-1.465053945420711,-1.409848278603558,-1.1326940426815588
79.277,5.1144,-1.2474,5.0,-63.1213,12.2042,4.766951945079919,-1.4346587398177237,-0.2662181943076343,-1.465053945420711,-1.4099647552393897,-1.4242215501629827
79.327,5.052,-1.2474,5.0,-63.1239,12.0431,1.0846956521738877,-1.450559109798471,-0.2662181943076343,-1.465053945420711,-1.410016968903728,-1.4389483011131747
79.377,5.1144,1.2474,5.0,-63.1296,14.2228,-1.9695789473683092,-1.4346587398177237,0.25368532022464424,-1.465053945420711,-1.4101314373217007,-1.2396938067237673
79.427,5.1768,1.2474,5.0,-63.1384,14.384,1.7167551487413235,-1.4187583698369768,0.25368532022464424,-1.465053945420711,-1.4103081604933074,-1.2249579144011666
79.477,5.052,-2.4948,5.0,-63.141,11.0337,-0.1835011441647981,-1.450559109798471,-0.5261699515737737,-1.465053945420711,-1.4103603741576458,-1.5312213142051911
79.527,5.052,0.0,5.0,-63.1436,13.0524,-1.9247231121280672,-1.450559109798471,-0.006266437041495043,-1.465053945420711,-1.4104125878219842,-1.346684429393567
79.577,5.052,0.0,5.0,-63.1462,13.0524,2.1490022883294913,-1.450559109798471,-0.006266437041495043,-1.465053945420711,-1.4104648014863226,-1.346684429393567
79.627,5.1144,1.2474,5.0,-63.1519,14.2228,-0.2895240274599174,-1.4346587398177237,0.25368532022464424,-1.465053945420711,-1.4105792699042952,-1.2396938067237673
79.677,4.9896,-2.4948,5.0,-63.1514,10.8726,-1.3742196796338992,-1.4664594797792176,-0.5261699515737737,-1.465053945420711,-1.4105692288149994,-1.545948065155383
79.727,5.2391,4.9896,5.0,-63.1634,17.5731,1.1050846681922248,-1.4028834812183784,1.033540592023062,-1.465053945420711,-1.4108102149580994,-0.9334304069197426
79.777,5.1768,-1.2474,5.0,-63.1722,12.3653,1.5332540045766654,-1.4187583698369768,-0.2662181943076343,-1.465053945420711,-1.4109869381297062,-1.4094947992127909
79.827,4.9896,-3.7422,5.0,-63.1717,9.8633,0.02038901601821491,-1.4664594797792176,-0.7861217088399128,-1.465053945420711,-1.4109768970404106,-1.638211936874991
79.877,5.1144,2.4948,5.0,-63.1774,15.2322,-0.7951716247139408,-1.4346587398177237,0.5136370774907836,-1.465053945420711,-1.411091365458383,-1.1474207936317506
79.927,5.1768,1.2474,5.0,-63.1863,14.384,0.7992494279176937,-1.4187583698369768,0.25368532022464424,-1.465053945420711,-1.411270096847849,-1.2249579144011666
79.977,4.9896,-3.7422,5.0,-63.1857,9.8633,-0.513803203661333,-1.4664594797792176,-0.7861217088399128,-1.465053945420711,-1.411258047540694,-1.638211936874991
80.027,5.1144,2.4948,5.0,-63.1915,15.2322,-0.632059496567591,-1.4346587398177237,0.5136370774907836,-1.465053945420711,-1.4113745241765256,-1.1474207936317506
80.077,5.1144,0.0,5.0,-63.1972,13.2135,-2.144924485125804,-1.4346587398177237,-0.006266437041495043,-1.465053945420711,-1.4114889925944984,-1.331957678443375
80.127,5.052,-1.2474,5.0,-63.1998,12.0431,-0.5912814645308394,-1.450559109798471,-0.2662181943076343,-1.465053945420711,-1.4115412062588368,-1.4389483011131747
80.177,5.1768,2.4948,5.0,-63.2086,15.3933,-0.5912814645309411,-1.4187583698369768,0.5136370774907836,-1.465053945420711,-1.4117179294304434,-1.1326940426815588
80.227,5.052,-2.4948,5.0,-63.2112,11.0337,1.928800915331803,-1.450559109798471,-0.5261699515737737,-1.465053945420711,-1.4117701430947818,-1.5312213142051911
80.277,5.1768,2.4948,5.0,-63.2201,15.3933,2.210169336384525,-1.4187583698369768,0.5136370774907836,-1.465053945420711,-1.411948874484248,-1.1326940426815588
80.327,5.052,-2.4948,5.0,-63.2227,11.0337,-3.7515789473684333,-1.450559109798471,-0.5261699515737737,-1.465053945420711,-1.4120010881485865,-1.5312213142051911
80.377,5.052,0.0,5.0,-63.2253,13.0524,-0.2650572082380423,-1.450559109798471,-0.006266437041495043,-1.465053945420711,-1.4120533018129244,-1.346684429393567
80.427,5.052,0.0,5.0,-63.2279,13.0524,1.2885858123570815,-1.450559109798471,-0.006266437041495043,-1.465053945420711,-1.4121055154772628,-1.346684429393567
80.477,5.1144,1.2474,5.0,-63.2336,14.2228,-0.7625491990847139,-1.4346587398177237,0.25368532022464424,-1.465053945420711,-1.4122199838952356,-1.2396938067237673
80.527,5.052,-1.2474,5.0,-63.2362,12.0431,0.8604164759724442,-1.450559109798471,-0.2662181943076343,-1.465053945420711,-1.412272197559574,-1.4389483011131747
80.577,4.9896,-1.2474,5.0,-63.2357,11.8819,0.860416475972602,-1.4664594797792176,-0.2662181943076343,-1.465053945420711,-1.4122621564702782,-1.4536841934357754
80.627,5.1144,2.4948,5.0,-63.2414,15.2322,-1.8880228832951502,-1.4346587398177237,0.5136370774907836,-1.465053945420711,-1.4123766248882508,-1.1474207936317506
80.677,5.052,-1.2474,5.0,-63.244,12.0431,2.1041464530892284,-1.450559109798471,-0.2662181943076343,-1.465053945420711,-1.4124288385525892,-1.4389483011131747
80.727,5.052,0.0,5.0,-63.2466,13.0524,1.3660640732265212,-1.450559109798471,-0.006266437041495043,-1.465053945420711,-1.4124810522169275,-1.346684429393567
80.777,4.9896,-1.2474,5.0,-63.2461,11.8819,1.325286041189912,-1.4664594797792176,-0.2662181943076343,-1.465053945420711,-1.4124710111276317,-1.4536841934357754
80.827,5.1144,2.4948,5.0,-63.2518,15.2322,2.6791167048054136,-1.4346587398177237,0.5136370774907836,-1.465053945420711,-1.4125854795456043,-1.1474207936317506
80.877,5.052,-1.2474,5.0,-63.2544,12.0431,-1.7820000000000127,-1.450559109798471,-0.2662181943076343,-1.465053945420711,-1.4126376932099425,-1.4389483011131747
80.927,5.052,0.0,5.0,-63.257,13.0524,-1.1254736842104835,-1.450559109798471,-0.006266437041495043,-1.465053945420711,-1.4126899068742809,-1.346684429393567
80.977,5.1768,2.4948,5.0,-63.2658,15.3933,1.7412219679633663,-1.4187583698369768,0.5136370774907836,-1.465053945420711,-1.4128666300458879,-1.1326940426815588
81.027,5.052,-2.4948,5.0,-63.2684,11.0337,-0.08155606407321311,-1.450559109798471,-0.5261699515737737,-1.465053945420711,-1.4129188437102262,-1.5312213142051911
81.077,5.052,0.0,5.0,-63.271,13.0524,-2.332503432494291,-1.450559109798471,-0.006266437041495043,-1.465053945420711,-1.4129710573745646,-1.346684429393567
81.127,5.1144,1.2474,5.0,-63.2767,14.2228,0.803327231121271,-1.4346587398177237,0.25368532022464424,-1.465053945420711,-1.413085525792537,-1.2396938067237673
81.177,5.1768,1.2474,5.0,-63.2856,14.384,-0.5912814645308287,-1.4187583698369768,0.25368532022464424,-1.465053945420711,-1.413264257182003,-1.2249579144011666
81.227,5.1144,-1.2474,5.0,-63.2913,12.2042,-0.5912814645309298,-1.4346587398177237,-0.2662181943076343,-1.465053945420711,-1.4133787255999755,-1.4242215501629827
81.277,5.1768,1.2474,5.0,-63.3001,14.384,-2.144924485125855,-1.4187583698369768,0.25368532022464424,-1.465053945420711,-1.4135554487715825,-1.2249579144011666
81.327,5.1144,-1.2474,5.0,-63.3059,12.2042,-1.7575331807779437,-1.4346587398177237,-0.2662181943076343,-1.465053945420711,-1.4136719254074142,-1.4242215501629827
81.377,5.052,-1.2474,5.0,-63.3085,12.0431,0.8400274599542348,-1.450559109798471,-0.2662181943076343,-1.465053945420711,-1.4137241390717525,-1.4389483011131747
81.427,5.1144,1.2474,5.0,-63.3142,14.2228,-1.0235286041190188,-1.4346587398177237,0.25368532022464424,-1.465053945420711,-1.4138386074897251,-1.2396938067237673
81.477,5.1144,0.0,5.0,-63.3199,13.2135,1.8431670480549316,-1.4346587398177237,-0.006266437041495043,-1.465053945420711,-1.4139530759076977,-1.331957678443375
81.527,5.052,-1.2474,5.0,-63.3225,12.0431,-0.24874599542331843,-1.450559109798471,-0.2662181943076343,-1.465053945420711,-1.414005289572036,-1.4389483011131747
81.577,5.1144,1.2474,5.0,-63.3282,14.2228,-2.112302059496581,-1.4346587398177237,0.25368532022464424,-1.465053945420711,-1.4141197579900087,-1.2396938067237673
81.627,5.052,-1.2474,5.0,-63.3308,12.0431,2.067446224256242,-1.450559109798471,-0.2662181943076343,-1.465053945420711,-1.414171971654347,-1.4389483011131747
81.677,5.052,0.0,5.0,-63.3334,13.0524,3.11136384439357,-1.450559109798471,-0.006266437041495043,-1.465053945420711,-1.4142241853186854,-1.346684429393567
81.727,5.1144,1.2474,5.0,-63.3391,14.2228,-0.06524485125854869,-1.4346587398177237,0.25368532022464424,-1.465053945420711,-1.4143386537366582,-1.2396938067237673
81.777,4.9896,-2.4948,5.0,-63.3386,10.8726,1.060228832951936,-1.4664594797792176,-0.5261699515737737,-1.465053945420711,-1.4143286126473622,-1.545948065155383
81.827,5.1144,2.4948,5.0,-63.3443,15.2322,3.1521418764301044,-1.4346587398177237,0.5136370774907836,-1.465053945420711,-1.4144430810653346,-1.1474207936317506
81.877,5.1144,0.0,5.0,-63.3501,13.2135,-2.35289244851258,-1.4346587398177237,-0.006266437041495043,-1.465053945420711,-1.4145595577011665,-1.331957678443375
81.927,5.1144,0.0,5.0,-63.3558,13.2135,-3.009418764301937,-1.4346587398177237,-0.006266437041495043,-1.465053945420711,-1.4146740261191393,-1.331957678443375
81.977,5.1144,0.0,5.0,-63.3615,13.2135,2.1082242562928766,-1.4346587398177237,-0.006266437041495043,-1.465053945420711,-1.4147884945371116,-1.331957678443375
82.027,5.1144,0.0,5.0,-63.3672,13.2135,-1.5373318077802973,-1.4346587398177237,-0.006266437041495043,-1.465053945420711,-1.4149029629550842,-1.331957678443375
82.077,5.1768,1.2474,5.0,-63.3761,14.384,-0.49341418764299594,-1.4187583698369768,0.25368532022464424,-1.465053945420711,-1.4150816943445501,-1.2249579144011666
82.127,5.1768,0.0,5.0,-63.3849,13.3747,2.6016384439358142,-1.4187583698369768,-0.006266437041495043,-1.465053945420711,-1.415258417516157,-1.3172217861207742
82.177,5.1144,-1.2474,5.0,-63.3906,12.2042,-1.202951945080119,-1.4346587398177237,-0.2662181943076343,-1.465053945420711,-1.4153728859341295,-1.4242215501629827
82.227,5.1144,0.0,5.0,-63.3963,13.2135,-0.5056475972539657,-1.4346587398177237,-0.006266437041495043,-1.465053945420711,-1.4154873543521023,-1.331957678443375
82.277,5.1768,1.2474,5.0,-63.4052,14.384,-2.2876475972539936,-1.4187583698369768,0.25368532022464424,-1.465053945420711,-1.4156660857415682,-1.2249579144011666
82.327,5.1144,-1.2474,5.0,-63.4109,12.2042,-2.9849519450800086,-1.4346587398177237,-0.2662181943076343,-1.465053945420711,-1.4157805541595407,-1.4242215501629827
82.377,4.9896,-2.4948,5.0,-63.4104,10.8726,0.040778032036694056,-1.4664594797792176,-0.5261699515737737,-1.465053945420711,-1.415770513070245,-1.545948065155383
82.427,5.1144,2.4948,5.0,-63.4161,15.2322,1.5128649885582883,-1.4346587398177237,0.5136370774907836,-1.465053945420711,-1.4158849814882175,-1.1474207936317506
82.477,5.1768,1.2474,5.0,-63.4249,14.384,1.741221967963306,-1.4187583698369768,0.25368532022464424,-1.465053945420711,-1.4160617046598243,-1.2249579144011666
82.527,5.052,-2.4948,5.0,-63.4275,11.0337,-0.468947368421045,-1.450559109798471,-0.5261699515737737,-1.465053945420711,-1.4161139183241627,-1.5312213142051911
82.577,5.2391,3.7422,5.0,-63.4395,16.5638,0.6973043478261048,-1.4028834812183784,0.7735888347569227,-1.465053945420711,-1.4163549044672628,-1.0256942786393504
82.627,5.1144,-2.4948,5.0,-63.4452,11.1949,1.207029748283771,-1.4346587398177237,-0.5261699515737737,-1.465053945420711,-1.4164693728852356,-1.5164854218825905
82.677,5.052,-1.2474,5.0,-63.4478,12.0431,-1.1907185354690812,-1.450559109798471,-0.2662181943076343,-1.465053945420711,-1.416521586549574,-1.4389483011131747
82.727,5.052,0.0,5.0,-63.4504,13.0524,-1.1499405034324806,-1.450559109798471,-0.006266437041495043,-1.465053945420711,-1.4165738002139123,-1.346684429393567
82.777,5.052,0.0,5.0,-63.453,13.0524,1.7575331807780274,-1.450559109798471,-0.006266437041495043,-1.465053945420711,-1.4166260138782507,-1.346684429393567
82.827,5.052,0.0,5.0,-63.4556,13.0524,1.7575331807779884,-1.450559109798471,-0.006266437041495043,-1.465053945420711,-1.4166782275425889,-1.346684429393567
82.877,5.1768,2.4948,5.0,-63.4644,15.3933,-2.006279176201442,-1.4187583698369768,0.5136370774907836,-1.465053945420711,-1.4168549507141956,-1.1326940426815588
82.927,5.1768,0.0,5.0,-63.4733,13.3747,-1.0806178489702445,-1.4187583698369768,-0.006266437041495043,-1.465053945420711,-1.4170336821036618,-1.3172217861207742
82.977,5.1144,-1.2474,5.0,-63.479,12.2042,2.2550251716247605,-1.4346587398177237,-0.2662181943076343,-1.465053945420711,-1.4171481505216343,-1.4242215501629827
83.027,5.052,-1.2474,5.0,-63.4816,12.0431,-0.18350114416479518,-1.450559109798471,-0.2662181943076343,-1.465053945420711,-1.4172003641859727,-1.4389483011131747
83.077,5.1144,1.2474,5.0,-63.4873,14.2228,-1.4965537757435814,-1.4346587398177237,0.25368532022464424,-1.465053945420711,-1.417314832603945,-1.2396938067237673
83.127,5.052,-1.2474,5.0,-63.4899,12.0431,1.6107322654462524,-1.450559109798471,-0.2662181943076343,-1.465053945420711,-1.4173670462682835,-1.4389483011131747
83.177,5.1144,1.2474,5.0,-63.4956,14.2228,0.0570892448511341,-1.4346587398177237,0.25368532022464424,-1.465053945420711,-1.4174815146862563,-1.2396938067237673
83.227,5.1144,0.0,5.0,-63.5014,13.2135,-1.2681967963386853,-1.4346587398177237,-0.006266437041495043,-1.465053945420711,-1.4175979913220877,-1.331957678443375
83.277,5.1768,1.2474,5.0,-63.5102,14.384,0.04485583524024166,-1.4187583698369768,0.25368532022464424,-1.465053945420711,-1.4177747144936947,-1.2249579144011666
83.327,5.1144,-1.2474,5.0,-63.5159,12.2042,-1.8187002288329113,-1.4346587398177237,-0.2662181943076343,-1.465053945420711,-1.4178891829116675,-1.4242215501629827
83.377,5.1144,0.0,5.0,-63.5216,13.2135,1.4761647597254213,-1.4346587398177237,-0.006266437041495043,-1.465053945420711,-1.41800365132964,-1.331957678443375
83.427,5.052,-1.2474,5.0,-63.5242,12.0431,3.029807780320358,-1.450559109798471,-0.2662181943076343,-1.465053945420711,-1.4180558649939783,-1.4389483011131747
83.477,5.1144,1.2474,5.0,-63.53,14.2228,-1.190718535469077,-1.4346587398177237,0.25368532022464424,-1.465053945420711,-1.4181723416298102,-1.2396938067237673
83.527,5.052,-1.2474,5.0,-63.5326,12.0431,-1.5781098398169584,-1.450559109798471,-0.2662181943076343,-1.465053945420711,-1.4182245552941486,-1.4389483011131747
83.577,5.052,0.0,5.0,-63.5352,13.0524,-0.22427917620137433,-1.450559109798471,-0.006266437041495043,-1.465053945420711,-1.418276768958487,-1.346684429393567
83.627,5.2391,3.7422,5.0,-63.5471,16.5638,-1.659665903890099,-1.4028834812183784,0.7735888347569227,-1.465053945420711,-1.418515746883728,-1.0256942786393504
83.677,5.1144,-2.4948,5.0,-63.5528,11.1949,1.1662517162470827,-1.4346587398177237,-0.5261699515737737,-1.465053945420711,-1.4186302153017003,-1.5164854218825905
83.727,5.1144,0.0,5.0,-63.5586,13.2135,3.8739130434781344,-1.4346587398177237,-0.006266437041495043,-1.465053945420711,-1.4187466919375322,-1.331957678443375
83.777,5.1144,0.0,5.0,-63.5643,13.2135,-0.07747826086951654,-1.4346587398177237,-0.006266437041495043,-1.465053945420711,-1.4188611603555048,-1.331957678443375
83.827,5.052,-1.2474,5.0,-63.5669,12.0431,-1.30897482837522,-1.450559109798471,-0.2662181943076343,-1.465053945420711,-1.418913374019843,-1.4389483011131747
83.877,5.1768,2.4948,5.0,-63.5757,15.3933,-2.581249427917549,-1.4187583698369768,0.5136370774907836,-1.465053945420711,-1.41909009719145,-1.1326940426815588
83.927,5.052,-2.4948,5.0,-63.5783,11.0337,-0.7584713958810266,-1.450559109798471,-0.5261699515737737,-1.465053945420711,-1.4191423108557883,-1.5312213142051911
83.977,5.1144,1.2474,5.0,-63.584,14.2228,-0.10194508009154168,-1.4346587398177237,0.25368532022464424,-1.465053945420711,-1.419256779273761,-1.2396938067237673
84.027,5.1144,0.0,5.0,-63.5898,13.2135,-0.8400274599542097,-1.4346587398177237,-0.006266437041495043,-1.465053945420711,-1.4193732559095926,-1.331957678443375
84.077,5.1144,0.0,5.0,-63.5955,13.2135,-0.22427917620143678,-1.4346587398177237,-0.006266437041495043,-1.465053945420711,-1.4194877243275652,-1.331957678443375
84.127,5.1144,0.0,5.0,-63.6012,13.2135,2.6424164759725692,-1.4346587398177237,-0.006266437041495043,-1.465053945420711,-1.4196021927455378,-1.331957678443375
84.177,5.2391,2.4948,5.0,-63.6132,15.5544,1.716755148741426,-1.4028834812183784,0.5136370774907836,-1.465053945420711,-1.4198431788886379,-1.1179672917313668
84.227,5.052,-3.7422,5.0,-63.6158,10.0244,-0.452636155606467,-1.450559109798471,-0.7861217088399128,-1.465053945420711,-1.4198953925529763,-1.623485185924799
84.277,4.9896,-1.2474,5.0,-63.6152,11.8819,0.5545812356979177,-1.4664594797792176,-0.2662181943076343,-1.465053945420711,-1.4198833432458213,-1.4536841934357754
84.327,5.052,1.2474,5.0,-63.6178,14.0617,-2.3121144164759326,-1.450559109798471,0.25368532022464424,-1.465053945420711,-1.4199355569101597,-1.254420557673959
84.377,5.052,0.0,5.0,-63.6204,13.0524,-0.061167048054870665,-1.450559109798471,-0.006266437041495043,-1.465053945420711,-1.4199877705744979,-1.346684429393567
84.427,5.1768,2.4948,5.0,-63.6293,15.3933,0.36700228832951276,-1.4187583698369768,0.5136370774907836,-1.465053945420711,-1.4201665019639642,-1.1326940426815588
84.477,5.052,-2.4948,5.0,-63.6319,11.0337,-0.7584713958810266,-1.450559109798471,-0.5261699515737737,-1.465053945420711,-1.4202187156283026,-1.5312213142051911
84.527,5.1768,2.4948,5.0,-63.6407,15.3933,1.7208329519450527,-1.4187583698369768,0.5136370774907836,-1.465053945420711,-1.4203954387999091,-1.1326940426815588
84.577,5.1144,-1.2474,5.0,-63.6464,12.2042,0.6361372997711414,-1.4346587398177237,-0.2662181943076343,-1.465053945420711,-1.420509907217882,-1.4242215501629827
84.627,5.1144,0.0,5.0,-63.6522,13.2135,-0.40778032036611633,-1.4346587398177237,-0.006266437041495043,-1.465053945420711,-1.4206263838537134,-1.331957678443375
84.677,5.1144,0.0,8.0,0.1443,13.2135,0.5301144164760766,-1.4346587398177237,-0.006266437041495043,-0.7323615943356974,-0.13945367732949385,-1.331957678443375
84.727,5.1144,0.0,8.0,0.2886,13.2135,-0.354768878718522,-1.4346587398177237,-0.006266437041495043,-0.7323615943356974,-0.1365558189587142,-1.331957678443375
84.777,5.052,-1.2474,8.0,0.436,12.0431,-2.3365812356980395,-1.450559109798471,-0.2662181943076343,-0.7323615943356974,-0.1335957058343003,-1.4389483011131747
84.827,5.052,0.0,8.0,0.5834,13.0524,-0.09786727688791061,-1.450559109798471,-0.006266437041495043,-0.7323615943356974,-0.13063559270988642,-1.346684429393567
84.877,5.1144,1.2474,8.0,0.7276,14.2228,-0.876727688787138,-1.4346587398177237,0.25368532022464424,-0.7323615943356974,-0.12773974255696594,-1.2396938067237673
84.927,5.1144,0.0,8.0,0.8719,13.2135,1.0235286041190412,-1.4346587398177237,-0.006266437041495043,-0.7323615943356974,-0.12484188418618626,-1.331957678443375
84.977,5.1144,0.0,8.0,1.0162,13.2135,0.7136155606407143,-1.4346587398177237,-0.006266437041495043,-0.7323615943356974,-0.12194402581540659,-1.331957678443375
85.027,5.1144,0.0,8.0,1.1605,13.2135,-0.024466819221952152,-1.4346587398177237,-0.006266437041495043,-0.7323615943356974,-0.11904616744462694,-1.331957678443375
85.077,5.052,-1.2474,8.0,1.3079,12.0431,3.539533180777957,-1.450559109798471,-0.2662181943076343,-0.7323615943356974,-0.11608605432021306,-1.4389483011131747
85.127,5.052,0.0,8.0,1.4553,13.0524,0.9011945080090816,-1.450559109798471,-0.006266437041495043,-0.7323615943356974,-0.11312594119579918,-1.346684429393567
85.177,5.052,0.0,8.0,1.6027,13.0524,-1.965501144164669,-1.450559109798471,-0.006266437041495043,-0.7323615943356974,-0.11016582807138531,-1.346684429393567
85.227,5.1768,2.4948,8.0,1.7438,15.3933,-1.1091624713958148,-1.4187583698369768,0.5136370774907836,-0.7323615943356974,-0.10733223267209901,-1.1326940426815588
85.277,5.1144,-1.2474,8.0,1.8881,12.2042,1.3293638443934963,-1.4346587398177237,-0.2662181943076343,-0.7323615943356974,-0.10443437430131935,-1.4242215501629827
85.327,5.1144,0.0,8.0,2.0324,13.2135,-0.6932265446224654,-1.4346587398177237,-0.006266437041495043,-0.7323615943356974,-0.10153651593053968,-1.331957678443375
85.377,5.052,-1.2474,8.0,2.1798,12.0431,-0.7340045766589798,-1.450559109798471,-0.2662181943076343,-0.7323615943356974,-0.0985764028061258,-1.4389483011131747
85.427,5.1768,2.4948,8.0,2.321,15.3933,0.08155606407327352,-1.4187583698369768,0.5136370774907836,-0.7323615943356974,-0.09574079918898035,-1.1326940426815588
85.477,5.1144,-1.2474,8.0,2.4652,12.2042,0.46894736842104473,-1.4346587398177237,-0.2662181943076343,-0.7323615943356974,-0.09284494903605985,-1.4242215501629827
85.527,5.1768,1.2474,8.0,2.6064,14.384,1.1254736842104873,-1.4187583698369768,0.25368532022464424,-0.7323615943356974,-0.09000934541891441,-1.2249579144011666
85.577,5.1768,0.0,8.0,2.7476,13.3747,-2.5200823798626426,-1.4187583698369768,-0.006266437041495043,-0.7323615943356974,-0.08717374180176897,-1.3172217861207742
85.627,5.052,-2.4948,8.0,2.895,11.0337,-1.5169427917620115,-1.450559109798471,-0.5261699515737737,-0.7323615943356974,-0.08421362867735506,-1.5312213142051911
85.677,5.052,0.0,8.0,3.0424,13.0524,0.10194508009150532,-1.450559109798471,-0.006266437041495043,-0.7323615943356974,-0.0812535155529412,-1.346684429393567
85.727,5.1768,2.4948,8.0,3.1835,15.3933,2.846306636155574,-1.4187583698369768,0.5136370774907836,-0.7323615943356974,-0.07841992015365491,-1.1326940426815588
85.777,5.1768,0.0,8.0,3.3247,13.3747,2.0674462242562646,-1.4187583698369768,-0.006266437041495043,-0.7323615943356974,-0.07558431653650946,-1.3172217861207742
85.827,5.052,-2.4948,8.0,3.4721,11.0337,-1.578109839816908,-1.450559109798471,-0.5261699515737737,-0.7323615943356974,-0.07262420341209558,-1.5312213142051911
85.877,5.1144,1.2474,8.0,3.6164,14.2228,-0.2650572082380362,-1.4346587398177237,0.25368532022464424,-0.7323615943356974,-0.06972634504131592,-1.2396938067237673
85.927,5.1144,0.0,8.0,3.7606,13.2135,0.35069107551489187,-1.4346587398177237,-0.006266437041495043,-0.7323615943356974,-0.06683049488839542,-1.331957678443375
85.977,5.1768,1.2474,8.0,3.9018,14.384,0.7380823798627195,-1.4187583698369768,0.25368532022464424,-0.7323615943356974,-0.06399489127124997,-1.2249579144011666
86.027,5.1144,-1.2474,8.0,4.0461,12.2042,0.7380823798626764,-1.4346587398177237,-0.2662181943076343,-0.7323615943356974,-0.061097032900470305,-1.4242215501629827
86.077,5.1144,0.0,8.0,4.1904,13.2135,0.08155606407328916,-1.4346587398177237,-0.006266437041495043,-0.7323615943356974,-0.05819917452969063,-1.331957678443375
86.127,5.2391,2.4948,8.0,4.3284,15.5544,-1.7004439359267915,-1.4028834812183784,0.5136370774907836,-0.7323615943356974,-0.05542783388403856,-1.1179672917313668
86.177,5.1768,-1.2474,8.0,4.4696,12.3653,-1.9002562929062308,-1.4187583698369768,-0.2662181943076343,-0.7323615943356974,-0.05259223026689312,-1.4094947992127909
86.227,5.2391,1.2474,8.0,4.6076,14.5451,-0.1590343249427222,-1.4028834812183784,0.25368532022464424,-0.7323615943356974,-0.04982088962124105,-1.2102311634509746
86.277,5.1144,-2.4948,8.0,4.7519,11.1949,1.0846956521739715,-1.4346587398177237,-0.5261699515737737,-0.7323615943356974,-0.04692303125046138,-1.5164854218825905
86.327,5.1768,1.2474,8.0,4.8931,14.384,-1.4353867276888215,-1.4187583698369768,0.25368532022464424,-0.7323615943356974,-0.04408742763331594,-1.2249579144011666
86.377,5.1768,0.0,8.0,5.0342,13.3747,-1.9451121281464439,-1.4187583698369768,-0.006266437041495043,-0.7323615943356974,-0.04125383223402964,-1.3172217861207742
86.427,5.1144,-1.2474,8.0,5.1785,12.2042,0.8400274599542242,-1.4346587398177237,-0.2662181943076343,-0.7323615943356974,-0.03835597386324999,-1.4242215501629827
86.477,5.1768,1.2474,8.0,5.3197,14.384,2.5404713958809366,-1.4187583698369768,0.25368532022464424,-0.7323615943356974,-0.03552037024610453,-1.2249579144011666
86.527,5.1144,-1.2474,8.0,5.4639,12.2042,-0.40778032036612566,-1.4346587398177237,-0.2662181943076343,-0.7323615943356974,-0.032624520093184034,-1.4242215501629827
86.577,5.1144,0.0,8.0,5.6082,13.2135,-2.2305583524027215,-1.4346587398177237,-0.006266437041495043,-0.7323615943356974,-0.029726661722404363,-1.331957678443375
86.627,5.1768,1.2474,8.0,5.7494,14.384,1.7616109839817107,-1.4187583698369768,0.25368532022464424,-0.7323615943356974,-0.026891058105258922,-1.2249579144011666
86.677,5.1144,-1.2474,8.0,5.8937,12.2042,2.8870846681921623,-1.4346587398177237,-0.2662181943076343,-0.7323615943356974,-0.02399319973447925,-1.4242215501629827
86.727,5.1144,0.0,8.0,6.0379,13.2135,0.061167048054939915,-1.4346587398177237,-0.006266437041495043,-0.7323615943356974,-0.02109734958155876,-1.331957678443375
86.777,5.1768,1.2474,8.0,6.1791,14.384,-2.3365812356978704,-1.4187583698369768,0.25368532022464424,-0.7323615943356974,-0.0182617459644133,-1.2249579144011666
86.827,5.1768,0.0,8.0,6.3203,13.3747,0.18350114416470859,-1.4187583698369768,-0.006266437041495043,-0.7323615943356974,-0.015426142347267857,-1.3172217861207742
86.877,5.1768,0.0,8.0,6.4614,13.3747,0.8808054919908644,-1.4187583698369768,-0.006266437041495043,-0.7323615943356974,-0.01259254694798156,-1.3172217861207742
86.927,5.2391,1.2474,8.0,6.5995,14.5451,-0.9011945080091617,-1.4028834812183784,0.25368532022464424,-0.7323615943356974,-0.009819198084470328,-1.2102311634509746
86.977,5.1768,-1.2474,8.0,6.7406,12.3653,-0.20389016018306186,-1.4187583698369768,-0.2662181943076343,-0.7323615943356974,-0.006985602685184048,-1.4094947992127909
87.027,5.1144,-1.2474,8.0,6.8849,12.2042,0.4934141876429927,-1.4346587398177237,-0.2662181943076343,-0.7323615943356974,-0.004087744314404377,-1.4242215501629827
87.077,5.1768,1.2474,8.0,7.0261,14.384,-1.7167551487414174,-1.4187583698369768,0.25368532022464424,-0.7323615943356974,-0.0012521406972589339,-1.2249579144011666
87.127,5.1768,0.0,8.0,7.1672,13.3747,-1.2885858123568932,-1.4187583698369768,-0.006266437041495043,-0.7323615943356974,0.0015814547020273633,-1.3172217861207742
87.177,5.1768,0.0,8.0,7.3084,13.3747,0.22427917620135962,-1.4187583698369768,-0.006266437041495043,-0.7323615943356974,0.004417058319172806,-1.3172217861207742
87.227,5.052,-2.4948,8.0,7.4558,11.0337,0.45263615560631837,-1.450559109798471,-0.5261699515737737,-0.7323615943356974,0.007377171443586688,-1.5312213142051911
87.277,5.1768,2.4948,8.0,7.5969,15.3933,0.721771167048045,-1.4187583698369768,0.5136370774907836,-0.7323615943356974,0.010210766842872967,-1.1326940426815588
87.327,5.1768,0.0,8.0,7.7381,13.3747,-1.2885858123568839,-1.4187583698369768,-0.006266437041495043,-0.7323615943356974,0.013046370460018428,-1.3172217861207742
87.377,5.1144,-1.2474,8.0,7.8824,12.2042,-0.39146910755146175,-1.4346587398177237,-0.2662181943076343,-0.7323615943356974,0.01594422883079808,-1.4242215501629827
87.427,5.1768,1.2474,8.0,8.0235,14.384,1.8594782608695608,-1.4187583698369768,0.25368532022464424,-0.7323615943356974,0.01877782423008438,-1.2249579144011666
87.477,5.1144,-1.2474,8.0,8.1678,12.2042,1.2029519450800774,-1.4346587398177237,-0.2662181943076343,-0.7323615943356974,0.021675682600864034,-1.4242215501629827
87.527,5.1768,1.2474,8.0,8.309,14.384,-1.0072173913043831,-1.4187583698369768,0.25368532022464424,-0.7323615943356974,0.024511286218009475,-1.2249579144011666
87.577,5.052,-2.4948,8.0,8.4564,11.0337,1.043917620137258,-1.450559109798471,-0.5261699515737737,-0.7323615943356974,0.027471399342423375,-1.5312213142051911
87.627,5.1768,2.4948,8.0,8.5975,15.3933,2.438526315789424,-1.4187583698369768,0.5136370774907836,-0.7323615943356974,0.030304994741709654,-1.1326940426815588
87.677,5.1768,0.0,8.0,8.7387,13.3747,-0.3873913043478,-1.4187583698369768,-0.006266437041495043,-0.7323615943356974,0.0331405983588551,-1.3172217861207742
87.727,5.1768,0.0,8.0,8.8799,13.3747,-3.2133089244850943,-1.4187583698369768,-0.006266437041495043,-0.7323615943356974,0.035976201976000544,-1.3172217861207742
87.777,5.052,-2.4948,8.0,9.0273,11.0337,-2.0878352402745275,-1.450559109798471,-0.5261699515737737,-0.7323615943356974,0.03893631510041444,-1.5312213142051911
87.827,5.1144,1.2474,8.0,9.1715,14.2228,3.0298077803203425,-1.4346587398177237,0.25368532022464424,-0.7323615943356974,0.041832165253334934,-1.2396938067237673
87.877,5.1768,1.2474,8.0,9.3127,14.384,-1.2722745995423175,-1.4187583698369768,0.25368532022464424,-0.7323615943356974,0.04466776887048037,-1.2249579144011666
87.927,5.1768,0.0,8.0,9.4539,13.3747,-0.18757894736840364,-1.4187583698369768,-0.006266437041495043,-0.7323615943356974,0.04750337248762585,-1.3172217861207742
87.977,5.1768,0.0,8.0,9.595,13.3747,1.553643020594911,-1.4187583698369768,-0.006266437041495043,-0.7323615943356974,0.05033696788691213,-1.3172217861207742
88.027,5.1768,0.0,8.0,9.7362,13.3747,1.0846956521738709,-1.4187583698369768,-0.006266437041495043,-0.7323615943356974,0.053172571504057575,-1.3172217861207742
88.077,5.1768,0.0,8.0,9.8773,13.3747,-0.4689473684210921,-1.4187583698369768,-0.006266437041495043,-0.7323615943356974,0.056006166903343854,-1.3172217861207742
88.127,5.1144,-1.2474,8.0,10.0216,12.2042,-1.5944210526315301,-1.4346587398177237,-0.2662181943076343,-0.7323615943356974,0.05890402527412351,-1.4242215501629827
88.177,5.052,-1.2474,8.0,10.169,12.0431,2.4385263157894688,-1.450559109798471,-0.2662181943076343,-0.7323615943356974,0.06186413839853741,-1.4389483011131747
88.227,5.1144,1.2474,8.0,10.3133,14.2228,-1.3946086956520947,-1.4346587398177237,0.25368532022464424,-0.7323615943356974,0.06476199676931706,-1.2396938067237673
88.277,5.1144,0.0,8.0,10.4576,13.2135,-2.091913043478264,-1.4346587398177237,-0.006266437041495043,-0.7323615943356974,0.06765985514009672,-1.331957678443375
88.327,5.2391,2.4948,8.0,10.5956,15.5544,-0.8196384439359606,-1.4028834812183784,0.5136370774907836,-0.7323615943356974,0.07043119578574879,-1.1179672917313668
88.377,5.052,-3.7422,8.0,10.743,10.0244,2.662805491990819,-1.450559109798471,-0.7861217088399128,-0.7323615943356974,0.07339130891016268,-1.623485185924799
88.427,5.3015,4.9896,8.0,10.8779,17.7342,1.9247231121281216,-1.3869831112376314,1.033540592023062,-0.7323615943356974,0.07610039480218055,-0.9187036559695504
88.477,5.1144,-3.7422,8.0,11.0222,10.1855,-0.5545812356978994,-1.4346587398177237,-0.7861217088399128,-0.7323615943356974,0.07899825317296019,-1.608758434974607
88.527,5.2391,2.4948,8.0,11.1603,15.5544,0.5708924485125834,-1.4028834812183784,0.5136370774907836,-0.7323615943356974,0.08177160203647142,-1.1179672917313668
88.577,5.052,-3.7422,8.0,11.3077,10.0244,0.5708924485125852,-1.450559109798471,-0.7861217088399128,-0.7323615943356974,0.08473171516088533,-1.623485185924799
88.627,5.1768,2.4948,8.0,11.4488,15.3933,-0.5545812356979521,-1.4187583698369768,0.5136370774907836,-0.7323615943356974,0.08756531056017161,-1.1326940426815588
88.677,5.1144,-1.2474,8.0,11.5931,12.2042,-2.1490022883295423,-1.4346587398177237,-0.2662181943076343,-0.7323615943356974,0.09046316893095126,-1.4242215501629827
88.727,5.1144,0.0,8.0,11.7374,13.2135,-0.8767276887871858,-1.4346587398177237,-0.006266437041495043,-0.7323615943356974,0.09336102730173092,-1.331957678443375
88.777,5.2391,2.4948,8.0,11.8754,15.5544,0.1264118993135105,-1.4028834812183784,0.5136370774907836,-0.7323615943356974,0.09613236794738302,-1.1179672917313668
88.827,5.1768,-1.2474,8.0,12.0166,12.3653,0.9011945080092082,-1.4187583698369768,-0.2662181943076343,-0.7323615943356974,0.09896797156452847,-1.4094947992127909
88.877,5.2391,1.2474,8.0,12.1546,14.5451,-1.9288009153317687,-1.4028834812183784,0.25368532022464424,-0.7323615943356974,0.10173931221018052,-1.2102311634509746
88.927,5.1144,-2.4948,8.0,12.2989,11.1949,0.5872036613272746,-1.4346587398177237,-0.5261699515737737,-0.7323615943356974,0.10463717058096018,-1.5164854218825905
88.977,5.1768,1.2474,8.0,12.4401,14.384,1.6678215102975094,-1.4187583698369768,0.25368532022464424,-0.7323615943356974,0.10747277419810562,-1.2249579144011666
89.027,5.1768,0.0,8.0,12.5812,13.3747,0.45671395881005633,-1.4187583698369768,-0.006266437041495043,-0.7323615943356974,0.11030636959739194,-1.3172217861207742
89.077,5.1768,0.0,8.0,12.7224,13.3747,1.2151853546910196,-1.4187583698369768,-0.006266437041495043,-0.7323615943356974,0.11314197321453738,-1.3172217861207742
89.127,5.1768,0.0,8.0,12.8636,13.3747,0.7666270022882737,-1.4187583698369768,-0.006266437041495043,-0.7323615943356974,0.11597757683168283,-1.3172217861207742
89.177,5.1768,0.0,8.0,13.0047,13.3747,2.4874599542333806,-1.4187583698369768,-0.006266437041495043,-0.7323615943356974,0.11881117223096911,-1.3172217861207742
89.227,5.1768,0.0,8.0,13.1459,13.3747,0.5627368421052126,-1.4187583698369768,-0.006266437041495043,-0.7323615943356974,0.12164677584811455,-1.3172217861207742
89.277,5.1768,0.0,8.0,13.287,13.3747,1.2355743707094669,-1.4187583698369768,-0.006266437041495043,-0.7323615943356974,0.12448037124740087,-1.3172217861207742
89.327,5.1768,0.0,8.0,13.4282,13.3747,2.683194508009164,-1.4187583698369768,-0.006266437041495043,-0.7323615943356974,0.1273159748645463,-1.3172217861207742
89.377,5.2391,1.2474,8.0,13.5662,14.5451,4.587528604118884,-1.4028834812183784,0.25368532022464424,-0.7323615943356974,0.13008731551019836,-1.2102311634509746
89.427,5.3015,1.2474,8.0,13.7012,14.7063,1.9899679633866596,-1.3869831112376314,0.25368532022464424,-0.7323615943356974,0.13279840962007539,-1.195495271128374
89.477,5.3639,1.2474,8.0,13.833,14.8674,-0.2609794050343206,-1.3710827412568842,0.25368532022464424,-0.7323615943356974,0.13544524075845904,-1.180768520178182
89.527,5.4262,1.2474,8.0,13.9617,15.0285,1.1295514874142365,-1.355207852638286,0.25368532022464424,-0.7323615943356974,0.13802981714320847,-1.1660417692279899
89.577,5.4886,1.2474,8.0,14.0872,15.1897,2.397748283752812,-1.339307482657539,0.25368532022464424,-0.7323615943356974,0.1405501305564645,-1.1513058769053892
89.627,5.4886,0.0,8.0,14.2128,14.1804,2.030745995423294,-1.339307482657539,-0.006266437041495043,-0.7323615943356974,0.14307245218757972,-1.243569748624997
89.677,5.551,1.2474,8.0,14.3353,15.3508,0.8848832951944918,-1.323407112676792,0.25368532022464424,-0.7323615943356974,0.14553251906506073,-1.1365791259551974
89.727,5.551,0.0,8.0,14.4577,14.3415,2.1367688787184513,-1.323407112676792,-0.006266437041495043,-0.7323615943356974,0.1479905777246826,-1.228842997674805
89.777,5.6133,1.2474,8.0,14.577,15.512,0.39962471395877497,-1.3075322240581937,0.25368532022464424,-0.7323615943356974,0.1503863816306702,-1.1218432336325965
89.827,5.8005,3.7422,8.0,14.687,18.014,0.40370251716240535,-1.2598311141159524,0.7735888347569227,-0.7323615943356974,0.15259542127575518,-0.8931260959703965
89.877,5.8005,0.0,8.0,14.797,14.986,1.7616109839815919,-1.2598311141159524,-0.006266437041495043,-0.7323615943356974,0.1548044609208402,-1.1699268525016284
89.927,5.8005,0.0,8.0,14.907,14.986,-0.7136155606406946,-1.2598311141159524,-0.006266437041495043,-0.7323615943356974,0.15701350056592517,-1.1699268525016284
89.977,5.8628,1.2474,8.0,15.0138,16.1565,-1.9043340961097455,-1.2439562254973542,0.25368532022464424,-0.7323615943356974,0.15915827723951675,-1.06292708845942
90.027,5.9876,2.4948,8.0,15.1144,17.4881,-1.6229656750571064,-1.2121554855358603,0.5136370774907836,-0.7323615943356974,0.16117854440583995,-0.9412005734670197
90.077,6.1123,2.4948,8.0,15.2088,17.8104,1.7534553775743467,-1.1803802269365147,0.5136370774907836,-0.7323615943356974,0.1630743020648947,-0.9117379301942268
90.127,6.1123,0.0,8.0,15.3032,15.7917,1.325286041189866,-1.1803802269365147,-0.006266437041495043,-0.7323615943356974,0.16497005972394946,-1.096274815005851
90.177,6.237,2.4948,8.0,15.3914,18.1327,-0.22835697940505773,-1.1486049683371693,0.5136370774907836,-0.7323615943356974,0.1667413078757358,-0.8822752869214343
90.227,6.2994,1.2474,8.0,15.4764,17.2845,1.3946086956520576,-1.1327045983564223,0.25368532022464424,-0.7323615943356974,0.16844829305602868,-0.95981240769085
90.277,6.2994,0.0,8.0,15.5614,16.2752,-0.27729061784905085,-1.1327045983564223,-0.006266437041495043,-0.7323615943356974,0.17015527823632165,-1.0520762794104577
90.327,6.4242,2.4948,8.0,15.6402,18.6161,0.8114828375286209,-1.1009038583949284,0.5136370774907836,-0.7323615943356974,0.17173775390934617,-0.8380858926984497
90.377,6.3618,-1.2474,8.0,15.7221,15.427,-0.7258489702516635,-1.1168042283756754,-0.2662181943076343,-0.7323615943356974,0.17338248433600487,-1.1296134001798737
90.427,6.3618,0.0,8.0,15.804,16.4363,-3.0379633867277023,-1.1168042283756754,-0.006266437041495043,-0.7323615943356974,0.1750272147626636,-1.0373495284602658
90.477,6.4865,2.4948,8.0,15.8797,18.7772,-3.955469107551446,-1.0850289697763298,0.5136370774907836,-0.7323615943356974,0.17654743568205392,-0.8233591417482576
90.527,6.6113,2.4948,8.0,15.9491,19.0995,-3.588466819221846,-1.0532282298148359,0.5136370774907836,-0.7323615943356974,0.1779411388763166,-0.7938964984754651
90.577,6.7984,3.7422,8.0,16.0092,20.5923,0.8522608695652278,-1.0055526012347435,0.7735888347569227,-0.7323615943356974,0.1791480778096767,-0.6574340911604638
90.627,6.736,-1.2474,8.0,16.0724,16.3938,-0.17126773455380717,-1.0214529712154905,-0.2662181943076343,-0.7323615943356974,0.18041727149667094,-1.0412346117339044
90.677,6.8607,2.4948,8.0,16.1294,19.7441,-0.8033272311212958,-0.9896777126161452,0.5136370774907836,-0.7323615943356974,0.18156195567639685,-0.7349712119298798
90.727,6.8607,0.0,8.0,16.1864,17.7254,-1.5821876430205162,-0.9896777126161452,-0.006266437041495043,-0.7323615943356974,0.18270663985612268,-0.9195080967415039
90.777,6.7984,-1.2474,8.0,16.2464,16.555,-2.9767963386727234,-1.0055526012347435,-0.2662181943076343,-0.7323615943356974,0.18391157057162363,-1.0264987194113038
90.827,6.7984,0.0,8.0,16.3065,17.5643,-1.851322654462192,-1.0055526012347435,-0.006266437041495043,-0.7323615943356974,0.18511850950498365,-0.9342348476916961
90.877,6.7984,0.0,8.0,16.3666,17.5643,-1.8105446224256283,-1.0055526012347435,-0.006266437041495043,-0.7323615943356974,0.1863254484383437,-0.9342348476916961
90.927,6.8607,1.2474,8.0,16.4236,18.7347,-2.3161922196797535,-0.9896777126161452,0.25368532022464424,-0.7323615943356974,0.1874701326180696,-0.8272442250218961
90.977,6.7984,-1.2474,8.0,16.4836,16.555,-2.7402837528603965,-1.0055526012347435,-0.2662181943076343,-0.7323615943356974,0.18867506333357048,-1.0264987194113038
91.027,6.9231,2.4948,8.0,16.5375,19.9052,-2.0266681922195695,-0.9737773426353982,0.5136370774907836,-0.7323615943356974,0.18975749275966217,-0.7202444609796876
91.077,6.9855,1.2474,8.0,16.5882,19.057,1.4883981693364605,-0.9578769726546511,0.25368532022464424,-0.7323615943356974,0.1907756592142604,-0.7977815817491036
91.127,6.9231,-1.2474,8.0,16.6421,16.8772,-0.6891487414186938,-0.9737773426353982,-0.2662181943076343,-0.7323615943356974,0.19185808864035203,-0.9970452175109199
91.177,6.9231,0.0,8.0,16.6959,17.8866,-1.4313089244850488,-0.9737773426353982,-0.006266437041495043,-0.7323615943356974,0.19293850984858454,-0.9047722044189033
91.227,6.8607,-1.2474,8.0,16.7529,16.7161,2.8259176201372718,-0.9896777126161452,-0.2662181943076343,-0.7323615943356974,0.19408319402831037,-1.0117719684611117
91.277,6.9855,2.4948,8.0,16.8036,20.0663,-0.9419725400457841,-0.9578769726546511,0.5136370774907836,-0.7323615943356974,0.19510136048290863,-0.7055177100294959
91.327,6.9231,-1.2474,8.0,16.8574,16.8772,-2.927862700228786,-0.9737773426353982,-0.2662181943076343,-0.7323615943356974,0.19618178169114106,-0.9970452175109199
91.377,7.0479,2.4948,8.0,16.905,20.2275,0.43224713958804073,-0.941976602673904,0.5136370774907836,-0.7323615943356974,0.19713769339210518,-0.6907818177068952
91.427,6.9231,-2.4948,8.0,16.9589,15.8679,0.8848832951944752,-0.9737773426353982,-0.5261699515737737,-0.7323615943356974,0.1982201228181968,-1.0893090892305275
91.477,6.8607,-1.2474,8.0,17.0158,16.7161,-3.890224256292778,-0.9896777126161452,-0.2662181943076343,-0.7323615943356974,0.19936279878006347,-1.0117719684611117
91.527,6.8607,0.0,8.0,17.0728,17.7254,-0.6809931350113798,-0.9896777126161452,-0.006266437041495043,-0.7323615943356974,0.20050748295978935,-0.9195080967415039
91.577,6.9231,1.2474,8.0,17.1267,18.8959,6.3613729977115705,-0.9737773426353982,0.25368532022464424,-0.7323615943356974,0.20158991238588098,-0.8125083326992955
91.627,6.8607,-1.2474,8.0,17.1836,16.7161,1.117318077803198,-0.9896777126161452,-0.2662181943076343,-0.7323615943356974,0.20273258834774763,-1.0117719684611117
91.677,6.9855,2.4948,8.0,17.2343,20.0663,-0.5219588100686395,-0.9578769726546511,0.5136370774907836,-0.7323615943356974,0.20375075480234595,-0.7055177100294959
91.727,6.9855,0.0,8.0,17.2851,18.0477,0.9338169336383758,-0.9578769726546511,-0.006266437041495043,-0.7323615943356974,0.20477092947480335,-0.8900454534687114
91.777,6.9231,-1.2474,8.0,17.3389,16.8772,2.34881464530889,-0.9737773426353982,-0.2662181943076343,-0.7323615943356974,0.2058513506830358,-0.9970452175109199
91.827,6.9855,1.2474,8.0,17.3896,19.057,3.8045903890159325,-0.9578769726546511,0.25368532022464424,-0.7323615943356974,0.20686951713763413,-0.7977815817491036
91.877,7.0479,1.2474,8.0,17.4372,19.2182,1.7371441647597352,-0.941976602673904,0.25368532022464424,-0.7323615943356974,0.20782542883859814,-0.783045689426503
91.927,6.9231,-2.4948,8.0,17.4911,15.8679,0.13864530892452098,-0.9737773426353982,-0.5261699515737737,-0.7323615943356974,0.20890785826468977,-1.0893090892305275
91.977,6.9855,1.2474,8.0,17.5418,19.057,-3.0542745995423384,-0.9578769726546511,0.25368532022464424,-0.7323615943356974,0.209926024719288,-0.7977815817491036
92.027,7.1726,3.7422,8.0,17.5832,21.5591,-0.6728375286041743,-0.9102013440745587,0.7735888347569227,-0.7323615943356974,0.2107574269129837,-0.5690553027144947
92.077,7.1726,0.0,8.0,17.6246,18.5311,-0.3833135011441474,-0.9102013440745587,-0.006266437041495043,-0.7323615943356974,0.2115888291066793,-0.8458560592457268
92.127,7.0479,-2.4948,8.0,17.6722,16.1902,-1.4476201372997644,-0.941976602673904,-0.5261699515737737,-0.7323615943356974,0.21254474080764332,-1.0598464459577348
92.177,7.235,3.7422,8.0,17.7104,21.7202,0.008155606407309057,-0.8943009740938116,0.7735888347569227,-0.7323615943356974,0.21331188002984558,-0.5543285517643028
92.227,7.1726,-1.2474,8.0,17.7518,17.5218,-1.2437299771165973,-0.9102013440745587,-0.2662181943076343,-0.7323615943356974,0.21414328222354118,-0.9381199309653345
92.277,7.235,1.2474,8.0,17.79,19.7016,-3.1929199084667714,-0.8943009740938116,0.25368532022464424,-0.7323615943356974,0.2149104214457434,-0.7388562952035184
92.327,7.1726,-1.2474,8.0,17.8314,17.5218,0.04485583524021647,-0.9102013440745587,-0.2662181943076343,-0.7323615943356974,0.21574182363943903,-0.9381199309653345
92.377,7.1102,-1.2474,8.0,17.8759,17.3607,2.1979359267734044,-0.9261017140553057,-0.2662181943076343,-0.7323615943356974,0.2166354805867689,-0.9528466819155264
92.427,7.1726,1.2474,8.0,17.9173,19.5404,-3.4742883295194162,-0.9102013440745587,0.25368532022464424,-0.7323615943356974,0.21746688278046453,-0.7535921875261187
92.477,7.1726,0.0,8.0,17.9586,18.5311,-3.0624302059496697,-0.9102013440745587,-0.006266437041495043,-0.7323615943356974,0.21829627675630098,-0.8458560592457268
92.527,7.235,1.2474,8.0,17.9969,19.7016,2.5078489702517297,-0.8943009740938116,0.25368532022464424,-0.7323615943356974,0.21906542419636238,-0.7388562952035184
92.577,7.1102,-2.4948,8.0,18.0414,16.3513,1.1499405034325736,-0.9261017140553057,-0.5261699515737737,-0.7323615943356974,0.2199590811436922,-1.045119695007543
92.627,7.235,2.4948,8.0,18.0796,20.7109,-2.1082242562929325,-0.8943009740938116,0.5136370774907836,-0.7323615943356974,0.22072622036589443,-0.6465924234839105
92.677,7.1102,-2.4948,8.0,18.1241,16.3513,0.2895240274599639,-0.9261017140553057,-0.5261699515737737,-0.7323615943356974,0.22161987731322424,-1.045119695007543
92.727,7.1726,1.2474,8.0,18.1655,19.5404,1.0643066361556615,-0.9102013440745587,0.25368532022464424,-0.7323615943356974,0.22245127950691992,-0.7535921875261187
92.777,7.235,1.2474,8.0,18.2037,19.7016,1.451697940503388,-0.8943009740938116,0.25368532022464424,-0.7323615943356974,0.22321841872912215,-0.7388562952035184
92.827,7.2973,1.2474,8.0,18.2389,19.8627,1.720832951945019,-0.8784260854752134,0.25368532022464424,-0.7323615943356974,0.22392531141554936,-0.7241295442533262
92.877,7.1726,-2.4948,8.0,18.2802,16.5125,-2.699505720823797,-0.9102013440745587,-0.5261699515737737,-0.7323615943356974,0.2247547053913858,-1.0303838026849423
92.927,7.1726,0.0,8.0,18.3216,18.5311,-2.0022013729976584,-0.9102013440745587,-0.006266437041495043,-0.7323615943356974,0.2255861075850814,-0.8458560592457268
92.977,7.235,1.2474,8.0,18.3599,19.7016,0.9052723112128006,-0.8943009740938116,0.25368532022464424,-0.7323615943356974,0.2263552550251428,-0.7388562952035184
93.027,7.1726,-1.2474,8.0,18.4012,17.5218,-0.4485583524026841,-0.9102013440745587,-0.2662181943076343,-0.7323615943356974,0.22718464900097926,-0.9381199309653345
93.077,7.1726,0.0,8.0,18.4426,18.5311,-1.8023890160182832,-0.9102013440745587,-0.006266437041495043,-0.7323615943356974,0.22801605119467486,-0.8458560592457268
93.127,7.235,1.2474,8.0,18.4809,19.7016,0.6769153318077387,-0.8943009740938116,0.25368532022464424,-0.7323615943356974,0.22878519863473626,-0.7388562952035184
93.177,7.1726,-1.2474,8.0,18.5222,17.5218,-0.4485583524027445,-0.9102013440745587,-0.2662181943076343,-0.7323615943356974,0.2296145926105728,-0.9381199309653345
93.227,7.235,1.2474,8.0,18.5605,19.7016,-2.27133638443934,-0.8943009740938116,0.25368532022464424,-0.7323615943356974,0.23038374005063417,-0.7388562952035184
93.277,7.235,0.0,8.0,18.5987,18.6923,2.418137299771146,-0.8943009740938116,-0.006266437041495043,-0.7323615943356974,0.23115087927283642,-0.8311201669231261
93.327,7.1726,-1.2474,8.0,18.6401,17.5218,3.584389016018268,-0.9102013440745587,-0.2662181943076343,-0.7323615943356974,0.23198228146653202,-0.9381199309653345
93.377,7.1102,-1.2474,8.0,18.6846,17.3607,-1.6800549199084218,-0.9261017140553057,-0.2662181943076343,-0.7323615943356974,0.23287593841386184,-0.9528466819155264
93.427,7.1726,1.2474,8.0,18.726,19.5404,-3.3804988558351923,-0.9102013440745587,0.25368532022464424,-0.7323615943356974,0.23370734060755746,-0.7535921875261187
93.477,7.1726,0.0,8.0,18.7673,18.5311,0.6524485125858406,-0.9102013440745587,-0.006266437041495043,-0.7323615943356974,0.2345367345833939,-0.8458560592457268
93.527,7.1102,-1.2474,8.0,18.8118,17.3607,1.0398398169336136,-0.9261017140553057,-0.2662181943076343,-0.7323615943356974,0.2354303915307238,-0.9528466819155264
93.577,7.235,2.4948,8.0,18.8501,20.7109,-0.12641189931353658,-0.8943009740938116,0.5136370774907836,-0.7323615943356974,0.2361995389707852,-0.6465924234839105
93.627,7.1726,-1.2474,8.0,18.8914,17.5218,0.9175057208238232,-0.9102013440745587,-0.2662181943076343,-0.7323615943356974,0.23702893294662164,-0.9381199309653345
93.677,7.1726,0.0,8.0,18.9328,18.5311,1.2641189931349843,-0.9102013440745587,-0.006266437041495043,-0.7323615943356974,0.23786033514031724,-0.8458560592457268
93.727,7.1726,0.0,8.0,18.9742,18.5311,1.1825629290617616,-0.9102013440745587,-0.006266437041495043,-0.7323615943356974,0.23869173733401286,-0.8458560592457268
93.777,7.235,1.2474,8.0,19.0124,19.7016,2.9237848970251346,-0.8943009740938116,0.25368532022464424,-0.7323615943356974,0.2394588765562151,-0.7388562952035184
93.827,7.1102,-2.4948,8.0,19.0569,16.3513,0.6728375286040751,-0.9261017140553057,-0.5261699515737737,-0.7323615943356974,0.2403525335035449,-1.045119695007543
93.877,7.1102,0.0,8.0,19.1014,18.37,-3.400887871853495,-0.9261017140553057,-0.006266437041495043,-0.7323615943356974,0.2412461904508748,-0.8605828101959186
93.927,7.1726,1.2474,8.0,19.1428,19.5404,0.7788604118992698,-0.9102013440745587,0.25368532022464424,-0.7323615943356974,0.2420775926445704,-0.7535921875261187
93.977,7.235,1.2474,8.0,19.181,19.7016,1.3538306636155442,-0.8943009740938116,0.25368532022464424,-0.7323615943356974,0.24284473186677266,-0.7388562952035184
94.027,7.235,0.0,8.0,19.2193,18.6923,-1.63519908466819,-0.8943009740938116,-0.006266437041495043,-0.7323615943356974,0.24361387930683406,-0.8311201669231261
94.077,7.235,0.0,8.0,19.2575,18.6923,0.10602288329522092,-0.8943009740938116,-0.006266437041495043,-0.7323615943356974,0.2443810185290363,-0.8311201669231261
94.127,7.235,0.0,8.0,19.2958,18.6923,-0.20389016018300954,-0.8943009740938116,-0.006266437041495043,-0.7323615943356974,0.2451501659690977,-0.8311201669231261
94.177,7.2973,1.2474,8.0,19.3309,19.8627,-0.24466819221972386,-0.8784260854752134,0.25368532022464424,-0.7323615943356974,0.2458550504376657,-0.7241295442533262
94.227,7.235,-1.2474,8.0,19.3692,17.6829,-0.016311212814665715,-0.8943009740938116,-0.2662181943076343,-0.7323615943356974,0.2466241978777271,-0.9233931800151425
94.277,7.2973,1.2474,8.0,19.4043,19.8627,-0.01631121281461062,-0.8784260854752134,0.25368532022464424,-0.7323615943356974,0.24732908234629514,-0.7241295442533262
94.327,7.1726,-2.4948,8.0,19.4457,16.5125,-1.7983112128146372,-0.9102013440745587,-0.5261699515737737,-0.7323615943356974,0.24816048453999073,-1.0303838026849423
94.377,7.235,1.2474,8.0,19.4839,19.7016,-3.351954233409622,-0.8943009740938116,0.25368532022464424,-0.7323615943356974,0.248927623762193,-0.7388562952035184
94.427,7.2973,1.2474,8.0,19.519,19.8627,-1.6107322654461713,-0.8784260854752134,0.25368532022464424,-0.7323615943356974,0.249632508230761,-0.7241295442533262
94.477,7.1726,-2.4948,8.0,19.5604,16.5125,0.28952402746000555,-0.9102013440745587,-0.5261699515737737,-0.7323615943356974,0.2504639104244567,-1.0303838026849423
94.527,7.235,1.2474,8.0,19.5987,19.7016,1.8023890160182712,-0.8943009740938116,0.25368532022464424,-0.7323615943356974,0.2512330578645181,-0.7388562952035184
94.577,7.1726,-1.2474,8.0,19.64,17.5218,0.7176933638443573,-0.9102013440745587,-0.2662181943076343,-0.7323615943356974,0.25206245184035453,-0.9381199309653345
94.627,7.235,1.2474,8.0,19.6783,19.7016,-1.0235286041189553,-0.8943009740938116,0.25368532022464424,-0.7323615943356974,0.25283159928041593,-0.7388562952035184
94.677,7.235,0.0,8.0,19.7165,18.6923,0.5708924485126244,-0.8943009740938116,-0.006266437041495043,-0.7323615943356974,0.25359873850261816,-0.8311201669231261
94.727,7.1726,-1.2474,8.0,19.7579,17.5218,2.434448512585732,-0.9102013440745587,-0.2662181943076343,-0.7323615943356974,0.25443014069631376,-0.9381199309653345
94.777,7.1726,0.0,8.0,19.7993,18.5311,-0.39146910755144704,-0.9102013440745587,-0.006266437041495043,-0.7323615943356974,0.2552615428900094,-0.8458560592457268
94.827,7.1726,0.0,8.0,19.8406,18.5311,-0.3099130434782763,-0.9102013440745587,-0.006266437041495043,-0.7323615943356974,0.25609093686584583,-0.8458560592457268
94.877,7.1726,0.0,8.0,19.882,18.5311,0.6973043478260079,-0.9102013440745587,-0.006266437041495043,-0.7323615943356974,0.25692233905954154,-0.8458560592457268
94.927,7.1726,0.0,8.0,19.9234,18.5311,0.7788604118993898,-0.9102013440745587,-0.006266437041495043,-0.7323615943356974,0.25775374125323713,-0.8458560592457268
94.977,7.235,1.2474,8.0,19.9616,19.7016,-0.4934141876430266,-0.8943009740938116,0.25368532022464424,-0.7323615943356974,0.25852088047543936,-0.7388562952035184
95.027,7.235,0.0,8.0,19.9999,18.6923,-0.1427231121281848,-0.8943009740938116,-0.006266437041495043,-0.7323615943356974,0.25929002791550076,-0.8311201669231261
95.077,7.1726,-1.2474,8.0,20.0413,17.5218,0.20796796338671153,-0.9102013440745587,-0.2662181943076343,-0.7323615943356974,0.26012143010919636,-0.9381199309653345
95.127,7.1726,0.0,8.0,20.0826,18.5311,-2.189780320366044,-0.9102013440745587,-0.006266437041495043,-0.7323615943356974,0.26095082408503284,-0.8458560592457268
95.177,7.235,1.2474,8.0,20.1209,19.7016,-0.16718993135004043,-0.8943009740938116,0.25368532022464424,-0.7323615943356974,0.26171997152509424,-0.7388562952035184
95.227,7.235,0.0,8.0,20.1591,18.6923,-0.4363249427917659,-0.8943009740938116,-0.006266437041495043,-0.7323615943356974,0.26248711074729647,-0.8311201669231261
95.277,7.1102,-2.4948,8.0,20.2036,16.3513,1.5740320366131633,-0.9261017140553057,-0.5261699515737737,-0.7323615943356974,0.2633807676946263,-1.045119695007543
95.327,7.2973,3.7422,8.0,20.2388,21.8814,0.6769153318077409,-0.8784260854752134,0.7735888347569227,-0.7323615943356974,0.2640876603810535,-0.5395926594417021
95.377,7.1102,-3.7422,8.0,20.2832,15.342,-1.8431670480548512,-0.9261017140553057,-0.7861217088399128,-0.7323615943356974,0.2649793091105242,-1.1373835667271506
95.427,7.1726,1.2474,8.0,20.3246,19.5404,1.0235286041189424,-0.9102013440745587,0.25368532022464424,-0.7323615943356974,0.2658107113042198,-0.7535921875261187
95.477,7.1726,0.0,8.0,20.366,18.5311,1.6800549199084425,-0.9102013440745587,-0.006266437041495043,-0.7323615943356974,0.2666421134979154,-0.8458560592457268
95.527,7.1726,0.0,8.0,20.4074,18.5311,1.0235286041190135,-0.9102013440745587,-0.006266437041495043,-0.7323615943356974,0.26747351569161104,-0.8458560592457268
95.577,7.1102,-1.2474,8.0,20.4518,17.3607,-1.4149977116704509,-0.9261017140553057,-0.2662181943076343,-0.7323615943356974,0.26836516442108166,-0.9528466819155264
95.627,7.1102,0.0,8.0,20.4963,18.37,-1.4149977116704648,-0.9261017140553057,-0.006266437041495043,-0.7323615943356974,0.26925882136841156,-0.8605828101959186
95.677,7.235,2.4948,8.0,20.5346,20.7109,1.4516979405034294,-0.8943009740938116,0.5136370774907836,-0.7323615943356974,0.27002796880847296,-0.6465924234839105
95.727,7.235,0.0,8.0,20.5728,18.6923,3.2336979405033692,-0.8943009740938116,-0.006266437041495043,-0.7323615943356974,0.2707951080306752,-0.8311201669231261
95.777,7.2973,1.2474,8.0,20.608,19.8627,-2.581249427917601,-0.8784260854752134,0.25368532022464424,-0.7323615943356974,0.2715020007171024,-0.7241295442533262
95.827,7.1102,-3.7422,8.0,20.6525,15.342,-1.0683844393591582,-0.9261017140553057,-0.7861217088399128,-0.7323615943356974,0.2723956576644322,-1.1373835667271506
95.877,7.235,2.4948,8.0,20.6907,20.7109,2.185702517162409,-0.8943009740938116,0.5136370774907836,-0.7323615943356974,0.2731627968866344,-0.6465924234839105
95.927,7.235,0.0,8.0,20.729,18.6923,-1.272274599542375,-0.8943009740938116,-0.006266437041495043,-0.7323615943356974,0.2739319443266958,-0.8311201669231261
95.977,7.1726,-1.2474,8.0,20.7703,17.5218,1.0846956521739122,-0.9102013440745587,-0.2662181943076343,-0.7323615943356974,0.2747613383025323,-0.9381199309653345
96.027,7.1726,0.0,8.0,20.8117,18.5311,1.6596659038900874,-0.9102013440745587,-0.006266437041495043,-0.7323615943356974,0.2755927404962279,-0.8458560592457268
96.077,7.1726,0.0,8.0,20.8531,18.5311,-1.75753318077803,-0.9102013440745587,-0.006266437041495043,-0.7323615943356974,0.2764241426899236,-0.8458560592457268
96.127,7.235,1.2474,8.0,20.8913,19.7016,-2.964562929061754,-0.8943009740938116,0.25368532022464424,-0.7323615943356974,0.27719128191212583,-0.7388562952035184
96.177,7.235,0.0,8.0,20.9296,18.6923,1.6433546910755055,-0.8943009740938116,-0.006266437041495043,-0.7323615943356974,0.27796042935218723,-0.8311201669231261
96.227,7.235,0.0,8.0,20.9678,18.6923,1.3334416475972881,-0.8943009740938116,-0.006266437041495043,-0.7323615943356974,0.27872756857438946,-0.8311201669231261
96.277,7.1102,-2.4948,8.0,21.0123,16.3513,-0.28952402745986605,-0.9261017140553057,-0.5261699515737737,-0.7323615943356974,0.27962122552171925,-1.045119695007543
96.327,7.2973,3.7422,8.0,21.0474,21.8814,-0.28952402746002165,-0.8784260854752134,0.7735888347569227,-0.7323615943356974,0.2803261099902873,-0.5395926594417021
96.377,7.2973,0.0,8.0,21.0826,18.8534,-0.4893363844394037,-0.8784260854752134,-0.006266437041495043,-0.7323615943356974,0.2810330026767145,-0.816393415972934
96.427,7.235,-1.2474,8.0,21.1208,17.6829,-0.10194508009143323,-0.8943009740938116,-0.2662181943076343,-0.7323615943356974,0.2818001418989167,-0.9233931800151425
96.477,7.2973,1.2474,8.0,21.156,19.8627,-0.41185812356981794,-0.8784260854752134,0.25368532022464424,-0.7323615943356974,0.28250703458534393,-0.7241295442533262
96.527,7.235,-1.2474,8.0,21.1942,17.6829,0.47302517162462726,-0.8943009740938116,-0.2662181943076343,-0.7323615943356974,0.28327417380754616,-0.9233931800151425
96.577,7.1726,-1.2474,8.0,21.2356,17.5218,-0.42409153318079695,-0.9102013440745587,-0.2662181943076343,-0.7323615943356974,0.2841055760012418,-0.9381199309653345
96.627,7.235,1.2474,8.0,21.2738,19.7016,-1.1213958810067983,-0.8943009740938116,0.25368532022464424,-0.7323615943356974,0.28487271522344404,-0.7388562952035184
96.677,7.235,0.0,8.0,21.3121,18.6923,-0.26505720823793477,-0.8943009740938116,-0.006266437041495043,-0.7323615943356974,0.28564186266350544,-0.8311201669231261
96.727,7.1726,-1.2474,8.0,21.3535,17.5218,2.255025171624614,-0.9102013440745587,-0.2662181943076343,-0.7323615943356974,0.2864732648572011,-0.9381199309653345
96.777,7.235,1.2474,8.0,21.3917,19.7016,-3.2500091533180746,-0.8943009740938116,0.25368532022464424,-0.7323615943356974,0.2872404040794033,-0.7388562952035184
96.827,7.2973,1.2474,8.0,21.4268,19.8627,-4.175670480549005,-0.8784260854752134,0.25368532022464424,-0.7323615943356974,0.28794528854797136,-0.7241295442533262
96.877,7.1726,-2.4948,8.0,21.4682,16.5125,4.008480549199086,-0.9102013440745587,-0.5261699515737737,-0.7323615943356974,0.28877669074166695,-1.0303838026849423
96.927,7.235,1.2474,8.0,21.5065,19.7016,2.185702517162363,-0.8943009740938116,0.25368532022464424,-0.7323615943356974,0.28954583818172835,-0.7388562952035184
96.977,7.2973,1.2474,8.0,21.5416,19.8627,-0.024466819221943305,-0.8784260854752134,0.25368532022464424,-0.7323615943356974,0.2902507226502964,-0.7241295442533262
97.027,7.235,-1.2474,8.0,21.5798,17.6829,1.7983112128145988,-0.8943009740938116,-0.2662181943076343,-0.7323615943356974,0.2910178618724986,-0.9233931800151425
97.077,7.1726,-1.2474,8.0,21.6212,17.5218,0.5545812356978203,-0.9102013440745587,-0.2662181943076343,-0.7323615943356974,0.29184926406619427,-0.9381199309653345
97.127,7.1726,0.0,8.0,21.6626,18.5311,-2.0429794050342602,-0.9102013440745587,-0.006266437041495043,-0.7323615943356974,0.29268066625988987,-0.8458560592457268
97.177,7.235,1.2474,8.0,21.7008,19.7016,-0.44855835240268443,-0.8943009740938116,0.25368532022464424,-0.7323615943356974,0.29344780548209215,-0.7388562952035184
97.227,7.235,0.0,8.0,21.7391,18.6923,-1.1050846681922273,-0.8943009740938116,-0.006266437041495043,-0.7323615943356974,0.29421695292215355,-0.8311201669231261
97.277,7.0479,-3.7422,8.0,21.7867,15.1809,-1.105084668192185,-0.941976602673904,-0.7861217088399128,-0.7323615943356974,0.29517286462311754,-1.1521103176773428
97.327,7.235,3.7422,8.0,21.8249,21.7202,3.6251670480548706,-0.8943009740938116,0.7735888347569227,-0.7323615943356974,0.2959400038453198,-0.5543285517643028
97.377,7.3597,2.4948,8.0,21.857,21.0332,-0.32622425629293655,-0.8625257154944662,0.5136370774907836,-0.7323615943356974,0.2965846417781128,-0.6171297802111178
97.427,7.235,-2.4948,8.0,21.8952,16.6736,-2.454837528604077,-0.8943009740938116,-0.5261699515737737,-0.7323615943356974,0.297351781000315,-1.0156570517347503
97.477,7.235,0.0,8.0,21.9335,18.6923,0.26505720823808393,-0.8943009740938116,-0.006266437041495043,-0.7323615943356974,0.2981209284403764,-0.8311201669231261
97.527,7.2973,1.2474,8.0,21.9686,19.8627,0.46486956521740813,-0.8784260854752134,0.25368532022464424,-0.7323615943356974,0.29882581290894444,-0.7241295442533262
97.577,7.1726,-2.4948,8.0,22.01,16.5125,1.4313089244849821,-0.9102013440745587,-0.5261699515737737,-0.7323615943356974,0.2996572151026401,-1.0303838026849423
97.627,7.1102,-1.2474,8.0,22.0544,17.3607,0.45671395880997306,-0.9261017140553057,-0.2662181943076343,-0.7323615943356974,0.30054886383211077,-0.9528466819155264
97.677,7.235,2.4948,8.0,22.0927,20.7109,-1.6718993135010574,-0.8943009740938116,0.5136370774907836,-0.7323615943356974,0.30131801127217217,-0.6465924234839105
97.727,7.1726,-1.2474,8.0,22.1341,17.5218,-2.785139588100519,-0.9102013440745587,-0.2662181943076343,-0.7323615943356974,0.30214941346586777,-0.9381199309653345
97.777,7.235,1.2474,8.0,22.1723,19.7016,-2.3569702517163083,-0.8943009740938116,0.25368532022464424,-0.7323615943356974,0.30291655268807,-0.7388562952035184
97.827,7.235,0.0,8.0,22.2106,18.6923,-0.38739130434785246,-0.8943009740938116,-0.006266437041495043,-0.7323615943356974,0.3036857001281314,-0.8311201669231261
97.877,7.1102,-2.4948,8.0,22.2551,16.3513,5.117643020595005,-0.9261017140553057,-0.5261699515737737,-0.7323615943356974,0.30457935707546124,-1.045119695007543
97.927,7.1726,1.2474,8.0,22.2964,19.5404,1.712677345537742,-0.9102013440745587,0.25368532022464424,-0.7323615943356974,0.30540875105129767,-0.7535921875261187
97.977,7.1726,0.0,8.0,22.3378,18.5311,-1.851322654462218,-0.9102013440745587,-0.006266437041495043,-0.7323615943356974,0.3062401532449934,-0.8458560592457268
98.027,7.2973,2.4948,8.0,22.3729,20.872,4.930064073226426,-0.8784260854752134,0.5136370774907836,-0.7323615943356974,0.3069450377135614,-0.6318656725337185
98.077,7.235,-1.2474,8.0,22.4112,17.6829,0.509725400457629,-0.8943009740938116,-0.2662181943076343,-0.7323615943356974,0.3077141851536228,-0.9233931800151425
98.127,7.1102,-2.4948,8.0,22.4557,16.3513,-3.910613272311199,-0.9261017140553057,-0.5261699515737737,-0.7323615943356974,0.3086078421009526,-1.045119695007543
98.177,7.0479,-1.2474,8.0,22.5033,17.1995,1.0479954233409468,-0.941976602673904,-0.2662181943076343,-0.7323615943356974,0.30956375380191664,-0.967582574238127
98.227,7.1726,2.4948,8.0,22.5446,20.5498,0.35069107551490164,-0.9102013440745587,0.5136370774907836,-0.7323615943356974,0.31039314777775306,-0.6613191744341024
98.277,7.2973,2.4948,8.0,22.5798,20.872,-1.0031395881006406,-0.8784260854752134,0.5136370774907836,-0.7323615943356974,0.31110004046418027,-0.6318656725337185
98.327,7.1726,-2.4948,8.0,22.6212,16.5125,0.5505034324943255,-0.9102013440745587,-0.5261699515737737,-0.7323615943356974,0.311931442657876,-1.0303838026849423
98.377,7.2973,2.4948,8.0,22.6563,20.872,0.12233409610974202,-0.8784260854752134,0.5136370774907836,-0.7323615943356974,0.31263632712644396,-0.6318656725337185
98.427,7.1726,-2.4948,8.0,22.6977,16.5125,-1.859478260869563,-0.9102013440745587,-0.5261699515737737,-0.7323615943356974,0.3134677293201396,-1.0303838026849423
98.477,7.2973,2.4948,8.0,22.7328,20.872,-0.7747826086955979,-0.8784260854752134,0.5136370774907836,-0.7323615943356974,0.3141726137887076,-0.6318656725337185
98.527,7.2973,0.0,8.0,22.7679,18.8534,2.560860411899305,-0.8784260854752134,-0.006266437041495043,-0.7323615943356974,0.3148774982572756,-0.816393415972934
98.577,7.1102,-3.7422,8.0,22.8124,15.342,1.24780778032039,-0.9261017140553057,-0.7861217088399128,-0.7323615943356974,0.31577115520460547,-1.1373835667271506
98.627,7.235,2.4948,8.0,22.8507,20.7109,-3.400887871853542,-0.8943009740938116,0.5136370774907836,-0.7323615943356974,0.31654030264466687,-0.6465924234839105
98.677,7.1726,-1.2474,8.0,22.892,17.5218,-4.298004576659047,-0.9102013440745587,-0.2662181943076343,-0.7323615943356974,0.3173696966205033,-0.9381199309653345
98.727,7.1726,0.0,8.0,22.9334,18.5311,-0.8563386727688532,-0.9102013440745587,-0.006266437041495043,-0.7323615943356974,0.3182010988141989,-0.8458560592457268
98.777,7.1726,0.0,8.0,22.9748,18.5311,4.567139588100675,-0.9102013440745587,-0.006266437041495043,-0.7323615943356974,0.31903250100789454,-0.8458560592457268
98.827,7.235,1.2474,8.0,23.013,19.7016,1.349752860411853,-0.8943009740938116,0.25368532022464424,-0.7323615943356974,0.3197996402300968,-0.7388562952035184
98.877,7.235,0.0,8.0,23.0513,18.6923,0.26505720823798595,-0.8943009740938116,-0.006266437041495043,-0.7323615943356974,0.32056878767015823,-0.8311201669231261
98.927,7.1102,-2.4948,8.0,23.0958,16.3513,1.7004439359267114,-0.9261017140553057,-0.5261699515737737,-0.7323615943356974,0.3214624446174881,-1.045119695007543
98.977,7.235,2.4948,8.0,23.134,20.7109,-0.4281693363844162,-0.8943009740938116,0.5136370774907836,-0.7323615943356974,0.3222295838396903,-0.6465924234839105
99.027,7.1726,-1.2474,8.0,23.1754,17.5218,-0.14680091533166464,-0.9102013440745587,-0.2662181943076343,-0.7323615943356974,0.3230609860333859,-0.9381199309653345
99.077,7.1726,0.0,8.0,23.2168,18.5311,-2.1571578947368586,-0.9102013440745587,-0.006266437041495043,-0.7323615943356974,0.3238923882270815,-0.8458560592457268
99.127,7.1726,0.0,8.0,23.2581,18.5311,0.5505034324942112,-0.9102013440745587,-0.006266437041495043,-0.7323615943356974,0.324721782202918,-0.8458560592457268
99.177,7.235,1.2474,8.0,23.2964,19.7016,1.8635560640731974,-0.8943009740938116,0.25368532022464424,-0.7323615943356974,0.3254909296429794,-0.7388562952035184
99.227,7.235,0.0,8.0,23.3346,18.6923,-1.084695652173921,-0.8943009740938116,-0.006266437041495043,-0.7323615943356974,0.3262580688651816,-0.8311201669231261
99.277,7.2973,1.2474,8.0,23.3698,19.8627,-1.1254736842104918,-0.8784260854752134,0.25368532022464424,-0.7323615943356974,0.32696496155160887,-0.7241295442533262
99.327,7.1726,-2.4948,8.0,23.4111,16.5125,0.34661327231124756,-0.9102013440745587,-0.5261699515737737,-0.7323615943356974,0.3277943555274453,-1.0303838026849423
99.377,7.235,1.2474,8.0,23.4494,19.7016,2.5160045766590016,-0.8943009740938116,0.25368532022464424,-0.7323615943356974,0.3285635029675067,-0.7388562952035184
99.427,7.1726,-1.2474,8.0,23.4908,17.5218,-1.5577208237986555,-0.9102013440745587,-0.2662181943076343,-0.7323615943356974,0.3293949051612023,-0.9381199309653345
99.477,7.1102,-1.2474,8.0,23.5352,17.3607,-2.336581235697847,-0.9261017140553057,-0.2662181943076343,-0.7323615943356974,0.33028655389067296,-0.9528466819155264
99.527,7.1726,1.2474,8.0,23.5766,19.5404,2.6587276887871316,-0.9102013440745587,0.25368532022464424,-0.7323615943356974,0.33111795608436856,-0.7535921875261187
99.577,7.2973,2.4948,8.0,23.6117,20.872,0.2854462242562292,-0.8784260854752134,0.5136370774907836,-0.7323615943356974,0.3318228405529366,-0.6318656725337185
99.627,7.235,-1.2474,8.0,23.65,17.6829,-0.9623615560640482,-0.8943009740938116,-0.2662181943076343,-0.7323615943356974,0.332591987992998,-0.9233931800151425
99.677,7.235,0.0,8.0,23.6882,18.6923,1.822778032036579,-0.8943009740938116,-0.006266437041495043,-0.7323615943356974,0.3333591272152002,-0.8311201669231261
99.727,7.1726,-1.2474,8.0,23.7296,17.5218,1.0439176201373115,-0.9102013440745587,-0.2662181943076343,-0.7323615943356974,0.33419052940889593,-0.9381199309653345
99.777,7.235,1.2474,8.0,23.7679,19.7016,1.4313089244851407,-0.8943009740938116,0.25368532022464424,-0.7323615943356974,0.33495967684895733,-0.7388562952035184
99.827,7.235,0.0,8.0,23.8061,18.6923,1.0031395881006158,-0.8943009740938116,-0.006266437041495043,-0.7323615943356974,0.33572681607115956,-0.8311201669231261
99.877,7.2973,1.2474,8.0,23.8413,19.8627,-2.332503432494232,-0.8784260854752134,0.25368532022464424,-0.7323615943356974,0.3364337087575867,-0.7241295442533262
99.927,7.1726,-2.4948,8.0,23.8826,16.5125,-1.2478077803203196,-0.9102013440745587,-0.5261699515737737,-0.7323615943356974,0.3372631027334232,-1.0303838026849423
99.977,7.2973,2.4948,8.0,23.9178,20.872,-1.0602288329520329,-0.8784260854752134,0.5136370774907836,-0.7323615943356974,0.33796999541985034,-0.6318656725337185
100.027,7.3597,1.2474,8.0,23.9498,20.0238,-1.3008192219679753,-0.8625257154944662,0.25368532022464424,-0.7323615943356974,0.3386126251347842,-0.709402793303134
100.077,7.235,-2.4948,8.0,23.988,16.6736,-1.182562929061623,-0.8943009740938116,-0.5261699515737737,-0.7323615943356974,0.3393797643569864,-1.0156570517347503
100.127,7.2973,1.2474,8.0,24.0232,19.8627,0.4893363844393958,-0.8784260854752134,0.25368532022464424,-0.7323615943356974,0.3400866570434136,-0.7241295442533262
100.177,7.2973,0.0,8.0,24.0583,18.8534,1.843167048054793,-0.8784260854752134,-0.006266437041495043,-0.7323615943356974,0.34079154151198165,-0.816393415972934
100.227,7.235,-1.2474,8.0,24.0965,17.6829,-1.9206453089244813,-0.8943009740938116,-0.2662181943076343,-0.7323615943356974,0.3415586807341839,-0.9233931800151425
100.277,7.2973,1.2474,8.0,24.1317,19.8627,-1.9206453089244404,-0.8784260854752134,0.25368532022464424,-0.7323615943356974,0.34226557342061104,-0.7241295442533262
100.327,7.235,-1.2474,8.0,24.1699,17.6829,-0.4077803203660904,-0.8943009740938116,-0.2662181943076343,-0.7323615943356974,0.34303271264281326,-0.9233931800151425
100.377,7.1726,-1.2474,8.0,24.2113,17.5218,1.1050846681922182,-0.9102013440745587,-0.2662181943076343,-0.7323615943356974,0.34386411483650897,-0.9381199309653345
100.427,7.2973,2.4948,8.0,24.2464,20.872,-0.020389016018363126,-0.8784260854752134,0.5136370774907836,-0.7323615943356974,0.344568999305077,-0.6318656725337185
100.477,7.235,-1.2474,8.0,24.2847,17.6829,0.24874599542330622,-0.8943009740938116,-0.2662181943076343,-0.7323615943356974,0.3453381467451384,-0.9233931800151425
100.527,7.1726,-1.2474,8.0,24.3261,17.5218,3.23777574370711,-0.9102013440745587,-0.2662181943076343,-0.7323615943356974,0.346169548938834,-0.9381199309653345
100.577,7.1726,0.0,8.0,24.3674,18.5311,-0.901194508009143,-0.9102013440745587,-0.006266437041495043,-0.7323615943356974,0.3469989429146704,-0.8458560592457268
100.627,7.3597,3.7422,8.0,24.3994,22.0425,-1.8635560640731899,-0.8625257154944662,0.7735888347569227,-0.7323615943356974,0.34764157262960427,-0.52486590849151
100.677,7.235,-2.4948,8.0,24.4377,16.6736,-0.22835697940495336,-0.8943009740938116,-0.5261699515737737,-0.7323615943356974,0.34841072006966567,-1.0156570517347503
100.727,7.1726,-1.2474,8.0,24.4791,17.5218,-0.4567139588100678,-0.9102013440745587,-0.2662181943076343,-0.7323615943356974,0.34924212226336127,-0.9381199309653345
100.777,7.235,1.2474,8.0,24.5173,19.7016,2.7198947368420114,-0.8943009740938116,0.25368532022464424,-0.7323615943356974,0.3500092614855635,-0.7388562952035184
100.827,7.235,0.0,8.0,24.5556,18.6923,1.207029748283719,-0.8943009740938116,-0.006266437041495043,-0.7323615943356974,0.3507784089256249,-0.8311201669231261
100.877,7.2973,1.2474,8.0,24.5907,19.8627,-2.7851395881006678,-0.8784260854752134,0.25368532022464424,-0.7323615943356974,0.35148329339419293,-0.7241295442533262
100.927,7.235,-1.2474,8.0,24.6289,17.6829,1.5169427917619915,-0.8943009740938116,-0.2662181943076343,-0.7323615943356974,0.3522504326163952,-0.9233931800151425
100.977,7.235,0.0,8.0,24.6672,18.6923,0.16311212814650616,-0.8943009740938116,-0.006266437041495043,-0.7323615943356974,0.3530195800564566,-0.8311201669231261
101.027,7.1726,-1.2474,8.0,24.7086,17.5218,-1.618887871853573,-0.9102013440745587,-0.2662181943076343,-0.7323615943356974,0.35385098225015227,-0.9381199309653345
101.077,7.1726,0.0,8.0,24.7499,18.5311,-0.6932265446224731,-0.9102013440745587,-0.006266437041495043,-0.7323615943356974,0.3546803762259887,-0.8458560592457268
101.127,7.1726,0.0,8.0,24.7913,18.5311,0.8196384439360344,-0.9102013440745587,-0.006266437041495043,-0.7323615943356974,0.3555117784196843,-0.8458560592457268
101.177,7.235,1.2474,8.0,24.8296,19.7016,1.4068421052631876,-0.8943009740938116,0.25368532022464424,-0.7323615943356974,0.3562809258597457,-0.7388562952035184
101.227,7.2973,1.2474,8.0,24.8647,19.8627,-0.14680091533193315,-0.8784260854752134,0.25368532022464424,-0.7323615943356974,0.3569858103283137,-0.7241295442533262
101.277,7.2973,0.0,8.0,24.8998,18.8534,0.3506910755148429,-0.8784260854752134,-0.006266437041495043,-0.7323615943356974,0.35769069479688176,-0.816393415972934
101.327,7.1726,-2.4948,8.0,24.9412,16.5125,0.3506910755148991,-0.9102013440745587,-0.5261699515737737,-0.7323615943356974,0.35852209699057735,-1.0303838026849423
101.377,7.235,1.2474,8.0,24.9794,19.7016,0.8196384439359513,-0.8943009740938116,0.25368532022464424,-0.7323615943356974,0.3592892362127796,-0.7388562952035184
101.427,7.235,0.0,8.0,25.0177,18.6923,0.20389016018307893,-0.8943009740938116,-0.006266437041495043,-0.7323615943356974,0.3600583836528411,-0.8311201669231261
101.477,7.1726,-1.2474,8.0,25.0591,17.5218,-0.8400274599542342,-0.9102013440745587,-0.2662181943076343,-0.7323615943356974,0.3608897858465367,-0.9381199309653345
101.527,7.2973,2.4948,8.0,25.0942,20.872,-1.9247231121281176,-0.8784260854752134,0.5136370774907836,-0.7323615943356974,0.3615946703151047,-0.6318656725337185
101.577,7.1726,-2.4948,8.0,25.1356,16.5125,0.1264118993134207,-0.9102013440745587,-0.5261699515737737,-0.7323615943356974,0.3624260725088003,-1.0303838026849423
101.627,7.235,1.2474,8.0,25.1738,19.7016,-0.7299267734553929,-0.8943009740938116,0.25368532022464424,-0.7323615943356974,0.36319321173100255,-0.7388562952035184
101.677,7.2973,1.2474,8.0,25.209,19.8627,-2.083757437070839,-0.8784260854752134,0.25368532022464424,-0.7323615943356974,0.36390010441742976,-0.7241295442533262
101.727,7.2973,0.0,8.0,25.2441,18.8534,1.7208329519451027,-0.8784260854752134,-0.006266437041495043,-0.7323615943356974,0.36460498888599774,-0.816393415972934
101.777,7.1726,-2.4948,8.0,25.2855,16.5125,1.5332540045766714,-0.9102013440745587,-0.5261699515737737,-0.7323615943356974,0.3654363910796934,-1.0303838026849423
101.827,7.235,1.2474,8.0,25.3237,19.7016,-4.081881006864886,-0.8943009740938116,0.25368532022464424,-0.7323615943356974,0.3662035303018956,-0.7388562952035184
101.877,7.1726,-1.2474,8.0,25.3651,17.5218,0.5668146453088642,-0.9102013440745587,-0.2662181943076343,-0.7323615943356974,0.36703493249559127,-0.9381199309653345
101.927,7.235,1.2474,8.0,25.4033,19.7016,3.6210892448511647,-0.8943009740938116,0.25368532022464424,-0.7323615943356974,0.3678020717177935,-0.7388562952035184
101.977,7.1726,-1.2474,8.0,25.4447,17.5218,-0.49341418764304795,-0.9102013440745587,-0.2662181943076343,-0.7323615943356974,0.36863347391148915,-0.9381199309653345
102.027,7.235,1.2474,8.0,25.4829,19.7016,1.9451121281464212,-0.8943009740938116,0.25368532022464424,-0.7323615943356974,0.3694006131336914,-0.7388562952035184
102.077,7.235,0.0,8.0,25.5212,18.6923,0.8196384439358981,-0.8943009740938116,-0.006266437041495043,-0.7323615943356974,0.3701697605737528,-0.8311201669231261
102.127,7.1102,-2.4948,8.0,25.5657,16.3513,-2.0878352402745657,-0.9261017140553057,-0.5261699515737737,-0.7323615943356974,0.3710634175210826,-1.045119695007543
102.177,7.1726,1.2474,8.0,25.6071,19.5404,1.2478077803204233,-0.9102013440745587,0.25368532022464424,-0.7323615943356974,0.3718948197147782,-0.7535921875261187
102.227,7.235,1.2474,8.0,25.6453,19.7016,4.196059496567415,-0.8943009740938116,0.25368532022464424,-0.7323615943356974,0.37266195893698045,-0.7388562952035184
102.277,7.1726,-1.2474,8.0,25.6867,17.5218,-1.9655011441647523,-0.9102013440745587,-0.2662181943076343,-0.7323615943356974,0.37349336113067605,-0.9381199309653345
102.327,7.235,1.2474,8.0,25.7249,19.7016,-3.009418764301981,-0.8943009740938116,0.25368532022464424,-0.7323615943356974,0.37426050035287833,-0.7388562952035184
102.377,7.4221,3.7422,8.0,25.7538,22.2036,0.5953592677345213,-0.8466253455137192,0.7735888347569227,-0.7323615943356974,0.37484087531417787,-0.5101391575413179
102.427,7.235,-3.7422,8.0,25.7921,15.6643,-1.2274187643020178,-0.8943009740938116,-0.7861217088399128,-0.7323615943356974,0.3756100227542394,-1.1079209234543579
102.477,7.2973,1.2474,8.0,25.8272,19.8627,-1.5373318077802594,-0.8784260854752134,0.25368532022464424,-0.7323615943356974,0.37631490722280736,-0.7241295442533262
102.527,7.235,-1.2474,8.0,25.8655,17.6829,1.288585812356922,-0.8943009740938116,-0.2662181943076343,-0.7323615943356974,0.37708405466286876,-0.9233931800151425
102.577,7.235,0.0,8.0,25.9037,18.6923,1.904334096109811,-0.8943009740938116,-0.006266437041495043,-0.7323615943356974,0.377851193885071,-0.8311201669231261
102.627,7.1726,-1.2474,8.0,25.9451,17.5218,-2.169391304347846,-0.9102013440745587,-0.2662181943076343,-0.7323615943356974,0.37868259607876664,-0.9381199309653345
102.677,7.2973,2.4948,8.0,25.9802,20.872,-1.9818123569794177,-0.8784260854752134,0.5136370774907836,-0.7323615943356974,0.3793874805473347,-0.6318656725337185
102.727,7.235,-1.2474,8.0,26.0185,17.6829,0.8441052631579179,-0.8943009740938116,-0.2662181943076343,-0.7323615943356974,0.380156627987396,-0.9233931800151425
102.777,7.1102,-2.4948,8.0,26.063,16.3513,0.10602288329516221,-0.9261017140553057,-0.5261699515737737,-0.7323615943356974,0.38105028493472587,-1.045119695007543
102.827,7.235,2.4948,8.0,26.1012,20.7109,-1.7167551487413781,-0.8943009740938116,0.5136370774907836,-0.7323615943356974,0.3818174241569281,-0.6465924234839105
102.877,7.235,0.0,8.0,26.1395,18.6923,3.8698352402746443,-0.8943009740938116,-0.006266437041495043,-0.7323615943356974,0.38258657159698956,-0.8311201669231261
102.927,7.1726,-1.2474,8.0,26.1808,17.5218,1.9002562929061464,-0.9102013440745587,-0.2662181943076343,-0.7323615943356974,0.38341596557282603,-0.9381199309653345
102.977,7.2973,2.4948,8.0,26.216,20.872,-1.3130526315789606,-0.8784260854752134,0.5136370774907836,-0.7323615943356974,0.3841228582592532,-0.6318656725337185
103.027,7.2973,0.0,8.0,26.2511,18.8534,0.8604164759725177,-0.8784260854752134,-0.006266437041495043,-0.7323615943356974,0.3848277427278212,-0.816393415972934
103.077,7.235,-1.2474,8.0,26.2893,17.6829,-2.6628054919907744,-0.8943009740938116,-0.2662181943076343,-0.7323615943356974,0.38559488195002345,-0.9233931800151425
103.127,7.235,0.0,8.0,26.3276,18.6923,-1.537331807780306,-0.8943009740938116,-0.006266437041495043,-0.7323615943356974,0.38636402939008485,-0.8311201669231261
103.177,7.235,0.0,8.0,26.3658,18.6923,2.7239725400456973,-0.8943009740938116,-0.006266437041495043,-0.7323615943356974,0.3871311686122871,-0.8311201669231261
103.227,7.235,0.0,8.0,26.4041,18.6923,0.9419725400457876,-0.8943009740938116,-0.006266437041495043,-0.7323615943356974,0.3879003160523485,-0.8311201669231261
103.277,7.235,0.0,8.0,26.4423,18.6923,-4.444805491990811,-0.8943009740938116,-0.006266437041495043,-0.7323615943356974,0.38866745527455077,-0.8311201669231261
103.327,7.1726,-1.2474,8.0,26.4837,17.5218,-0.9215835240274465,-0.9102013440745587,-0.2662181943076343,-0.7323615943356974,0.38949885746824636,-0.9381199309653345
103.377,7.2973,2.4948,8.0,26.5188,20.872,3.6863340961097717,-0.8784260854752134,0.5136370774907836,-0.7323615943356974,0.3902037419368144,-0.6318656725337185
103.427,7.1726,-2.4948,8.0,26.5602,16.5125,-1.084695652173927,-0.9102013440745587,-0.5261699515737737,-0.7323615943356974,0.39103514413051,-1.0303838026849423
103.477,7.235,1.2474,8.0,26.5985,19.7016,0.6973043478260966,-0.8943009740938116,0.25368532022464424,-0.7323615943356974,0.39180429157057145,-0.7388562952035184
103.527,7.1726,-1.2474,8.0,26.6398,17.5218,2.250947368421077,-0.9102013440745587,-0.2662181943076343,-0.7323615943356974,0.39263368554640793,-0.9381199309653345
103.577,7.1726,0.0,8.0,26.6812,18.5311,-0.18757894736843223,-0.9102013440745587,-0.006266437041495043,-0.7323615943356974,0.3934650877401035,-0.8458560592457268
103.627,7.2973,2.4948,8.0,26.7163,20.872,0.12233409610979719,-0.8784260854752134,0.5136370774907836,-0.7323615943356974,0.39416997220867156,-0.6318656725337185
103.677,7.235,-1.2474,8.0,26.7546,17.6829,-2.356970251716138,-0.8943009740938116,-0.2662181943076343,-0.7323615943356974,0.39493911964873296,-0.9233931800151425
103.727,7.1726,-1.2474,8.0,26.796,17.5218,0.9378947368420826,-0.9102013440745587,-0.2662181943076343,-0.7323615943356974,0.39577052184242856,-0.9381199309653345
103.777,7.235,1.2474,8.0,26.8342,19.7016,1.5536430205949154,-0.8943009740938116,0.25368532022464424,-0.7323615943356974,0.3965376610646308,-0.7388562952035184
103.827,7.2973,1.2474,8.0,26.8693,19.8627,-0.7380823798627182,-0.8784260854752134,0.25368532022464424,-0.7323615943356974,0.3972425455331988,-0.7241295442533262
103.877,7.2973,0.0,8.0,26.9045,18.8534,3.095052631578862,-0.8784260854752134,-0.006266437041495043,-0.7323615943356974,0.397949438219626,-0.816393415972934
103.927,7.1726,-2.4948,8.0,26.9459,16.5125,-0.19981235697940392,-0.9102013440745587,-0.5261699515737737,-0.7323615943356974,0.3987808404133217,-1.0303838026849423
103.977,7.2973,2.4948,8.0,26.981,20.872,-3.723034324942701,-0.8784260854752134,0.5136370774907836,-0.7323615943356974,0.3994857248818897,-0.6318656725337185
104.027,7.1726,-2.4948,8.0,27.0224,16.5125,-1.4720869565216945,-0.9102013440745587,-0.5261699515737737,-0.7323615943356974,0.4003171270755853,-1.0303838026849423
104.077,7.2973,2.4948,8.0,27.0575,20.872,-1.5128649885583678,-0.8784260854752134,0.5136370774907836,-0.7323615943356974,0.40102201154415335,-0.6318656725337185
104.127,7.1726,-2.4948,8.0,27.0989,16.5125,1.3538306636155812,-0.9102013440745587,-0.5261699515737737,-0.7323615943356974,0.40185341373784894,-1.0303838026849423
104.177,7.235,1.2474,8.0,27.1371,19.7016,0.38739130434786745,-0.8943009740938116,0.25368532022464424,-0.7323615943356974,0.40262055296005117,-0.7388562952035184
104.227,7.3597,2.4948,8.0,27.1691,21.0332,-1.4353867276888266,-0.8625257154944662,0.5136370774907836,-0.7323615943356974,0.403263182674985,-0.6171297802111178
104.277,7.235,-2.4948,8.0,27.2074,16.6736,-0.12233409610985485,-0.8943009740938116,-0.5261699515737737,-0.7323615943356974,0.4040323301150464,-1.0156570517347503
104.327,7.2973,1.2474,8.0,27.2425,19.8627,2.744361556064051,-0.8784260854752134,0.25368532022464424,-0.7323615943356974,0.4047372145836144,-0.7241295442533262
104.377,7.235,-1.2474,8.0,27.2808,17.6829,2.0878352402745817,-0.8943009740938116,-0.2662181943076343,-0.7323615943356974,0.4055063620236758,-0.9233931800151425
104.427,7.1102,-2.4948,8.0,27.3253,16.3513,-3.2581647597253465,-0.9261017140553057,-0.5261699515737737,-0.7323615943356974,0.40640001897100564,-1.045119695007543
104.477,7.1726,1.2474,8.0,27.3666,19.5404,0.3466132723112018,-0.9102013440745587,0.25368532022464424,-0.7323615943356974,0.40722941294684206,-0.7535921875261187
104.527,7.235,1.2474,8.0,27.4049,19.7016,1.0031395881006437,-0.8943009740938116,0.25368532022464424,-0.7323615943356974,0.4079985603869036,-0.7388562952035184
104.577,7.235,0.0,8.0,27.4431,18.6923,-0.12233409610983792,-0.8943009740938116,-0.006266437041495043,-0.7323615943356974,0.4087656996091058,-0.8311201669231261
104.627,7.235,0.0,8.0,27.4814,18.6923,-0.8196384439358908,-0.8943009740938116,-0.006266437041495043,-0.7323615943356974,0.4095348470491672,-0.8311201669231261
104.677,7.235,0.0,8.0,27.5196,18.6923,0.5341922196795477,-0.8943009740938116,-0.006266437041495043,-0.7323615943356974,0.41030198627136943,-0.8311201669231261
104.727,7.2973,1.2474,8.0,27.5548,19.8627,2.356970251716298,-0.8784260854752134,0.25368532022464424,-0.7323615943356974,0.4110088789577966,-0.7241295442533262
104.777,7.235,-1.2474,8.0,27.593,17.6829,-2.40182608695638,-0.8943009740938116,-0.2662181943076343,-0.7323615943356974,0.41177601817999887,-0.9233931800151425
104.827,7.2973,1.2474,8.0,27.6281,19.8627,0.9338169336384003,-0.8784260854752134,0.25368532022464424,-0.7323615943356974,0.41248090264856685,-0.7241295442533262
104.877,7.1726,-2.4948,8.0,27.6695,16.5125,2.2468695652173345,-0.9102013440745587,-0.5261699515737737,-0.7323615943356974,0.4133123048422625,-1.0303838026849423
104.927,7.235,1.2474,8.0,27.7078,19.7016,-0.9011945080092651,-0.8943009740938116,0.25368532022464424,-0.7323615943356974,0.4140814522823239,-0.7388562952035184
104.977,7.2973,1.2474,8.0,27.7429,19.8627,-2.2672585812356982,-0.8784260854752134,0.25368532022464424,-0.7323615943356974,0.4147863367508919,-0.7241295442533262
105.027,7.235,-1.2474,8.0,27.7811,17.6829,-0.13864530892441787,-0.8943009740938116,-0.2662181943076343,-0.7323615943356974,0.41555347597309417,-0.9233931800151425
105.077,7.235,0.0,8.0,27.8194,18.6923,2.0307459954232887,-0.8943009740938116,-0.006266437041495043,-0.7323615943356974,0.4163226234131556,-0.8311201669231261
105.127,7.235,0.0,8.0,27.8576,18.6923,-1.5740320366132206,-0.8943009740938116,-0.006266437041495043,-0.7323615943356974,0.41708976263535785,-0.8311201669231261
105.177,7.2973,1.2474,8.0,27.8928,19.8627,-3.2377757437069596,-0.8784260854752134,0.25368532022464424,-0.7323615943356974,0.41779665532178506,-0.7241295442533262
105.227,7.1102,-3.7422,8.0,27.9373,15.342,2.22648054919906,-0.9261017140553057,-0.7861217088399128,-0.7323615943356974,0.41869031226911485,-1.1373835667271506
105.277,7.2973,3.7422,8.0,27.9724,21.8814,2.8014508009152337,-0.8784260854752134,0.7735888347569227,-0.7323615943356974,0.4193951967376829,-0.5395926594417021
105.327,7.3597,1.2474,8.0,28.0044,20.0238,-0.8848832951944505,-0.8625257154944662,0.25368532022464424,-0.7323615943356974,0.42003782645261667,-0.709402793303134
105.377,7.2973,-1.2474,8.0,28.0396,17.8441,-0.5790480549199148,-0.8784260854752134,-0.2662181943076343,-0.7323615943356974,0.4207447191390439,-0.9086572876925417
105.427,7.2973,0.0,8.0,28.0747,18.8534,1.3089748283751768,-0.8784260854752134,-0.006266437041495043,-0.7323615943356974,0.4214496036076119,-0.816393415972934
105.477,7.1726,-2.4948,8.0,28.1161,16.5125,1.145862700228883,-0.9102013440745587,-0.5261699515737737,-0.7323615943356974,0.4222810058013075,-1.0303838026849423
105.527,7.2973,2.4948,8.0,28.1512,20.872,0.0570892448512772,-0.8784260854752134,0.5136370774907836,-0.7323615943356974,0.42298589026987554,-0.6318656725337185
105.577,7.235,-1.2474,8.0,28.1894,17.6829,-0.803327231121281,-0.8943009740938116,-0.2662181943076343,-0.7323615943356974,0.42375302949207777,-0.9233931800151425
105.627,7.1726,-1.2474,8.0,28.2308,17.5218,-0.6198260869564867,-0.9102013440745587,-0.2662181943076343,-0.7323615943356974,0.42458443168577337,-0.9381199309653345
105.677,7.2973,2.4948,8.0,28.266,20.872,1.0357620137300083,-0.8784260854752134,0.5136370774907836,-0.7323615943356974,0.4252913243722006,-0.6318656725337185
105.727,7.4221,2.4948,8.0,28.2948,21.1943,-2.1204576659038787,-0.8466253455137192,0.5136370774907836,-0.7323615943356974,0.425869691115641,-0.6024030292609259
105.777,7.2973,-2.4948,8.0,28.33,16.8347,0.6850709382150812,-0.8784260854752134,-0.5261699515737737,-0.7323615943356974,0.4265765838020682,-1.000930300784558
105.827,7.2973,0.0,8.0,28.3651,18.8534,3.996247139588185,-0.8784260854752134,-0.006266437041495043,-0.7323615943356974,0.4272814682706363,-0.816393415972934
105.877,7.4221,2.4948,8.0,28.394,21.1943,3.6618672768878158,-0.8466253455137192,0.5136370774907836,-0.7323615943356974,0.4278618432319358,-0.6024030292609259
105.927,7.3597,-1.2474,8.0,28.426,18.0052,3.356032036613175,-0.8625257154944662,-0.2662181943076343,-0.7323615943356974,0.42850447294686966,-0.8939305367423499
105.977,7.2973,-1.2474,8.0,28.4612,17.8441,1.4149977116703805,-0.8784260854752134,-0.2662181943076343,-0.7323615943356974,0.4292113656332969,-0.9086572876925417
106.027,7.4221,2.4948,8.0,28.4901,21.1943,2.2998810068649242,-0.8466253455137192,0.5136370774907836,-0.7323615943356974,0.4297917405945965,-0.6024030292609259
106.077,7.3597,-1.2474,8.0,28.5221,18.0052,1.4802425629290872,-0.8625257154944662,-0.2662181943076343,-0.7323615943356974,0.43043437030953025,-0.8939305367423499
106.127,7.4844,2.4948,8.0,28.5479,21.3555,0.15087871853538104,-0.830750456895121,0.5136370774907836,-0.7323615943356974,0.43095249051719564,-0.5876671369383253
106.177,7.4844,0.0,8.0,28.5736,19.3368,1.2192631578947255,-0.830750456895121,-0.006266437041495043,-0.7323615943356974,0.43146860250700186,-0.7722040217499494
106.227,7.6092,2.4948,8.0,28.5932,21.6777,4.6568512585812565,-0.7989497169336268,0.5136370774907836,-0.7323615943356974,0.43186221320739887,-0.5582136350379411
106.277,7.6716,1.2474,8.0,28.6096,20.8295,1.5821876430205761,-0.78304934695288,0.25368532022464424,-0.7323615943356974,0.43219156093630245,-0.635750755807357
106.327,7.7339,1.2474,8.0,28.6229,20.9907,-3.1276750572081857,-0.7671744583342814,0.25368532022464424,-0.7323615943356974,0.43245865391157184,-0.6210148634847563
106.377,7.921,3.7422,8.0,28.6268,23.4927,1.1499405034325583,-0.719498829754189,0.7735888347569227,-0.7323615943356974,0.43253697440807937,-0.3922977258225562
106.427,7.8587,-1.2474,8.0,28.6339,19.2943,3.4824439359267,-0.7353737183727875,-0.2662181943076343,-0.7323615943356974,0.4326795578760803,-0.7760891050235879
106.477,7.9834,2.4948,8.0,28.6347,22.6446,-0.9786727688787855,-0.7035984597734422,0.5136370774907836,-0.7323615943356974,0.43269562361895364,-0.46982570521956324
106.527,7.921,-1.2474,8.0,28.6387,19.4555,2.3447368421051684,-0.719498829754189,-0.2662181943076343,-0.7323615943356974,0.4327759523333204,-0.7613532127009872
106.577,8.0458,2.4948,8.0,28.6364,22.8057,1.3252860411898548,-0.6876980897926951,0.5136370774907836,-0.7323615943356974,0.43272976332255947,-0.45509895426937114
106.627,8.1081,1.2474,8.0,28.631,21.9575,-1.0887734553775719,-0.6718232011740967,0.25368532022464424,-0.7323615943356974,0.4326213195581644,-0.5326360750387871
106.677,8.1081,0.0,8.0,28.6256,20.9482,1.1866407322653938,-0.6718232011740967,-0.006266437041495043,-0.7323615943356974,0.4325128757937693,-0.6248999467583949
106.727,8.2329,2.4948,8.0,28.6139,23.2891,-2.9319405034323687,-0.6400224612126024,0.5136370774907836,-0.7323615943356974,0.43227791430424667,-0.4109095600463865
106.777,8.2329,0.0,8.0,28.6023,21.2705,-1.855400457665748,-0.6400224612126024,-0.006266437041495043,-0.7323615943356974,0.43204496103258316,-0.5954373034856023
106.827,8.3576,2.4948,8.0,28.5844,23.6114,4.326549199084528,-0.6082472026132574,0.5136370774907836,-0.7323615943356974,0.43168549003579204,-0.381446916773594
106.877,8.5447,3.7422,8.0,28.5572,25.1041,6.31651716247128,-0.5605715740331647,0.7735888347569227,-0.7323615943356974,0.43113925477809834,-0.24499365083100164
106.927,8.6695,2.4948,8.0,28.5237,24.4171,0.9093501144165006,-0.528770834071671,0.5136370774907836,-0.7323615943356974,0.430466501795277,-0.30779487927781657
106.977,8.6695,0.0,8.0,28.4902,22.3985,0.1916567505720823,-0.528770834071671,-0.006266437041495043,-0.7323615943356974,0.4297937488124557,-0.4923226227170325
107.027,8.8566,3.7422,8.0,28.4474,25.9098,1.4435423340960396,-0.48109520549157836,0.7735888347569227,-0.7323615943356974,0.4289342315687316,-0.1713416133352242
107.077,8.7318,-2.4948,8.0,28.4108,20.5409,0.40370251716241423,-0.5128959454530725,-0.5261699515737737,-0.7323615943356974,0.4281992238322761,-0.6621327565784644
107.127,8.919,3.7422,8.0,28.3649,26.071,-1.2151853546909686,-0.4651948355108313,0.7735888347569227,-0.7323615943356974,0.4272774518349179,-0.15660572101262354
107.177,8.919,0.0,8.0,28.3189,23.043,1.3864530892447413,-0.4651948355108313,-0.006266437041495043,-0.7323615943356974,0.42635367161970056,-0.4334064775438557
107.227,8.9813,1.2474,8.0,28.2699,24.2135,0.1835011441647194,-0.44931994689223326,0.25368532022464424,-0.7323615943356974,0.42536964486870815,-0.32640671350164724
107.277,9.2932,6.237,8.0,28.2052,29.0565,-1.288585812356975,-0.36984357835064646,1.2934923492892014,-0.7323615943356974,0.4240703279138264,0.11630995224496977
107.327,9.4803,3.7422,8.0,28.1312,27.5212,-0.9786727688787478,-0.3221679497705543,0.7735888347569227,-0.7323615943356974,0.4225842466980419,-0.024037538343669684
107.377,9.3555,-2.4948,8.0,28.0634,22.1524,0.8848832951945473,-0.3539686897320484,-0.5261699515737737,-0.7323615943356974,0.4212226749895259,-0.5148195402145013
107.427,9.4803,2.4948,8.0,27.9894,26.5119,3.2581647597253727,-0.3221679497705543,0.5136370774907836,-0.7323615943356974,0.41973659377374145,-0.11630141006327745
107.477,9.605,2.4948,8.0,27.9091,26.8342,-2.6220274599541415,-0.29039269117120875,0.5136370774907836,-0.7323615943356974,0.4181239948328294,-0.08683876679048497
107.527,9.7298,2.4948,8.0,27.8226,27.1565,1.1866407322654249,-0.25859195120971507,0.5136370774907836,-0.7323615943356974,0.416386886384649,-0.05737612351769216
107.577,9.7298,0.0,8.0,27.7362,25.1378,1.500631578947209,-0.25859195120971507,-0.006266437041495043,-0.7323615943356974,0.4146517861543277,-0.24191300832931656
107.627,9.8545,2.4948,8.0,27.6434,27.4788,-5.35415560640724,-0.22681669261036946,0.5136370774907836,-0.7323615943356974,0.4127881599810196,-0.027913480244899678
107.677,10.104,4.9896,8.0,27.5382,30.1419,-4.024791762013617,-0.1632406940495302,1.033540592023062,-0.7323615943356974,0.4106755147931747,0.2155304083674926
107.727,9.9169,-3.7422,8.0,27.4424,22.5933,-3.902457665903898,-0.2109163226296224,-0.7861217088399128,-0.7323615943356974,0.4087516420840916,-0.4745152292651552
107.777,10.2287,6.237,8.0,27.331,31.4736,0.9093501144165161,-0.13146543545018466,1.2934923492892014,-0.7323615943356974,0.4065144873889782,0.3372660647323017
107.827,10.104,-2.4948,8.0,27.2258,24.086,8.094439359267637,-0.1632406940495302,-0.5261699515737737,-0.7323615943356974,0.40440184220113334,-0.33806196332256283
107.877,10.3535,4.9896,8.0,27.1081,30.7865,-2.002201372997705,-0.0996646954886905,1.033540592023062,-0.7323615943356974,0.4020381697808924,0.2744556949130779
107.927,10.2911,-1.2474,8.0,26.9935,25.5788,-4.579372997711643,-0.11556506546943758,-0.2662181943076343,-0.7323615943356974,0.3997367521142857,-0.2015995560075616
107.977,10.4158,2.4948,8.0,26.8727,28.929,1.1377070938214717,-0.083789806870092,0.5136370774907836,-0.7323615943356974,0.39731082494041053,0.10465470242405417
108.027,10.6029,3.7422,8.0,26.7426,30.4217,-1.2396521739129596,-0.03611417828999982,0.7735888347569227,-0.7323615943356974,0.39469813350563276,0.24110796836664689
108.077,10.5406,-1.2474,8.0,26.6156,26.2233,-1.0561510297483023,-0.051989066908598315,-0.2662181943076343,-0.7323615943356974,0.3921476968244892,-0.14268341083438518
108.127,10.4782,-1.2474,8.0,26.4916,26.0622,-3.082819221967912,-0.06788943688934539,-0.2662181943076343,-0.7323615943356974,0.38965750667912064,-0.15741016178457698
108.177,10.7901,6.237,8.0,26.3521,32.9238,1.60257665903899,0.011586931652241395,1.2934923492892014,-0.7323615943356974,0.38685604276558105,0.46983424740125557
108.227,10.7901,0.0,8.0,26.2126,27.8772,-2.0062791762013577,0.011586931652241395,-0.006266437041495043,-0.7323615943356974,0.3840545788520414,0.008505747430807876
108.277,10.9772,3.7422,8.0,26.0638,31.3886,3.7964347826084888,0.05926256023233358,0.7735888347569227,-0.7323615943356974,0.38106635067759925,0.32949589818502467
108.327,10.9772,0.0,8.0,25.9149,28.3606,4.485583524027241,0.05926256023233358,-0.006266437041495043,-0.7323615943356974,0.3780761142852978,0.05269514165379282
108.377,10.8524,-2.4948,8.0,25.7723,26.0197,-7.984338672768636,0.02746182027083944,-0.5261699515737737,-0.7323615943356974,0.3752123956181241,-0.16129524505821552
108.427,11.1019,4.9896,8.0,25.6172,32.7202,-3.1562196796337605,0.09103781883167915,1.033540592023062,-0.7323615943356974,0.3720976497185542,0.4512224131774249
108.477,11.0395,-1.2474,8.0,25.4652,27.5124,-2.520082379862729,0.07513744885093208,-0.2662181943076343,-0.7323615943356974,0.3690451585726186,-0.02484197911562314
108.527,11.1019,1.2474,8.0,25.3101,29.6922,-2.071524027459791,0.09103781883167915,0.25368532022464424,-0.7323615943356974,0.3659304126730487,0.17442165664619308
108.577,11.2266,2.4948,8.0,25.1488,31.0238,-0.41593592677348523,0.12281307743102426,0.5136370774907836,-0.7323615943356974,0.36269115726621054,0.29614817163859364
108.627,11.1643,-1.2474,8.0,24.9906,27.8347,-9.036411899313405,0.10693818881242623,-0.2662181943076343,-0.7323615943356974,0.3595141566130065,0.004620664157169668
108.677,11.4138,4.9896,8.0,24.8199,33.5259,-2.7321281464529643,0.17051418737326549,1.033540592023062,-0.7323615943356974,0.3560861287274064,0.5248744506732024
108.727,11.3514,-1.2474,8.0,24.6523,28.3181,6.09223798626987,0.15461381739251842,-0.2662181943076343,-0.7323615943356974,0.35272035559544057,0.048810058380154286
108.777,11.6009,4.9896,8.0,24.4723,34.0093,-0.15495652173908803,0.21818981595335768,1.033540592023062,-0.7323615943356974,0.3491055634489379,0.5690638448961872
108.827,11.1019,-9.9792,8.0,24.3172,20.6083,3.4905995423340106,0.09103781883167915,-2.0858804951706094,-0.7323615943356974,0.345990817549368,-0.6559714715750943
108.877,11.1643,1.2474,8.0,24.159,29.8533,-2.0511350114417817,0.10693818881242623,0.25368532022464424,-0.7323615943356974,0.34281381689616397,0.1891484075963852
108.927,11.4138,4.9896,8.0,23.9883,33.5259,-2.7402837528603596,0.17051418737326549,1.033540592023062,-0.7323615943356974,0.33938578901056393,0.5248744506732024
108.977,11.289,-2.4948,8.0,23.8238,27.1476,-5.080942791761782,0.13871344741177133,-0.5261699515737737,-0.7323615943356974,0.3360822706322323,-0.058189705662054156
109.027,11.3514,1.2474,8.0,23.6563,30.3368,-6.60604118993118,0.15461381739251842,0.25368532022464424,-0.7323615943356974,0.33271850571812567,0.23334694319177837
109.077,11.4761,2.4948,8.0,23.4825,31.6684,5.23182151029731,0.18638907599186397,0.5136370774907836,-0.7323615943356974,0.3292282230788914,0.3550734581841786
109.127,11.289,-3.7422,8.0,23.318,26.1383,-2.3855148741418177,0.13871344741177133,-0.7861217088399128,-0.7323615943356974,0.32592470470055973,-0.15045357738166193
109.177,11.7256,8.7318,8.0,23.1317,37.3596,-0.3017574370708348,0.24996507455270323,1.8133958638214798,-0.7323615943356974,0.3221833948289294,0.8753272447002116
109.227,11.5385,-3.7422,8.0,22.9548,26.7829,2.948251716247159,0.20228944597261106,-0.7861217088399128,-0.7323615943356974,0.3186308574360609,-0.09152829083607664
109.277,11.4761,-1.2474,8.0,22.781,28.6404,4.0696475972540265,0.18638907599186397,-0.2662181943076343,-0.7323615943356974,0.3151405747968266,0.07827270165294677
109.327,11.6009,2.4948,8.0,22.601,31.9906,0.22427917620118767,0.21818981595335768,0.5136370774907836,-0.7323615943356974,0.31152578265032393,0.3845269600845629
109.377,11.289,-6.237,8.0,22.4365,24.1197,-6.618274599542515,0.13871344741177133,-1.3060252233721914,-0.7323615943356974,0.3082222642719923,-0.33498132082087745
109.427,11.3514,1.2474,8.0,22.2689,30.3368,0.6198260869565947,0.15461381739251842,0.25368532022464424,-0.7323615943356974,0.30485649114002644,0.23334694319177837
109.477,11.2266,-2.4948,8.0,22.1076,26.9865,-4.836274599542124,0.12281307743102426,-0.5261699515737737,-0.7323615943356974,0.3016172357331882,-0.07291645661224629
109.527,11.6009,7.4844,8.0,21.9276,36.0279,-1.8064668192220417,0.21818981595335768,1.5534441065553406,-0.7323615943356974,0.29800244358668554,0.7535915883354029
109.577,11.5385,-1.2474,8.0,21.7506,28.8015,3.9350800915330595,0.20228944597261106,-0.2662181943076343,-0.7323615943356974,0.29444789797595783,0.0929994526031389
109.627,11.289,-4.9896,8.0,21.5862,25.129,-7.287034324942644,0.13871344741177133,-1.0460734661060522,-0.7323615943356974,0.2911463878154854,-0.2427174491012697
109.677,11.6009,6.237,8.0,21.4061,35.0186,-4.656851258580903,0.21818981595335768,1.2934923492892014,-0.7323615943356974,0.2875295874511235,0.6613277166157947
109.727,11.4138,-3.7422,8.0,21.2354,26.4606,2.124535469107709,0.17051418737326549,-0.7861217088399128,-0.7323615943356974,0.2841015595655234,-0.12099093410886944
109.777,11.6009,3.7422,8.0,21.0554,33.0,-0.6442929061786007,0.21818981595335768,0.7735888347569227,-0.7323615943356974,0.28048676741902073,0.4767999731765792
109.827,11.4138,-3.7422,8.0,20.8847,26.4606,2.4711487414187587,0.17051418737326549,-0.7861217088399128,-0.7323615943356974,0.2770587395334207,-0.12099093410886944
109.877,11.3514,-1.2474,8.0,20.7171,28.3181,-4.024791762013658,0.15461381739251842,-0.2662181943076343,-0.7323615943356974,0.2736929664014548,0.048810058380154286
109.927,11.1643,-3.7422,8.0,20.5589,25.816,-2.548627002288412,0.10693818881242623,-0.7861217088399128,-0.7323615943356974,0.2705159657482508,-0.17991622065445473
109.977,11.2266,1.2474,8.0,20.3976,30.0145,4.302082379862418,0.12281307743102426,0.25368532022464424,-0.7323615943356974,0.2672767103414126,0.20388429991898588
110.027,11.3514,2.4948,8.0,20.23,31.3461,3.527299771167059,0.15461381739251842,0.5136370774907836,-0.7323615943356974,0.2639109372094467,0.3256108149113861
110.077,11.0395,-6.237,8.0,20.0781,23.4751,4.13081464530906,0.07513744885093208,-1.3060252233721914,-0.7323615943356974,0.2608604542813702,-0.39390660736646277
110.127,10.9148,-2.4948,8.0,19.9323,26.1808,-0.2324347826088674,0.04336219025158651,-0.5261699515737737,-0.7323615943356974,0.2579324726427031,-0.1465684941080234
110.177,11.1019,3.7422,8.0,19.7772,31.7108,1.3293638443936253,0.09103781883167915,0.7735888347569227,-0.7323615943356974,0.25481772674313324,0.3589494000854086
110.227,11.289,3.7422,8.0,19.6128,32.1943,3.9473135011441793,0.13871344741177133,0.7735888347569227,-0.7323615943356974,0.25151621658266077,0.40314793568080176
110.277,11.289,0.0,8.0,19.4483,29.1663,3.311176201372966,0.13871344741177133,-0.006266437041495043,-0.7323615943356974,0.24821269820432915,0.12634717914956992
110.327,11.2266,-1.2474,8.0,19.287,27.9958,-1.8554004576656913,0.12281307743102426,-0.2662181943076343,-0.7323615943356974,0.24497344279749086,0.019347415107361477
110.377,11.289,1.2474,8.0,19.1225,30.1756,-2.4548375286040804,0.13871344741177133,0.25368532022464424,-0.7323615943356974,0.24166992441915924,0.21861105086917768
110.427,11.4761,3.7422,8.0,18.9487,32.6777,1.3823752860410043,0.18638907599186397,0.7735888347569227,-0.7323615943356974,0.23817964177992496,0.4473373299037867
110.477,11.3514,-2.4948,8.0,18.7812,27.3088,-2.8096064073226157,0.15461381739251842,-0.5261699515737737,-0.7323615943356974,0.23481587686581826,-0.04345381333945348
110.527,11.1019,-4.9896,8.0,18.6261,24.6456,1.9981235697941613,0.09103781883167915,-1.0460734661060522,-0.7323615943356974,0.2317011309662485,-0.2869068433242543
110.577,11.289,3.7422,8.0,18.4616,32.1943,0.4811807780319159,0.13871344741177133,0.7735888347569227,-0.7323615943356974,0.22839761258791685,0.40314793568080176
110.627,11.2266,-1.2474,8.0,18.3003,27.9958,-5.239977116704992,0.12281307743102426,-0.2662181943076343,-0.7323615943356974,0.2251583571810786,0.019347415107361477
110.677,11.1019,-2.4948,8.0,18.1452,26.6642,-1.8921006864988548,0.09103781883167915,-0.5261699515737737,-0.7323615943356974,0.22204361128150873,-0.10237909988503877
110.727,11.2266,2.4948,8.0,17.9839,31.0238,3.796434782608756,0.12281307743102426,0.5136370774907836,-0.7323615943356974,0.21880435587467048,0.29614817163859364
110.777,11.0395,-3.7422,8.0,17.8319,25.4938,6.353217391304214,0.07513744885093208,-0.7861217088399128,-0.7323615943356974,0.21575186472873492,-0.20936972255483868
110.827,11.1019,1.2474,8.0,17.6768,29.6922,-1.5903432494279097,0.09103781883167915,0.25368532022464424,-0.7323615943356974,0.21263711882916506,0.17442165664619308
110.877,11.3514,4.9896,8.0,17.5092,33.3647,-5.30114416475951,0.15461381739251842,1.033540592023062,-0.7323615943356974,0.2092713456971992,0.5101385583506016
110.927,11.289,-1.2474,8.0,17.3448,28.157,6.222727688787161,0.13871344741177133,-0.2662181943076343,-0.7323615943356974,0.20596983553672674,0.03408330742996215
110.977,11.1643,-2.4948,8.0,17.1866,26.8254,3.250009153318081,0.10693818881242623,-0.5261699515737737,-0.7323615943356974,0.20279283488352268,-0.08764320756243843
111.027,11.4138,4.9896,8.0,17.0159,33.5259,-7.7886041189930495,0.17051418737326549,1.033540592023062,-0.7323615943356974,0.1993648069979226,0.5248744506732024
111.077,11.3514,-1.2474,8.0,16.8483,28.3181,-0.3099130434782957,0.15461381739251842,-0.2662181943076343,-0.7323615943356974,0.19599903386595677,0.048810058380154286
111.127,11.3514,0.0,8.0,16.6807,29.3274,5.305221967963267,0.15461381739251842,-0.006266437041495043,-0.7323615943356974,0.19263326073399098,0.14107393009976205
111.177,11.2266,-2.4948,8.0,16.5194,26.9865,-4.542672768878691,0.12281307743102426,-0.5261699515737737,-0.7323615943356974,0.18939400532715273,-0.07291645661224629
111.227,11.3514,2.4948,8.0,16.3518,31.3461,-4.155281464530751,0.15461381739251842,0.5136370774907836,-0.7323615943356974,0.18602823219518685,0.3256108149113861
111.277,11.2266,-2.4948,8.0,16.1905,26.9865,1.1091624713957386,0.12281307743102426,-0.5261699515737737,-0.7323615943356974,0.1827889767883486,-0.07291645661224629
111.327,11.0395,-3.7422,8.0,16.0385,25.4938,-5.337844393592636,0.07513744885093208,-0.7861217088399128,-0.7323615943356974,0.17973648564241296,-0.20936972255483868
111.377,11.1643,2.4948,8.0,15.8803,30.8627,3.649633867276921,0.10693818881242623,0.5136370774907836,-0.7323615943356974,0.1765594849892089,0.2814214206884015
111.427,11.3514,3.7422,8.0,15.7127,32.3554,5.549890160182986,0.15461381739251842,0.7735888347569227,-0.7323615943356974,0.17319371185724305,0.4178746866309942
111.477,11.0395,-6.237,8.0,15.5608,23.4751,-3.8290572082379786,0.07513744885093208,-1.3060252233721914,-0.7323615943356974,0.17014322892916667,-0.39390660736646277
111.527,11.289,4.9896,8.0,15.3963,33.2036,3.7311899313500407,0.13871344741177133,1.033540592023062,-0.7323615943356974,0.16683971055083502,0.49541180740040985
111.577,11.289,0.0,8.0,15.2319,29.1663,6.026993135011353,0.13871344741177133,-0.006266437041495043,-0.7323615943356974,0.16353820039036254,0.12634717914956992
111.627,11.289,0.0,8.0,15.0674,29.1663,-4.379560640732088,0.13871344741177133,-0.006266437041495043,-0.7323615943356974,0.16023468201203087,0.12634717914956992
111.677,11.0395,-4.9896,8.0,14.9154,24.4845,-6.3736064073224385,0.07513744885093208,-1.0460734661060522,-0.7323615943356974,0.15718219086609528,-0.3016335942744464
111.727,11.3514,6.237,8.0,14.7479,34.3741,3.2092311212813693,0.15461381739251842,1.2934923492892014,-0.7323615943356974,0.15381842595198858,0.6024115714426179
111.777,11.289,-1.2474,8.0,14.5834,28.157,2.4752265446223576,0.13871344741177133,-0.2662181943076343,-0.7323615943356974,0.15051490757365696,0.03408330742996215
111.827,11.1643,-2.4948,8.0,14.4252,26.8254,-5.896503432494291,0.10693818881242623,-0.5261699515737737,-0.7323615943356974,0.14733790692045293,-0.08764320756243843
111.877,11.4138,4.9896,8.0,14.2545,33.5259,-2.450759725400472,0.17051418737326549,1.033540592023062,-0.7323615943356974,0.14390987903485286,0.5248744506732024
111.927,11.1643,-4.9896,8.0,14.0963,24.8067,2.3977482837529838,0.10693818881242623,-1.0460734661060522,-0.7323615943356974,0.1407328783816488,-0.2721800923740625
111.977,11.2266,1.2474,8.0,13.935,30.0145,-1.745299771167066,0.12281307743102426,0.25368532022464424,-0.7323615943356974,0.13749362297481058,0.20388429991898588
112.027,11.2266,0.0,8.0,13.7736,29.0052,0.9623615560639581,0.12281307743102426,-0.006266437041495043,-0.7323615943356974,0.13425235935011315,0.11162042819937779
112.077,11.0395,-3.7422,8.0,13.6217,25.4938,1.08061784897042,0.07513744885093208,-0.7861217088399128,-0.7323615943356974,0.1312018764220367,-0.20936972255483868
112.127,10.9148,-2.4948,8.0,13.4759,26.1808,0.6606041189931822,0.04336219025158651,-0.5261699515737737,-0.7323615943356974,0.1282738947833695,-0.1465684941080234
112.177,11.2266,6.237,8.0,13.3146,34.0518,1.4639313501141917,0.12281307743102426,1.2934923492892014,-0.7323615943356974,0.12503463937653128,0.5729489281698255
112.227,11.289,1.2474,8.0,13.1501,30.1756,4.58752860411884,0.13871344741177133,0.25368532022464424,-0.7323615943356974,0.12173112099819963,0.21861105086917768
112.277,11.1019,-3.7422,8.0,12.995,25.6549,5.284832951945085,0.09103781883167915,-0.7861217088399128,-0.7323615943356974,0.11861637509862978,-0.19464297160464653
112.327,11.1643,1.2474,8.0,12.8368,29.8533,-2.887084668192217,0.10693818881242623,0.25368532022464424,-0.7323615943356974,0.11543937444542576,0.1891484075963852
112.377,11.1643,0.0,8.0,12.6786,28.844,2.972718535469104,0.10693818881242623,-0.006266437041495043,-0.7323615943356974,0.1122623737922217,0.09688453587677744
112.427,11.1643,0.0,8.0,12.5204,28.844,-1.0846956521738185,0.10693818881242623,-0.006266437041495043,-0.7323615943356974,0.10908537313901769,0.09688453587677744
112.477,11.289,2.4948,8.0,12.356,31.1849,-3.7882791762013333,0.13871344741177133,0.5136370774907836,-0.7323615943356974,0.10578386297854521,0.31087492258878546
112.527,11.2266,-1.2474,8.0,12.1946,27.9958,2.0307459954233176,0.12281307743102426,-0.2662181943076343,-0.7323615943356974,0.10254259935384778,0.019347415107361477
112.577,11.1643,-1.2474,8.0,12.0364,27.8347,-4.787340961098356,0.10693818881242623,-0.2662181943076343,-0.7323615943356974,0.09936559870064376,0.004620664157169668
112.627,11.4761,6.237,8.0,11.8626,34.6964,-8.551153318077775,0.18638907599186397,1.2934923492892014,-0.7323615943356974,0.09587531606140949,0.6318742147154105
112.677,11.3514,-2.4948,8.0,11.695,27.3088,2.409981693363777,0.15461381739251842,-0.5261699515737737,-0.7323615943356974,0.09250954292944363,-0.04345381333945348
112.727,11.289,-1.2474,8.0,11.5306,28.157,8.575620137299646,0.13871344741177133,-0.2662181943076343,-0.7323615943356974,0.08920803276897116,0.03408330742996215
112.777,11.1019,-3.7422,8.0,11.3755,25.6549,-4.510050343249383,0.09103781883167915,-0.7861217088399128,-0.7323615943356974,0.08609328686940135,-0.19464297160464653
112.827,11.1643,1.2474,8.0,11.2173,29.8533,-7.397135011441516,0.10693818881242623,0.25368532022464424,-0.7323615943356974,0.08291628621619729,0.1891484075963852
112.877,11.1019,-1.2474,8.0,11.0622,27.6736,-2.2998810068649203,0.09103781883167915,-0.2662181943076343,-0.7323615943356974,0.07980154031662748,-0.010106086793022466
112.927,11.0395,-1.2474,8.0,10.9102,27.5124,-4.024791762013626,0.07513744885093208,-0.2662181943076343,-0.7323615943356974,0.07674904917069185,-0.02484197911562314
112.977,11.1643,2.4948,8.0,10.752,30.8627,3.551766590388914,0.10693818881242623,0.5136370774907836,-0.7323615943356974,0.07357204851748783,0.2814214206884015
113.027,11.1019,-1.2474,8.0,10.5969,27.6736,3.4946773455376237,0.09103781883167915,-0.2662181943076343,-0.7323615943356974,0.07045730261791798,-0.010106086793022466
113.077,11.0395,-1.2474,8.0,10.4449,27.5124,-3.9962471395880894,0.07513744885093208,-0.2662181943076343,-0.7323615943356974,0.06740481147198238,-0.02484197911562314
113.127,11.1643,2.4948,8.0,10.2867,30.8627,3.254086956521761,0.10693818881242623,0.5136370774907836,-0.7323615943356974,0.06422781081877832,0.2814214206884015
113.177,11.1643,0.0,8.0,10.1285,28.844,2.573093821510366,0.10693818881242623,-0.006266437041495043,-0.7323615943356974,0.06105081016557431,0.09688453587677744
113.227,10.9772,-3.7422,8.0,9.9796,25.3326,-3.490599542334054,0.05926256023233358,-0.7861217088399128,-0.7323615943356974,0.05806057377327288,-0.22410561487743935
113.277,10.7277,-4.9896,8.0,9.8432,23.6787,-4.713940503432495,-0.004313438328505676,-1.0460734661060522,-0.7323615943356974,0.0553213646133675,-0.37529477314263243
113.327,10.9148,3.7422,8.0,9.6975,31.2275,-3.4579771167048134,0.04336219025158651,0.7735888347569227,-0.7323615943356974,0.05239539119255949,0.3147691472348325
113.377,10.8524,-1.2474,8.0,9.5549,27.029,-3.7842013729976154,0.02746182027083944,-0.2662181943076343,-0.7323615943356974,0.049531672525385685,-0.06903137333860776
113.427,10.9148,1.2474,8.0,9.4091,29.2088,-6.120782608695565,0.04336219025158651,0.25368532022464424,-0.7323615943356974,0.04660369088671851,0.13023226242320846
113.477,10.9772,1.2474,8.0,9.2603,29.3699,1.5821876430205006,0.05926256023233358,0.25368532022464424,-0.7323615943356974,0.04361546271227628,0.14495901337340059
113.527,10.6653,-6.237,8.0,9.127,22.5083,-2.0225903890159325,-0.020213808309252748,-1.3060252233721914,-0.7323615943356974,0.04093850830600511,-0.4822853958124323
113.577,10.6029,-1.2474,8.0,8.9969,26.3845,-6.430695652173772,-0.03611417828999982,-0.2662181943076343,-0.7323615943356974,0.03832581687122731,-0.1279475185117845
113.627,10.5406,-1.2474,8.0,8.8698,26.2233,2.80552860411891,-0.051989066908598315,-0.2662181943076343,-0.7323615943356974,0.03577337197222456,-0.14268341083438518
113.677,10.3535,-3.7422,8.0,8.7522,23.7212,2.8259176201373104,-0.0996646954886905,-0.7861217088399128,-0.7323615943356974,0.03341170776984281,-0.37140968986899386
113.727,10.3535,0.0,8.0,8.6345,26.7492,-6.210494279176033,-0.0996646954886905,-0.006266437041495043,-0.7323615943356974,0.031048035349601856,-0.09460893333776203
113.777,10.2287,-2.4948,8.0,8.5231,24.4083,-8.934466819221926,-0.13146543545018466,-0.5261699515737737,-0.7323615943356974,0.028810880654488526,-0.30859932004977003
113.827,10.1664,-1.2474,8.0,8.4147,25.2565,-0.6973043478261332,-0.14734032406878314,-0.2662181943076343,-0.7323615943356974,0.02663397249515024,-0.2310621992803544
113.877,9.9792,-3.7422,8.0,8.3158,22.7544,0.9990617848970995,-0.19504143401102392,-0.7861217088399128,-0.7323615943356974,0.024647845032432916,-0.4597884783149631
113.927,10.0416,1.2474,8.0,8.2137,26.9528,2.2020137299770925,-0.17914106403027683,0.25368532022464424,-0.7323615943356974,0.022597454598222214,-0.07599709911393136
113.977,9.9169,-2.4948,8.0,8.1179,23.6026,6.3980732265445805,-0.2109163226296224,-0.5261699515737737,-0.7323615943356974,0.020673581889139134,-0.38225135754554745
114.027,9.605,-6.237,8.0,8.0376,19.7689,-2.2264805491990214,-0.29039269117120875,-1.3060252233721914,-0.7323615943356974,0.019060982948227074,-0.7327041515725567
114.077,9.7298,2.4948,8.0,7.9511,27.1565,-5.1543432494278685,-0.25859195120971507,0.5136370774907836,-0.7323615943356974,0.017323874500046625,-0.05737612351769216
114.127,9.605,-2.4948,8.0,7.8709,22.7969,0.8685720823798437,-0.29039269117120875,-0.5261699515737737,-0.7323615943356974,0.015713283776993745,-0.4559033950413246
114.177,9.2932,-6.237,8.0,7.8062,18.9632,-1.4027643020595182,-0.36984357835064646,-1.3060252233721914,-0.7323615943356974,0.014413966822111938,-0.8063561890683338
114.227,9.2308,-1.2474,8.0,7.7447,22.8394,-2.507848970251656,-0.3857439483313936,-0.2662181943076343,-0.7323615943356974,0.013178912838723522,-0.45201831176768603
114.277,9.2932,1.2474,8.0,7.68,25.0192,0.46079176201372807,-0.36984357835064646,0.25368532022464424,-0.7323615943356974,0.011879595883841713,-0.2527546760058698
114.327,9.1684,-2.4948,8.0,7.6216,21.6689,-0.5219588100686456,-0.40164431831214065,-0.5261699515737737,-0.7323615943356974,0.01070679665408751,-0.5590180758098945
114.377,8.9813,-3.7422,8.0,7.5725,20.1762,-3.2459313501143594,-0.44931994689223326,-0.7861217088399128,-0.7323615943356974,0.009720761685235935,-0.6954713417524868
114.427,8.9813,0.0,8.0,7.5235,23.2041,-0.11417848970249445,-0.44931994689223326,-0.006266437041495043,-0.7323615943356974,0.008736734934243543,-0.4186797265936636
114.477,8.6695,-6.237,8.0,7.49,17.3518,3.0991304347825865,-0.528770834071671,-1.3060252233721914,-0.7323615943356974,0.008063981951422206,-0.9536602640598884
114.527,8.5447,-2.4948,8.0,7.4627,20.0575,-3.1847643020595617,-0.5605715740331647,-0.5261699515737737,-0.7323615943356974,0.00751573847586929,-0.706322150801449
114.577,8.4824,-1.2474,8.0,7.4386,20.9057,-2.218324942791705,-0.5764464626517632,-0.2662181943076343,-0.7323615943356974,0.007031757971809766,-0.6287850300320333
114.627,8.42,-1.2474,8.0,7.4176,20.7446,0.2324347826088502,-0.5923468326325103,-0.2662181943076343,-0.7323615943356974,0.0066100322213844525,-0.6435117809822255
114.677,8.1705,-4.9896,8.0,7.4091,17.072,-3.559922196796359,-0.6559228311933495,-1.0460734661060522,-0.7323615943356974,0.006439333703355146,-0.9792378240590426
114.727,8.1081,-1.2474,8.0,7.4037,19.9389,-3.0216521739130986,-0.6718232011740967,-0.2662181943076343,-0.7323615943356974,0.006330889938960068,-0.7171638184780026
114.777,7.9834,-2.4948,8.0,7.4045,18.6073,1.708599542334155,-0.7035984597734422,-0.5261699515737737,-0.7323615943356974,0.006346955681833411,-0.8388903334704032
114.827,7.7963,-3.7422,8.0,7.4147,17.1145,3.115441647597268,-0.7512740883535346,-0.7861217088399128,-0.7323615943356974,0.006551793903468569,-0.9753527407854041
114.877,7.6716,-2.4948,8.0,7.4311,17.8016,-0.9419725400457679,-0.78304934695288,-0.5261699515737737,-0.7323615943356974,0.006881141632372148,-0.9125423709661803
114.927,7.6092,-1.2474,8.0,7.4507,18.6498,0.42816933638449406,-0.7989497169336268,-0.2662181943076343,-0.7323615943356974,0.0072747523327691185,-0.8350052501967646
114.977,7.4221,-3.7422,8.0,7.4796,16.1477,0.6728375286040755,-0.8466253455137192,-0.7861217088399128,-0.7323615943356974,0.007855127294068703,-1.0637315292313734
115.027,7.235,-3.7422,8.0,7.5178,15.6643,-3.5843890160183056,-0.8943009740938116,-0.7861217088399128,-0.7323615943356974,0.008622266516270958,-1.1079209234543579
115.077,7.0479,-3.7422,8.0,7.5654,15.1809,-0.5545812356978708,-0.941976602673904,-0.7861217088399128,-0.7323615943356974,0.009578178217235007,-1.1521103176773428
115.127,6.9855,-1.2474,8.0,7.6161,17.0384,2.5934828375286356,-0.9578769726546511,-0.2662181943076343,-0.7323615943356974,0.010596344671833267,-0.9823093251883191
115.177,6.9231,-1.2474,8.0,7.67,16.8772,-0.811482837528561,-0.9737773426353982,-0.2662181943076343,-0.7323615943356974,0.011678774097924902,-0.9970452175109199
115.227,6.736,-3.7422,8.0,7.7332,14.3752,1.357908466819171,-1.0214529712154905,-0.7861217088399128,-0.7323615943356974,0.012947967784919186,-1.22576235517312
115.277,6.6113,-2.4948,8.0,7.8026,15.0622,3.445743707093798,-1.0532282298148359,-0.5261699515737737,-0.7323615943356974,0.014341670979181893,-1.1629611267263047
115.327,6.4865,-2.4948,8.0,7.8783,14.7399,-0.20389016018301565,-1.0850289697763298,-0.5261699515737737,-0.7323615943356974,0.015861891898572202,-1.1924237699990974
115.377,6.2994,-3.7422,8.0,7.9633,13.2472,0.01631121281469472,-1.1327045983564223,-0.7861217088399128,-0.7323615943356974,0.017568877078865144,-1.32887703594169
115.427,6.237,-1.2474,8.0,8.0515,15.1047,4.065569794050337,-1.1486049683371693,-0.2662181943076343,-0.7323615943356974,0.019340125230651477,-1.1590760434526663
115.477,6.1123,-2.4948,8.0,8.1459,13.7731,4.346938215102938,-1.1803802269365147,-0.5261699515737737,-0.7323615943356974,0.021235882889706195,-1.2808025584450669
115.527,5.9252,-3.7422,8.0,8.2496,12.2804,4.306160183066227,-1.228055855516607,-0.7861217088399128,-0.7323615943356974,0.023318404809663584,-1.4172558243876592
115.577,5.9252,0.0,8.0,8.3533,15.3083,2.548627002288235,-1.228055855516607,-0.006266437041495043,-0.7323615943356974,0.025400926729621007,-1.1404642092288357
115.627,5.8005,-2.4948,8.0,8.4633,12.9674,3.9636247139587377,-1.2598311141159524,-0.5261699515737737,-0.7323615943356974,0.027609966374705978,-1.354454595940844
115.677,5.7381,-1.2474,8.0,8.5764,13.8156,6.112627002288287,-1.2757314840966996,-0.2662181943076343,-0.7323615943356974,0.02988126077342516,-1.2769174751714283
115.727,5.7381,0.0,8.0,8.6895,14.8249,1.0887734553776696,-1.2757314840966996,-0.006266437041495043,-0.7323615943356974,0.03215255517214438,-1.1846536034518205
115.777,5.551,-3.7422,8.0,8.812,11.3135,5.121720823798495,-1.323407112676792,-0.7861217088399128,-0.7323615943356974,0.034612622049625355,-1.505643754206037
115.827,5.551,0.0,8.0,8.9344,14.3415,4.4896613272310475,-1.323407112676792,-0.006266437041495043,-0.7323615943356974,0.03707068070924721,-1.228842997674805
115.877,5.551,0.0,8.0,9.0569,14.3415,2.997185354690991,-1.323407112676792,-0.006266437041495043,-0.7323615943356974,0.039530747586728227,-1.228842997674805
115.927,5.6133,1.2474,8.0,9.1762,15.512,5.215510297482675,-1.3075322240581937,0.25368532022464424,-0.7323615943356974,0.041926551492715826,-1.1218432336325965
115.977,5.551,-1.2474,8.0,9.2986,13.3322,1.655588100686511,-1.323407112676792,-0.2662181943076343,-0.7323615943356974,0.04438461015233768,-1.3211068693944128
116.027,5.6133,1.2474,8.0,9.418,15.512,-1.2111075514874088,-1.3075322240581937,0.25368532022464424,-0.7323615943356974,0.04678242227618445,-1.1218432336325965
116.077,5.4262,-3.7422,8.0,9.5467,10.9912,1.8023890160182494,-1.355207852638286,-0.7861217088399128,-0.7323615943356974,0.049366998660933886,-1.5351063974788297
116.127,5.551,2.4948,8.0,9.6691,16.3602,2.1734691075514454,-1.323407112676792,0.5136370774907836,-0.7323615943356974,0.051825057320555735,-1.044306112863181
116.177,5.3639,-3.7422,8.0,9.8009,10.8301,0.6402151029747785,-1.3710827412568842,-0.7861217088399128,-0.7323615943356974,0.05447188845893938,-1.5498331484290218
116.227,5.4886,2.4948,8.0,9.9265,16.199,1.9328787185354457,-1.339307482657539,0.5136370774907836,-0.7323615943356974,0.056994210090054606,-1.0590420051857814
116.277,5.6133,2.4948,8.0,10.0458,16.5213,-1.8554004576658847,-1.3075322240581937,0.5136370774907836,-0.7323615943356974,0.05939001399604221,-1.029579361912989
116.327,5.4262,-3.7422,8.0,10.1745,10.9912,-2.20201372997712,-1.355207852638286,-0.7861217088399128,-0.7323615943356974,0.06197459038079165,-1.5351063974788297
116.377,5.6133,3.7422,8.0,10.2939,17.5306,1.321208237986251,-1.3075322240581937,0.7735888347569227,-0.7323615943356974,0.06437240250463845,-0.9373154901933811
116.427,5.4262,-3.7422,8.0,10.4225,10.9912,3.409043478260828,-1.355207852638286,-0.7861217088399128,-0.7323615943356974,0.0669549706715287,-1.5351063974788297
116.477,5.4262,0.0,8.0,10.5512,14.0192,1.8921006864988437,-1.355207852638286,-0.006266437041495043,-0.7323615943356974,0.06953954705627813,-1.2583056409475977
116.527,5.4886,1.2474,8.0,10.6768,15.1897,2.854462242562885,-1.339307482657539,0.25368532022464424,-0.7323615943356974,0.07206186868739335,-1.1513058769053892
116.577,5.551,1.2474,8.0,10.7993,15.3508,-1.651510297482801,-1.323407112676792,0.25368532022464424,-0.7323615943356974,0.07452193556487437,-1.1365791259551974
116.627,5.4886,-1.2474,8.0,10.9248,13.171,1.6270434782607945,-1.339307482657539,-0.2662181943076343,-0.7323615943356974,0.07704224897813039,-1.3358427617170134
116.677,5.551,1.2474,8.0,11.0473,15.3508,2.883006864988402,-1.323407112676792,0.25368532022464424,-0.7323615943356974,0.0795023158556114,-1.1365791259551974
116.727,5.4886,-1.2474,8.0,11.1728,13.171,-3.33972082379855,-1.339307482657539,-0.2662181943076343,-0.7323615943356974,0.08202262926886747,-1.3358427617170134
116.777,5.551,1.2474,8.0,11.2953,15.3508,2.6546498855836353,-1.323407112676792,0.25368532022464424,-0.7323615943356974,0.08448269614634844,-1.1365791259551974
116.827,5.6133,1.2474,8.0,11.4146,15.512,0.9705171624713582,-1.3075322240581937,0.25368532022464424,-0.7323615943356974,0.08687850005233609,-1.1218432336325965
116.877,5.6757,1.2474,8.0,11.5308,15.6731,2.263180778031979,-1.2916318540774465,0.25368532022464424,-0.7323615943356974,0.08921204920468949,-1.1071164826824047
116.927,5.6757,0.0,8.0,11.6471,14.6638,0.3384576659039129,-1.2916318540774465,-0.006266437041495043,-0.7323615943356974,0.09154760657490207,-1.1993803544020125
116.977,5.6757,0.0,8.0,11.7633,14.6638,-2.095990846681983,-1.2916318540774465,-0.006266437041495043,-0.7323615943356974,0.09388115572725547,-1.1993803544020125
117.027,5.7381,1.2474,8.0,11.8764,15.8342,0.7747826086956411,-1.2757314840966996,0.25368532022464424,-0.7323615943356974,0.09615245012597469,-1.0923897317322127
117.077,5.6757,-1.2474,8.0,11.9926,13.6545,0.587203661327298,-1.2916318540774465,-0.2662181943076343,-0.7323615943356974,0.09848599927832809,-1.29164422612162
117.127,5.9252,4.9896,8.0,12.0963,19.3456,1.7534553775742971,-1.228055855516607,1.033540592023062,-0.7323615943356974,0.10056852119828547,-0.7713995809779959
117.177,5.6757,-4.9896,8.0,12.2125,10.6265,1.6351990846681053,-1.2916318540774465,-1.0460734661060522,-0.7323615943356974,0.1029020703506389,-1.5684449826528521
117.227,5.7381,1.2474,8.0,12.3256,15.8342,-1.6596659038901307,-1.2757314840966996,0.25368532022464424,-0.7323615943356974,0.10517336474935808,-1.0923897317322127
117.277,5.8628,2.4948,8.0,12.4325,17.1658,-0.9623615560640886,-1.2439562254973542,0.5136370774907836,-0.7323615943356974,0.10732014964080884,-0.9706632167398122
117.327,5.9252,1.2474,8.0,12.5362,16.3176,1.5169427917619938,-1.228055855516607,0.25368532022464424,-0.7323615943356974,0.10940267156076623,-1.0482003375092281
117.377,5.9252,0.0,8.0,12.64,15.3083,0.8604164759725641,-1.228055855516607,-0.006266437041495043,-0.7323615943356974,0.11148720169858282,-1.1404642092288357
117.427,5.9252,0.0,8.0,12.7437,15.3083,-0.45263615560636405,-1.228055855516607,-0.006266437041495043,-0.7323615943356974,0.1135697236185402,-1.1404642092288357
117.477,6.0499,2.4948,8.0,12.8412,17.6493,-0.41185812356980933,-1.1962805969172616,0.5136370774907836,-0.7323615943356974,0.11552773603122918,-0.9264646811444189
117.527,5.9876,-1.2474,8.0,12.9418,14.4601,1.6800549199084025,-1.2121554855358603,-0.2662181943076343,-0.7323615943356974,0.11754800319755235,-1.2180013299982515
117.577,6.1123,2.4948,8.0,13.0362,17.8104,0.47710297482828845,-1.1803802269365147,0.5136370774907836,-0.7323615943356974,0.11944376085660707,-0.9117379301942268
117.627,6.1747,1.2474,8.0,13.1275,16.9622,2.3039588100686323,-1.1644798569557677,0.25368532022464424,-0.7323615943356974,0.12127726376202762,-0.9892750509636428
117.677,6.1123,-1.2474,8.0,13.2219,14.7824,-3.225542334096038,-1.1803802269365147,-0.2662181943076343,-0.7323615943356974,0.12317302142108237,-1.1885386867254588
117.727,6.1123,0.0,8.0,13.3163,15.7917,-6.006604118993148,-1.1803802269365147,-0.006266437041495043,-0.7323615943356974,0.1250687790801371,-1.096274815005851
117.777,6.237,2.4948,8.0,13.4044,18.1327,-0.49341418764299483,-1.1486049683371693,0.5136370774907836,-0.7323615943356974,0.1268380190140643,-0.8822752869214343
117.827,6.1747,-1.2474,8.0,13.4957,14.9436,-1.5210205949655746,-1.1644798569557677,-0.2662181943076343,-0.7323615943356974,0.1286715219194848,-1.1738027944028584
117.877,6.237,1.2474,8.0,13.5838,17.1233,-2.4670709382150404,-1.1486049683371693,0.25368532022464424,-0.7323615943356974,0.13044076185341197,-0.9745483000134506
117.927,6.237,0.0,8.0,13.672,16.114,-1.749377574370739,-1.1486049683371693,-0.006266437041495043,-0.7323615943356974,0.1322120100051983,-1.0668121717330583
117.977,6.3618,2.4948,8.0,13.7539,18.4549,-0.9909061784896661,-1.1168042283756754,0.5136370774907836,-0.7323615943356974,0.13385674043185702,-0.8528217850210504
118.027,6.2994,-1.2474,8.0,13.8389,15.2658,-2.242791762013675,-1.1327045983564223,-0.2662181943076343,-0.7323615943356974,0.13556372561214997,-1.1443492925024743
118.077,6.2994,0.0,8.0,13.9239,16.2752,-0.9745949656750492,-1.1327045983564223,-0.006266437041495043,-0.7323615943356974,0.1372707107924429,-1.0520762794104577
118.127,6.1747,-2.4948,8.0,14.0152,13.9342,0.06524485125867757,-1.1644798569557677,-0.5261699515737737,-0.7323615943356974,0.13910421369786344,-1.2660758074948746
118.177,6.1747,0.0,8.0,14.1065,15.9529,-1.3742196796338302,-1.1644798569557677,-0.006266437041495043,-0.7323615943356974,0.140937716603284,-1.0815389226832506
118.227,6.237,1.2474,8.0,14.1946,17.1233,0.860416475972416,-1.1486049683371693,0.25368532022464424,-0.7323615943356974,0.14270695653721113,-0.9745483000134506
118.277,6.1747,-1.2474,8.0,14.2859,14.9436,2.010356979405007,-1.1644798569557677,-0.2662181943076343,-0.7323615943356974,0.14454045944263166,-1.1738027944028584
118.327,6.1747,0.0,8.0,14.3772,15.9529,1.1907185354690824,-1.1644798569557677,-0.006266437041495043,-0.7323615943356974,0.14637396234805222,-1.0815389226832506
118.377,6.237,1.2474,8.0,14.4653,17.1233,0.024466819221942576,-1.1486049683371693,0.25368532022464424,-0.7323615943356974,0.14814320228197933,-0.9745483000134506
118.427,6.237,0.0,8.0,14.5535,16.114,-0.6728375286040575,-1.1486049683371693,-0.006266437041495043,-0.7323615943356974,0.14991445043376567,-1.0668121717330583
118.477,6.1747,-1.2474,8.0,14.6447,14.9436,1.3089748283753484,-1.1644798569557677,-0.2662181943076343,-0.7323615943356974,0.15174594512132705,-1.1738027944028584
118.527,6.237,1.2474,8.0,14.7329,17.1233,2.2060915331807864,-1.1486049683371693,0.25368532022464424,-0.7323615943356974,0.1535171932731134,-0.9745483000134506
118.577,6.237,0.0,8.0,14.821,16.114,0.46486956521737843,-1.1486049683371693,-0.006266437041495043,-0.7323615943356974,0.15528643320704053,-1.0668121717330583
118.627,6.237,0.0,8.0,14.9092,16.114,-0.35069107551492895,-1.1486049683371693,-0.006266437041495043,-0.7323615943356974,0.15705768135882686,-1.0668121717330583
118.677,6.3618,2.4948,8.0,14.9911,18.4549,-2.332503432494293,-1.1168042283756754,0.5136370774907836,-0.7323615943356974,0.15870241178548558,-0.8528217850210504
118.727,6.3618,0.0,8.0,15.073,16.4363,0.10602288329521675,-1.1168042283756754,-0.006266437041495043,-0.7323615943356974,0.16034714221214433,-1.0373495284602658
118.777,6.237,-2.4948,8.0,15.1611,14.0954,0.06524485125855947,-1.1486049683371693,-0.5261699515737737,-0.7323615943356974,0.16211638214607144,-1.2513399151722742
118.827,6.2994,1.2474,8.0,15.2462,17.2845,-3.580311212814576,-1.1327045983564223,0.25368532022464424,-0.7323615943356974,0.16382537554422355,-0.95981240769085
118.877,6.1747,-2.4948,8.0,15.3374,13.9342,1.06838443935924,-1.1644798569557677,-0.5261699515737737,-0.7323615943356974,0.16565687023178494,-1.2660758074948746
118.927,6.237,1.2474,8.0,15.4256,17.1233,1.7249107551486953,-1.1486049683371693,0.25368532022464424,-0.7323615943356974,0.16742811838357127,-0.9745483000134506
118.977,6.237,0.0,8.0,15.5137,16.114,-2.9645629290617403,-1.1486049683371693,-0.006266437041495043,-0.7323615943356974,0.16919735831749844,-1.0668121717330583
119.027,6.2994,1.2474,8.0,15.5988,17.2845,-2.5363935926772734,-1.1327045983564223,0.25368532022464424,-0.7323615943356974,0.17090635171565058,-0.95981240769085
119.077,6.237,-1.2474,8.0,15.6869,15.1047,0.7584713958810027,-1.1486049683371693,-0.2662181943076343,-0.7323615943356974,0.17267559164957766,-1.1590760434526663
119.127,6.2994,1.2474,8.0,15.7719,17.2845,0.7176933638443456,-1.1327045983564223,0.25368532022464424,-0.7323615943356974,0.17438257682987063,-0.95981240769085
119.177,6.1747,-2.4948,8.0,15.8632,13.9342,3.2377757437070502,-1.1644798569557677,-0.5261699515737737,-0.7323615943356974,0.17621607973529116,-1.2660758074948746
119.227,6.2994,2.4948,8.0,15.9482,18.2938,2.703583524027474,-1.1327045983564223,0.5136370774907836,-0.7323615943356974,0.17792306491558413,-0.8675485359712423
119.277,6.1747,-2.4948,8.0,16.0395,13.9342,-3.176608695652104,-1.1644798569557677,-0.5261699515737737,-0.7323615943356974,0.17975656782100466,-1.2660758074948746
119.327,6.237,1.2474,8.0,16.1277,17.1233,-1.2314965675056972,-1.1486049683371693,0.25368532022464424,-0.7323615943356974,0.181527815972791,-0.9745483000134506
119.377,6.2994,1.2474,8.0,16.2127,17.2845,-0.49341418764304174,-1.1327045983564223,0.25368532022464424,-0.7323615943356974,0.18323480115308396,-0.95981240769085
119.427,6.1747,-2.4948,8.0,16.3039,13.9342,-0.9215835240274822,-1.1644798569557677,-0.5261699515737737,-0.7323615943356974,0.18506629584064527,-1.2660758074948746
119.477,6.1747,0.0,8.0,16.3952,15.9529,2.2550251716246534,-1.1644798569557677,-0.006266437041495043,-0.7323615943356974,0.18689979874606583,-1.0815389226832506
119.527,6.237,1.2474,8.0,16.4834,17.1233,1.2111075514874088,-1.1486049683371693,0.25368532022464424,-0.7323615943356974,0.18867104689785216,-0.9745483000134506
119.577,6.2994,1.2474,8.0,16.5684,17.2845,-1.1458627002287776,-1.1327045983564223,0.25368532022464424,-0.7323615943356974,0.1903780320781451,-0.95981240769085
119.627,6.237,-1.2474,8.0,16.6565,15.1047,0.10194508009154342,-1.1486049683371693,-0.2662181943076343,-0.7323615943356974,0.19214727201207227,-1.1590760434526663
119.677,6.237,0.0,8.0,16.7447,16.114,-1.5984988558352125,-1.1486049683371693,-0.006266437041495043,-0.7323615943356974,0.1939185201638586,-1.0668121717330583
119.727,6.1123,-2.4948,8.0,16.8391,13.7731,-0.4322471395880743,-1.1803802269365147,-0.5261699515737737,-0.7323615943356974,0.1958142778229133,-1.2808025584450669
119.777,6.1747,1.2474,8.0,16.9303,16.9622,2.087835240274519,-1.1644798569557677,0.25368532022464424,-0.7323615943356974,0.1976457725104747,-0.9892750509636428
119.827,6.237,1.2474,8.0,17.0185,17.1233,-1.2070297482837586,-1.1486049683371693,0.25368532022464424,-0.7323615943356974,0.19941702066226102,-0.9745483000134506
119.877,6.237,0.0,8.0,17.1066,16.114,-0.3099130434781351,-1.1486049683371693,-0.006266437041495043,-0.7323615943356974,0.2011862605961882,-1.0668121717330583
119.927,6.237,0.0,8.0,17.1948,16.114,-0.15087871853547763,-1.1486049683371693,-0.006266437041495043,-0.7323615943356974,0.20295750874797452,-1.0668121717330583
119.977,6.237,0.0,8.0,17.2829,16.114,0.7340045766589133,-1.1486049683371693,-0.006266437041495043,-0.7323615943356974,0.2047267486819017,-1.0668121717330583
120.027,6.1123,-2.4948,8.0,17.3773,13.7731,2.3161922196795715,-1.1803802269365147,-0.5261699515737737,-0.7323615943356974,0.20662250634095644,-1.2808025584450669
120.077,6.1747,1.2474,8.0,17.4686,16.9622,1.6596659038902,-1.1644798569557677,0.25368532022464424,-0.7323615943356974,0.20845600924637692,-0.9892750509636428
120.127,6.1747,0.0,8.0,17.5599,15.9529,1.0846956521738964,-1.1644798569557677,-0.006266437041495043,-0.7323615943356974,0.21028951215179745,-1.0815389226832506
120.177,6.1747,0.0,8.0,17.6511,15.9529,-1.7004439359267272,-1.1644798569557677,-0.006266437041495043,-0.7323615943356974,0.21212100683935883,-1.0815389226832506
120.227,6.237,1.2474,8.0,17.7393,17.1233,-3.44166590389011,-1.1486049683371693,0.25368532022464424,-0.7323615943356974,0.21389225499114517,-0.9745483000134506
120.277,6.237,0.0,8.0,17.8274,16.114,-1.7004439359267682,-1.1486049683371693,-0.006266437041495043,-0.7323615943356974,0.21566149492507233,-1.0668121717330583
120.327,6.1123,-2.4948,8.0,17.9218,13.7731,2.2101693363844386,-1.1803802269365147,-0.5261699515737737,-0.7323615943356974,0.2175572525841271,-1.2808025584450669
120.377,6.237,2.4948,8.0,18.01,18.1327,2.556782608695612,-1.1486049683371693,0.5136370774907836,-0.7323615943356974,0.21932850073591342,-0.8822752869214343
120.427,6.2994,1.2474,8.0,18.095,17.2845,0.03670022883297763,-1.1327045983564223,0.25368532022464424,-0.7323615943356974,0.2210354859162063,-0.95981240769085
120.477,6.2994,0.0,8.0,18.18,16.2752,-0.9705171624713147,-1.1327045983564223,-0.006266437041495043,-0.7323615943356974,0.22274247109649928,-1.0520762794104577
120.527,6.1747,-2.4948,8.0,18.2713,13.9342,0.6891487414186629,-1.1644798569557677,-0.5261699515737737,-0.7323615943356974,0.2245759740019198,-1.2660758074948746
120.577,6.1747,0.0,8.0,18.3625,15.9529,1.7208329519449441,-1.1644798569557677,-0.006266437041495043,-0.7323615943356974,0.2264074686894812,-1.0815389226832506
120.627,6.1747,0.0,8.0,18.4538,15.9529,-2.047057208237867,-1.1644798569557677,-0.006266437041495043,-0.7323615943356974,0.22824097159490175,-1.0815389226832506
120.677,6.1123,-1.2474,8.0,18.5482,14.7824,0.4281693363844166,-1.1803802269365147,-0.2662181943076343,-0.7323615943356974,0.2301367292539565,-1.1885386867254588
120.727,6.237,2.4948,8.0,18.6363,18.1327,2.047057208237948,-1.1486049683371693,0.5136370774907836,-0.7323615943356974,0.2319059691878836,-0.8822752869214343
120.777,6.237,0.0,8.0,18.7245,16.114,-0.167189931350043,-1.1486049683371693,-0.006266437041495043,-0.7323615943356974,0.23367721733966992,-1.0668121717330583
120.827,6.2994,1.2474,8.0,18.8095,17.2845,-0.33030205949664715,-1.1327045983564223,0.25368532022464424,-0.7323615943356974,0.2353842025199629,-0.95981240769085
120.877,6.237,-1.2474,8.0,18.8977,15.1047,-0.2650572082379943,-1.1486049683371693,-0.2662181943076343,-0.7323615943356974,0.23715545067174923,-1.1590760434526663
120.927,6.237,0.0,8.0,18.9858,16.114,2.210169336384502,-1.1486049683371693,-0.006266437041495043,-0.7323615943356974,0.2389246906056764,-1.0668121717330583
120.977,6.2994,1.2474,8.0,19.0709,17.2845,2.246869565217392,-1.1327045983564223,0.25368532022464424,-0.7323615943356974,0.2406336840038285,-0.95981240769085
121.027,6.4242,2.4948,8.0,19.1496,18.6161,-0.08563386727695077,-1.1009038583949284,0.5136370774907836,-0.7323615943356974,0.24221415145899383,-0.8380858926984497
121.077,6.237,-3.7422,8.0,19.2378,13.086,-1.4924759725400933,-1.1486049683371693,-0.7861217088399128,-0.7323615943356974,0.24398539961078014,-1.3436129282642904
121.127,6.237,0.0,8.0,19.3259,16.114,-1.3864530892448323,-1.1486049683371693,-0.006266437041495043,-0.7323615943356974,0.24575463954470733,-1.0668121717330583
121.177,6.4242,3.7422,8.0,19.4047,19.6254,-3.3723432494278827,-1.1009038583949284,0.7735888347569227,-0.7323615943356974,0.2473371152177318,-0.745822020978842
121.227,6.237,-3.7422,8.0,19.4929,13.086,-1.3660640732264984,-1.1486049683371693,-0.7861217088399128,-0.7323615943356974,0.2491083633695181,-1.3436129282642904
121.277,6.3618,2.4948,8.0,19.5748,18.4549,0.3710800915332266,-1.1168042283756754,0.5136370774907836,-0.7323615943356974,0.2507530937961769,-0.8528217850210504
121.327,6.3618,0.0,8.0,19.6567,16.4363,1.0235286041189846,-1.1168042283756754,-0.006266437041495043,-0.7323615943356974,0.25239782422283563,-1.0373495284602658
121.377,6.2994,-1.2474,8.0,19.7417,15.2658,-1.2314965675056733,-1.1327045983564223,-0.2662181943076343,-0.7323615943356974,0.2541048094031286,-1.1443492925024743
121.427,6.3618,1.2474,8.0,19.8236,17.4456,-3.1399084668191435,-1.1168042283756754,0.25368532022464424,-0.7323615943356974,0.25574953982978726,-0.9450856567406581
121.477,6.3618,0.0,8.0,19.9056,16.4363,3.433510297482738,-1.1168042283756754,-0.006266437041495043,-0.7323615943356974,0.2573962784743052,-1.0373495284602658
121.527,6.3618,0.0,8.0,19.9875,16.4363,4.620151029748266,-1.1168042283756754,-0.006266437041495043,-0.7323615943356974,0.25904100890096393,-1.0373495284602658
121.577,6.2994,-1.2474,8.0,20.0725,15.2658,0.46079176201370864,-1.1327045983564223,-0.2662181943076343,-0.7323615943356974,0.2607479940812569,-1.1443492925024743
121.627,6.2994,0.0,8.0,20.1575,16.2752,-2.1163798627002803,-1.1327045983564223,-0.006266437041495043,-0.7323615943356974,0.26245497926154976,-1.0520762794104577
121.677,6.2994,0.0,8.0,20.2426,16.2752,1.1988741418765454,-1.1327045983564223,-0.006266437041495043,-0.7323615943356974,0.2641639726597019,-1.0520762794104577
121.727,6.3618,1.2474,8.0,20.3245,17.4456,1.68413272311211,-1.1168042283756754,0.25368532022464424,-0.7323615943356974,0.2658087030863606,-0.9450856567406581
121.777,6.3618,0.0,8.0,20.4064,16.4363,2.1979359267733516,-1.1168042283756754,-0.006266437041495043,-0.7323615943356974,0.26745343351301937,-1.0373495284602658
121.827,6.4242,1.2474,8.0,20.4852,17.6068,3.7964347826086784,-1.1009038583949284,0.25368532022464424,-0.7323615943356974,0.26903590918604386,-0.9303497644180575
121.877,6.3618,-1.2474,8.0,20.5671,15.427,1.0928512585811911,-1.1168042283756754,-0.2662181943076343,-0.7323615943356974,0.2706806396127026,-1.1296134001798737
121.927,6.5489,3.7422,8.0,20.6396,19.9477,0.13048970251719694,-1.069128599795583,0.7735888347569227,-0.7323615943356974,0.27213659756059955,-0.7163593777060492
121.977,6.6113,1.2474,8.0,20.7091,18.0902,1.7249107551487686,-1.0532282298148359,0.25368532022464424,-0.7323615943356974,0.2735323089727214,-0.8861603701950729
122.027,6.4865,-2.4948,8.0,20.7847,14.7399,3.5069107551486476,-1.0850289697763298,-0.5261699515737737,-0.7323615943356974,0.27505052167425253,-1.1924237699990974
122.077,6.6113,2.4948,8.0,20.8542,19.0995,0.7870160183065833,-1.0532282298148359,0.5136370774907836,-0.7323615943356974,0.2764462330863744,-0.7938964984754651
122.127,6.5489,-1.2474,8.0,20.9267,15.9104,-0.19165675057212783,-1.069128599795583,-0.2662181943076343,-0.7323615943356974,0.27790219103427133,-1.0854240059568891
122.177,6.6736,2.4948,8.0,20.9931,19.2607,-0.8237162471395831,-1.0373533411962375,0.5136370774907836,-0.7323615943356974,0.27923564769275894,-0.7791606061528644
122.227,6.7984,2.4948,8.0,21.0531,19.5829,-0.6809931350113996,-1.0055526012347435,0.5136370774907836,-0.7323615943356974,0.2804405784082599,-0.7497071042524804
122.277,6.7984,0.0,8.0,21.1132,17.5643,0.5056475972539953,-1.0055526012347435,-0.006266437041495043,-0.7323615943356974,0.2816475173416199,-0.9342348476916961
122.327,6.7984,0.0,8.0,21.1733,17.5643,-0.17126773455375388,-1.0055526012347435,-0.006266437041495043,-0.7323615943356974,0.28285445627498007,-0.9342348476916961
122.377,6.8607,1.2474,8.0,21.2303,18.7347,1.1621739130433784,-0.9896777126161452,0.25368532022464424,-0.7323615943356974,0.28399914045470587,-0.8272442250218961
122.427,6.8607,0.0,8.0,21.2872,17.7254,0.6728375286041266,-0.9896777126161452,-0.006266437041495043,-0.7323615943356974,0.28514181641657255,-0.9195080967415039
122.477,7.0479,3.7422,8.0,21.3348,21.2368,3.988091533180782,-0.941976602673904,0.7735888347569227,-0.7323615943356974,0.28609772811753664,-0.5985179459872875
122.527,7.0479,0.0,8.0,21.3824,18.2088,-0.02446681922204763,-0.941976602673904,-0.006266437041495043,-0.7323615943356974,0.2870536398185007,-0.8753187025185193
122.577,7.0479,0.0,8.0,21.43,18.2088,-2.6831945080091124,-0.941976602673904,-0.006266437041495043,-0.7323615943356974,0.2880095515194647,-0.8753187025185193
122.627,7.1102,1.2474,8.0,21.4745,19.3793,-0.26505720823801093,-0.9261017140553057,0.25368532022464424,-0.7323615943356974,0.2889032084667945,-0.7683189384763108
122.677,7.1102,0.0,8.0,21.519,18.37,-1.4924759725400327,-0.9261017140553057,-0.006266437041495043,-0.7323615943356974,0.28979686541412436,-0.8605828101959186
122.727,7.235,2.4948,8.0,21.5573,20.7109,1.0439176201373734,-0.8943009740938116,0.5136370774907836,-0.7323615943356974,0.2905660128541858,-0.6465924234839105
122.777,7.2973,1.2474,8.0,21.5924,19.8627,1.7983112128146184,-0.8784260854752134,0.25368532022464424,-0.7323615943356974,0.29127089732275385,-0.7241295442533262
122.827,7.3597,1.2474,8.0,21.6244,20.0238,0.1835011441646861,-0.8625257154944662,0.25368532022464424,-0.7323615943356974,0.29191352703768764,-0.709402793303134
122.877,7.4844,2.4948,8.0,21.6502,21.3555,-1.431308924485104,-0.830750456895121,0.5136370774907836,-0.7323615943356974,0.29243164724535303,-0.5876671369383253
122.927,7.3597,-2.4948,8.0,21.6822,16.9959,-0.8359496567505931,-0.8625257154944662,-0.5261699515737737,-0.7323615943356974,0.2930742769602869,-0.9861944084619577
122.977,7.6092,4.9896,8.0,21.7018,23.6964,-0.5097254004575913,-0.7989497169336268,1.033540592023062,-0.7323615943356974,0.29346788766068377,-0.37367675022631697
123.027,7.4221,-3.7422,8.0,21.7306,16.1477,-0.024466819221876657,-0.8466253455137192,-0.7861217088399128,-0.7323615943356974,0.2940462544041242,-1.0637315292313734
123.077,7.6092,3.7422,8.0,21.7502,22.6871,-0.43632494279180034,-0.7989497169336268,0.7735888347569227,-0.7323615943356974,0.2944398651045212,-0.4659406219459247
123.127,7.6092,0.0,8.0,21.7697,19.6591,2.1286132723110907,-0.7989497169336268,-0.006266437041495043,-0.7323615943356974,0.29483146758705897,-0.7427413784771569
123.177,7.6716,1.2474,8.0,21.7861,20.8295,0.7013821510296603,-0.78304934695288,0.25368532022464424,-0.7323615943356974,0.29516081531596255,-0.635750755807357
123.227,7.7339,1.2474,8.0,21.7995,20.9907,-2.3080366132722316,-0.7671744583342814,0.25368532022464424,-0.7323615943356974,0.29542991650909106,-0.6210148634847563
123.277,7.8587,2.4948,8.0,21.8065,22.3223,-1.1254736842104218,-0.7353737183727875,0.5136370774907836,-0.7323615943356974,0.29557049175923283,-0.49928834849235604
123.327,7.7963,-1.2474,8.0,21.8167,19.1332,2.8055286041188996,-0.7512740883535346,-0.2662181943076343,-0.7323615943356974,0.29577532998086803,-0.79081585597378
123.377,7.8587,1.2474,8.0,21.8238,21.313,2.356970251716226,-0.7353737183727875,0.25368532022464424,-0.7323615943356974,0.2959179134488689,-0.5915522202119639
123.427,7.921,1.2474,8.0,21.8277,21.4741,-2.312114416475952,-0.719498829754189,0.25368532022464424,-0.7323615943356974,0.2959962339453765,-0.5768254692617717
123.477,7.921,0.0,8.0,21.8317,20.4648,-0.4689473684210088,-0.719498829754189,-0.006266437041495043,-0.7323615943356974,0.29607656265974325,-0.6690893409813795
123.527,8.1081,3.7422,8.0,21.8263,23.9762,-1.8431670480548645,-0.6718232011740967,0.7735888347569227,-0.7323615943356974,0.29596811889534813,-0.348099190227163
123.577,8.1705,1.2474,8.0,21.8177,22.1187,-1.2070297482837966,-0.6559228311933495,0.25368532022464424,-0.7323615943356974,0.29579541215945965,-0.5179001827161864
123.627,8.2329,1.2474,8.0,21.8061,22.2798,1.9084118993134702,-0.6400224612126024,0.25368532022464424,-0.7323615943356974,0.2955624588877962,-0.5031734317659943
123.677,8.1081,-2.4948,8.0,21.8007,18.9296,-1.019450800915338,-0.6718232011740967,-0.5261699515737737,-0.7323615943356974,0.2954540151234011,-0.8094276901976104
123.727,8.1705,1.2474,8.0,21.7922,22.1187,-0.9990617848969896,-0.6559228311933495,0.25368532022464424,-0.7323615943356974,0.2952833166053718,-0.5179001827161864
123.777,8.2953,2.4948,8.0,21.7774,23.4503,1.2722745995423412,-0.6241220912318558,0.5136370774907836,-0.7323615943356974,0.29498610036221495,-0.39617366772378615
123.827,8.42,2.4948,8.0,21.7564,23.7725,-1.145862700228808,-0.5923468326325103,0.5136370774907836,-0.7323615943356974,0.2945643746117896,-0.3667201658234019
123.877,8.2329,-3.7422,8.0,21.7448,18.2425,-2.2101693363844332,-0.6400224612126024,-0.7861217088399128,-0.7323615943356974,0.29433142134012613,-0.8722380600168342
123.927,8.42,3.7422,8.0,21.7238,24.7819,-1.1050846681921667,-0.5923468326325103,0.7735888347569227,-0.7323615943356974,0.2939096955897008,-0.2744471527313856
123.977,8.3576,-1.2474,8.0,21.7059,20.5834,1.3538306636154496,-0.6082472026132574,-0.2662181943076343,-0.7323615943356974,0.2935502245929097,-0.6582476733048258
124.027,8.5447,3.7422,8.0,21.6786,25.1041,1.6433546910754915,-0.5605715740331647,0.7735888347569227,-0.7323615943356974,0.29300198111735676,-0.24499365083100164
124.077,8.5447,0.0,8.0,21.6514,22.0762,0.1223340961099717,-0.5605715740331647,-0.006266437041495043,-0.7323615943356974,0.292455745859663,-0.5217852659898249
124.127,8.6071,1.2474,8.0,21.621,23.2466,2.9441739130434317,-0.5446712040524176,0.25368532022464424,-0.7323615943356974,0.29184524763047587,-0.414794643320025
124.177,8.5447,-1.2474,8.0,21.5938,21.0668,-1.3334416475972855,-0.5605715740331647,-0.2662181943076343,-0.7323615943356974,0.2912990123727822,-0.6140582790818412
124.227,8.6695,2.4948,8.0,21.5603,24.4171,-1.7779221967964043,-0.528770834071671,0.5136370774907836,-0.7323615943356974,0.29062625938996084,-0.30779487927781657
124.277,8.6695,0.0,8.0,21.5269,22.3985,2.507848970251648,-0.528770834071671,-0.006266437041495043,-0.7323615943356974,0.2899555146249987,-0.4923226227170325
124.327,8.7318,1.2474,8.0,21.4903,23.5689,3.082819221967943,-0.5128959454530725,0.25368532022464424,-0.7323615943356974,0.2892205068885431,-0.38533200004723256
124.377,8.7942,1.2474,8.0,21.4506,23.73,-4.514128146453038,-0.4969955754723255,0.25368532022464424,-0.7323615943356974,0.2884232443984534,-0.3706052490970404
124.427,8.8566,1.2474,8.0,21.4077,23.8912,-4.204215102974775,-0.48109520549157836,0.25368532022464424,-0.7323615943356974,0.28756171893687016,-0.35586935677443976
124.477,8.9813,2.4948,8.0,21.3587,25.2228,-1.684132723112095,-0.44931994689223326,0.5136370774907836,-0.7323615943356974,0.2865776921858778,-0.23414284178203948
124.527,8.7942,-3.7422,8.0,21.319,19.6928,0.4893363844392995,-0.4969955754723255,-0.7861217088399128,-0.7323615943356974,0.28578042969578804,-0.7396607359754718
124.577,8.9813,3.7422,8.0,21.2699,26.2321,2.010356979404957,-0.44931994689223326,0.7735888347569227,-0.7323615943356974,0.28479439472693646,-0.14187897006243172
124.627,9.0437,1.2474,8.0,21.2177,24.3746,-5.525423340960957,-0.4334195769114862,0.25368532022464424,-0.7323615943356974,0.2837461050044507,-0.31167996255145514
124.677,8.9813,-1.2474,8.0,21.1686,22.1948,-5.341922196796262,-0.44931994689223326,-0.2662181943076343,-0.7323615943356974,0.28276007003559916,-0.5109435983132713
124.727,9.1061,2.4948,8.0,21.1133,25.5451,-4.461116704805417,-0.41751920693073913,0.5136370774907836,-0.7323615943356974,0.2816495255594791,-0.20468019850924668
124.777,8.9813,-2.4948,8.0,21.0643,21.1855,-2.4140594965674653,-0.44931994689223326,-0.5261699515737737,-0.7323615943356974,0.28066549880848674,-0.6032074700328791
124.827,8.9813,0.0,8.0,21.0152,23.2041,-3.8902242562928424,-0.44931994689223326,-0.006266437041495043,-0.7323615943356974,0.27967946383963516,-0.4186797265936636
124.877,8.8566,-2.4948,8.0,20.9724,20.8632,-0.9827505720823811,-0.48109520549157836,-0.5261699515737737,-0.7323615943356974,0.2788199465959112,-0.6326701133056719
124.927,9.0437,3.7422,8.0,20.9202,26.3933,-1.5577208237985851,-0.4334195769114862,0.7735888347569227,-0.7323615943356974,0.2777716568734254,-0.12714307773983105
124.977,8.919,-2.4948,8.0,20.8742,21.0243,-2.5486270022881485,-0.4651948355108313,-0.5261699515737737,-0.7323615943356974,0.276847876658208,-0.6179433623554798
125.027,9.0437,2.4948,8.0,20.8221,25.3839,-2.842228832951925,-0.4334195769114862,0.5136370774907836,-0.7323615943356974,0.2758015951535814,-0.21941609083184735
125.077,8.7318,-6.237,8.0,20.7855,17.513,-1.5536430205949525,-0.5128959454530725,-1.3060252233721914,-0.7323615943356974,0.27506658741712586,-0.9389243717372877
125.127,8.7318,0.0,8.0,20.7489,22.5596,4.893363844393578,-0.5128959454530725,-0.006266437041495043,-0.7323615943356974,0.2743315796806703,-0.4775958717668403
125.177,8.7942,1.2474,8.0,20.7092,23.73,0.607592677345552,-0.4969955754723255,0.25368532022464424,-0.7323615943356974,0.2735343171905805,-0.3706052490970404
125.227,8.7318,-1.2474,8.0,20.6726,21.5503,1.7493775743707545,-0.5128959454530725,-0.2662181943076343,-0.7323615943356974,0.272799309454125,-0.5698597434864481
125.277,8.7942,1.2474,8.0,20.6329,23.73,4.942297482837416,-0.4969955754723255,0.25368532022464424,-0.7323615943356974,0.27200204696403524,-0.3706052490970404
125.327,8.6695,-2.4948,8.0,20.5994,20.3798,0.7666270022882845,-0.528770834071671,-0.5261699515737737,-0.7323615943356974,0.2713292939812139,-0.6768595075286565
125.377,8.7942,2.4948,8.0,20.5597,24.7394,0.852260869565141,-0.4969955754723255,0.5136370774907836,-0.7323615943356974,0.27053203149112415,-0.2783322360050241
125.427,8.5447,-4.9896,8.0,20.5324,18.0389,3.1480640732265224,-0.5605715740331647,-1.0460734661060522,-0.7323615943356974,0.2699837880155712,-0.8908498942406645
125.477,8.7318,3.7422,8.0,20.4959,25.5876,1.341597254004664,-0.5128959454530725,0.7735888347569227,-0.7323615943356974,0.2692507884969748,-0.20079511523560847
125.527,8.7318,0.0,8.0,20.4593,22.5596,3.1399084668192123,-0.5128959454530725,-0.006266437041495043,-0.7323615943356974,0.2685157807605193,-0.4775958717668403
125.577,8.7942,1.2474,8.0,20.4196,23.73,0.00815560640728158,-0.4969955754723255,0.25368532022464424,-0.7323615943356974,0.26771851827042953,-0.3706052490970404
125.627,8.7942,0.0,8.0,20.3798,22.7207,-4.102270022883328,-0.4969955754723255,-0.006266437041495043,-0.7323615943356974,0.2669192475624806,-0.46286912081664816
125.677,8.7318,-1.2474,8.0,20.3433,21.5503,1.5128649885583507,-0.5128959454530725,-0.2662181943076343,-0.7323615943356974,0.26618624804388424,-0.5698597434864481
125.727,8.8566,2.4948,8.0,20.3004,24.9005,0.7340045766590287,-0.48109520549157836,0.5136370774907836,-0.7323615943356974,0.2653247225823011,-0.263605485054832
125.777,8.8566,0.0,8.0,20.2576,22.8819,1.3497528604118614,-0.48109520549157836,-0.006266437041495043,-0.7323615943356974,0.26446520533857715,-0.4481332284940475
125.827,8.7318,-2.4948,8.0,20.221,20.5409,0.45263615560633824,-0.5128959454530725,-0.5261699515737737,-0.7323615943356974,0.2637301976021216,-0.6621327565784644
125.877,8.8566,2.4948,8.0,20.1782,24.9005,-0.40370251716247363,-0.48109520549157836,0.5136370774907836,-0.7323615943356974,0.2628706803583976,-0.263605485054832
125.927,8.6695,-3.7422,8.0,20.1447,19.3705,-4.436649885583479,-0.528770834071671,-0.7861217088399128,-0.7323615943356974,0.2621979273755763,-0.7691233792482642
125.977,8.7942,2.4948,8.0,20.105,24.7394,-2.4262929061785146,-0.4969955754723255,0.5136370774907836,-0.7323615943356974,0.2614006648854865,-0.2783322360050241
126.027,8.7942,0.0,8.0,20.0653,22.7207,0.4404027459954857,-0.4969955754723255,-0.006266437041495043,-0.7323615943356974,0.26060340239539675,-0.46286912081664816
126.077,8.7942,0.0,8.0,20.0256,22.7207,-2.5771716247138308,-0.4969955754723255,-0.006266437041495043,-0.7323615943356974,0.259806139905307,-0.46286912081664816
126.127,8.7942,0.0,8.0,19.9859,22.7207,0.48933638443938693,-0.4969955754723255,-0.006266437041495043,-0.7323615943356974,0.2590088774152172,-0.46286912081664816
126.177,8.8566,1.2474,8.0,19.943,23.8912,-0.24874599542338172,-0.48109520549157836,0.25368532022464424,-0.7323615943356974,0.2581473519536341,-0.35586935677443976
126.227,8.7942,-1.2474,8.0,19.9033,21.7114,2.8870846681921414,-0.4969955754723255,-0.2662181943076343,-0.7323615943356974,0.2573500894635443,-0.5551329925362559
126.277,8.8566,1.2474,8.0,19.8605,23.8912,2.230558352402772,-0.48109520549157836,0.25368532022464424,-0.7323615943356974,0.2564905722198203,-0.35586935677443976
126.327,8.7318,-2.4948,8.0,19.8239,20.5409,-2.687272311212774,-0.5128959454530725,-0.5261699515737737,-0.7323615943356974,0.25575556448336473,-0.6621327565784644
126.377,8.7318,0.0,8.0,19.7873,22.5596,0.9175057208237783,-0.5128959454530725,-0.006266437041495043,-0.7323615943356974,0.2550205567469092,-0.4775958717668403
126.427,8.6695,-1.2474,8.0,19.7538,21.3891,0.4485583524026837,-0.528770834071671,-0.2662181943076343,-0.7323615943356974,0.2543478037640879,-0.5845956358090487
126.477,8.7942,2.4948,8.0,19.7141,24.7394,-1.1458627002288513,-0.4969955754723255,0.5136370774907836,-0.7323615943356974,0.2535505412739981,-0.2783322360050241
126.527,8.6071,-3.7422,8.0,19.6838,19.2093,3.11544164759721,-0.5446712040524176,-0.7861217088399128,-0.7323615943356974,0.2529420512626702,-0.783859271570865
126.577,8.7942,3.7422,8.0,19.6441,25.7487,0.24874599542332862,-0.4969955754723255,0.7735888347569227,-0.7323615943356974,0.25214478877258045,-0.18606836428541634
126.627,8.7942,0.0,8.0,19.6044,22.7207,-2.8463066361554823,-0.4969955754723255,-0.006266437041495043,-0.7323615943356974,0.25134752628249063,-0.46286912081664816
126.677,8.8566,1.2474,8.0,19.5615,23.8912,0.26097940503439265,-0.48109520549157836,0.25368532022464424,-0.7323615943356974,0.2504860008209075,-0.35586935677443976
126.727,8.7942,-1.2474,8.0,19.5218,21.7114,3.168453089244758,-0.4969955754723255,-0.2662181943076343,-0.7323615943356974,0.24968873833081773,-0.5551329925362559
126.777,8.7318,-1.2474,8.0,19.4852,21.5503,0.9582837528604105,-0.5128959454530725,-0.2662181943076343,-0.7323615943356974,0.24895373059436218,-0.5698597434864481
126.827,8.7942,1.2474,8.0,19.4455,23.73,-0.12641189931351188,-0.4969955754723255,0.25368532022464424,-0.7323615943356974,0.24815646810427242,-0.3706052490970404
126.877,8.8566,1.2474,8.0,19.4027,23.8912,-0.2854462242563785,-0.48109520549157836,0.25368532022464424,-0.7323615943356974,0.24729695086054845,-0.35586935677443976
126.927,8.7942,-1.2474,8.0,19.363,21.7114,-2.9645629290617426,-0.4969955754723255,-0.2662181943076343,-0.7323615943356974,0.24649968837045869,-0.5551329925362559
126.977,8.7942,0.0,8.0,19.3233,22.7207,0.5994370709382046,-0.4969955754723255,-0.006266437041495043,-0.7323615943356974,0.24570242588036892,-0.46286912081664816
127.027,8.7942,0.0,8.0,19.2836,22.7207,-0.9542059496568089,-0.4969955754723255,-0.006266437041495043,-0.7323615943356974,0.24490516339027918,-0.46286912081664816
127.077,8.6695,-2.4948,8.0,19.2501,20.3798,-2.467070938215067,-0.528770834071671,-0.5261699515737737,-0.7323615943356974,0.24423241040745783,-0.6768595075286565
127.127,8.7318,1.2474,8.0,19.2135,23.5689,-0.4444805491989526,-0.5128959454530725,0.25368532022464424,-0.7323615943356974,0.24349740267100228,-0.38533200004723256
127.177,8.8566,2.4948,8.0,19.1707,24.9005,0.22427917620141852,-0.48109520549157836,0.5136370774907836,-0.7323615943356974,0.24263788542727832,-0.263605485054832
127.227,8.8566,0.0,8.0,19.1278,22.8819,0.0367002288329743,-0.48109520549157836,-0.006266437041495043,-0.7323615943356974,0.2417763599656952,-0.4481332284940475
127.277,8.7318,-2.4948,8.0,19.0912,20.5409,-1.0479954233410065,-0.5128959454530725,-0.5261699515737737,-0.7323615943356974,0.24104135222923964,-0.6621327565784644
127.327,8.8566,2.4948,8.0,19.0484,24.9005,1.700443935926688,-0.48109520549157836,0.5136370774907836,-0.7323615943356974,0.24018183498551565,-0.263605485054832
127.377,8.7318,-2.4948,8.0,19.0118,20.5409,1.0439176201373603,-0.5128959454530725,-0.5261699515737737,-0.7323615943356974,0.2394468272490601,-0.6621327565784644
127.427,8.7318,0.0,8.0,18.9752,22.5596,0.8563386727688724,-0.5128959454530725,-0.006266437041495043,-0.7323615943356974,0.23871181951260456,-0.4775958717668403
127.477,8.7942,1.2474,8.0,18.9355,23.73,-0.18757894736843903,-0.4969955754723255,0.25368532022464424,-0.7323615943356974,0.2379145570225148,-0.3706052490970404
127.527,8.6695,-2.4948,8.0,18.902,20.3798,-0.14680091533178077,-0.528770834071671,-0.5261699515737737,-0.7323615943356974,0.23724180403969347,-0.6768595075286565
127.577,8.6695,0.0,8.0,18.8686,22.3985,-0.5749702517163177,-0.528770834071671,-0.006266437041495043,-0.7323615943356974,0.2365710592747313,-0.4923226227170325
127.627,8.6695,0.0,8.0,18.8351,22.3985,-2.1693913043478115,-0.528770834071671,-0.006266437041495043,-0.7323615943356974,0.23589830629190994,-0.4923226227170325
127.677,8.7942,2.4948,8.0,18.7954,24.7394,2.2101693363844914,-0.4969955754723255,0.5136370774907836,-0.7323615943356974,0.2351010438018202,-0.2783322360050241
127.727,8.7318,-1.2474,8.0,18.7588,21.5503,5.545812356979313,-0.5128959454530725,-0.2662181943076343,-0.7323615943356974,0.23436603606536466,-0.5698597434864481
127.777,8.8566,2.4948,8.0,18.716,24.9005,-0.615748283752901,-0.48109520549157836,0.5136370774907836,-0.7323615943356974,0.23350651882164067,-0.263605485054832
127.827,8.7318,-2.4948,8.0,18.6794,20.5409,-1.6188878718534572,-0.5128959454530725,-0.5261699515737737,-0.7323615943356974,0.23277151108518512,-0.6621327565784644
127.877,8.7318,0.0,8.0,18.6428,22.5596,-0.024466819221932654,-0.5128959454530725,-0.006266437041495043,-0.7323615943356974,0.23203650334872958,-0.4775958717668403
127.927,8.7942,1.2474,8.0,18.6031,23.73,-0.45263615560647286,-0.4969955754723255,0.25368532022464424,-0.7323615943356974,0.2312392408586398,-0.3706052490970404
127.977,8.7318,-1.2474,8.0,18.5665,21.5503,1.5984988558352244,-0.5128959454530725,-0.2662181943076343,-0.7323615943356974,0.23050423312218427,-0.5698597434864481
128.027,8.7942,1.2474,8.0,18.5268,23.73,-2.703583524027391,-0.4969955754723255,0.25368532022464424,-0.7323615943356974,0.22970697063209453,-0.3706052490970404
128.077,8.7942,0.0,8.0,18.4871,22.7207,-2.087835240274633,-0.4969955754723255,-0.006266437041495043,-0.7323615943356974,0.22890970814200476,-0.46286912081664816
128.127,8.7318,-1.2474,8.0,18.4505,21.5503,0.5382700228832205,-0.5128959454530725,-0.2662181943076343,-0.7323615943356974,0.2281747004055492,-0.5698597434864481
128.177,8.8566,2.4948,8.0,18.4076,24.9005,0.45671395881010535,-0.48109520549157836,0.5136370774907836,-0.7323615943356974,0.227313174943966,-0.263605485054832
128.227,8.7942,-1.2474,8.0,18.3679,21.7114,-0.5097254004576109,-0.4969955754723255,-0.2662181943076343,-0.7323615943356974,0.22651591245387626,-0.5551329925362559
128.277,8.6695,-2.4948,8.0,18.3345,20.3798,0.3466132723112561,-0.528770834071671,-0.5261699515737737,-0.7323615943356974,0.22584516768891408,-0.6768595075286565
128.327,8.7318,1.2474,8.0,18.2979,23.5689,0.7747826086956406,-0.5128959454530725,0.25368532022464424,-0.7323615943356974,0.22511015995245853,-0.38533200004723256
128.377,8.7942,1.2474,8.0,18.2582,23.73,-0.7788604118993819,-0.4969955754723255,0.25368532022464424,-0.7323615943356974,0.22431289746236877,-0.3706052490970404
128.427,8.7942,0.0,8.0,18.2184,22.7207,1.2722745995423157,-0.4969955754723255,-0.006266437041495043,-0.7323615943356974,0.22351362675441983,-0.46286912081664816
128.477,8.7318,-1.2474,8.0,18.1819,21.5503,-1.9043340961097626,-0.5128959454530725,-0.2662181943076343,-0.7323615943356974,0.22278062723582345,-0.5698597434864481
128.527,8.7318,0.0,8.0,18.1453,22.5596,-0.391469107551469,-0.5128959454530725,-0.006266437041495043,-0.7323615943356974,0.2220456194993679,-0.4775958717668403
128.577,8.8566,2.4948,8.0,18.1024,24.9005,1.777922196796329,-0.48109520549157836,0.5136370774907836,-0.7323615943356974,0.22118409403778477,-0.263605485054832
128.627,8.7318,-2.4948,8.0,18.0658,20.5409,1.3089748283751914,-0.5128959454530725,-0.5261699515737737,-0.7323615943356974,0.22044908630132923,-0.6621327565784644
128.677,8.7318,0.0,8.0,18.0293,22.5596,1.5781098398169218,-0.5128959454530725,-0.006266437041495043,-0.7323615943356974,0.21971608678273283,-0.4775958717668403
128.727,8.7318,0.0,8.0,17.9927,22.5596,0.2650572082380509,-0.5128959454530725,-0.006266437041495043,-0.7323615943356974,0.21898107904627728,-0.4775958717668403
128.777,8.7942,1.2474,8.0,17.953,23.73,-2.601638443935957,-0.4969955754723255,0.25368532022464424,-0.7323615943356974,0.21818381655618754,-0.3706052490970404
128.827,8.7942,0.0,8.0,17.9132,22.7207,-1.6759771167048134,-0.4969955754723255,-0.006266437041495043,-0.7323615943356974,0.2173845458482386,-0.46286912081664816
128.877,8.7942,0.0,8.0,17.8735,22.7207,1.1907185354691352,-0.4969955754723255,-0.006266437041495043,-0.7323615943356974,0.21658728335814884,-0.46286912081664816
128.927,8.7318,-1.2474,8.0,17.8369,21.5503,1.6188878718535311,-0.5128959454530725,-0.2662181943076343,-0.7323615943356974,0.2158522756216933,-0.5698597434864481
128.977,8.7318,0.0,8.0,17.8004,22.5596,-1.2478077803203629,-0.5128959454530725,-0.006266437041495043,-0.7323615943356974,0.21511927610309692,-0.4775958717668403
129.027,8.8566,2.4948,8.0,17.7575,24.9005,-3.0298077803203025,-0.48109520549157836,0.5136370774907836,-0.7323615943356974,0.21425775064151378,-0.263605485054832
129.077,8.7942,-1.2474,8.0,17.7178,21.7114,2.0878352402746105,-0.4969955754723255,-0.2662181943076343,-0.7323615943356974,0.21346048815142402,-0.5551329925362559
129.127,8.8566,1.2474,8.0,17.675,23.8912,2.785139588100581,-0.48109520549157836,0.25368532022464424,-0.7323615943356974,0.21260097090770005,-0.35586935677443976
129.177,8.6695,-3.7422,8.0,17.6415,19.3705,-2.0225903890160506,-0.528770834071671,-0.7861217088399128,-0.7323615943356974,0.2119282179248787,-0.7691233792482642
129.227,8.7942,2.4948,8.0,17.6018,24.7394,-4.461116704805334,-0.4969955754723255,0.5136370774907836,-0.7323615943356974,0.21113095543478896,-0.2783322360050241
129.277,8.7318,-1.2474,8.0,17.5652,21.5503,1.0846956521739064,-0.5128959454530725,-0.2662181943076343,-0.7323615943356974,0.21039594769833342,-0.5698597434864481
129.327,8.7942,1.2474,8.0,17.5255,23.73,2.8666956521738443,-0.4969955754723255,0.25368532022464424,-0.7323615943356974,0.20959868520824365,-0.3706052490970404
129.377,8.7318,-1.2474,8.0,17.4889,21.5503,6.626643678231403e-15,-0.5128959454530725,-0.2662181943076343,-0.7323615943356974,0.2088636774717881,-0.5698597434864481
129.427,8.7942,1.2474,8.0,17.4492,23.73,-0.346613272311251,-0.4969955754723255,0.25368532022464424,-0.7323615943356974,0.20806641498169834,-0.3706052490970404
129.477,8.6695,-2.4948,8.0,17.4157,20.3798,-3.2133089244850592,-0.528770834071671,-0.5261699515737737,-0.7323615943356974,0.207393661998877,-0.6768595075286565
129.527,8.7942,2.4948,8.0,17.376,24.7394,1.9451121281464678,-0.4969955754723255,0.5136370774907836,-0.7323615943356974,0.20659639950878725,-0.2783322360050241
129.577,8.7942,0.0,8.0,17.3363,22.7207,1.7167551487414219,-0.4969955754723255,-0.006266437041495043,-0.7323615943356974,0.20579913701869748,-0.46286912081664816
129.627,8.7942,0.0,8.0,17.2966,22.7207,-0.9909061784896145,-0.4969955754723255,-0.006266437041495043,-0.7323615943356974,0.2050018745286077,-0.46286912081664816
129.677,8.6071,-3.7422,8.0,17.2662,19.2093,0.09378947368414797,-0.5446712040524176,-0.7861217088399128,-0.7323615943356974,0.20439137629942059,-0.783859271570865
129.727,8.7318,2.4948,8.0,17.2297,24.5783,0.937894736842026,-0.5128959454530725,0.5136370774907836,-0.7323615943356974,0.2036583767808242,-0.29305898695521626
129.777,8.8566,2.4948,8.0,17.1868,24.9005,2.907473684210456,-0.48109520549157836,0.5136370774907836,-0.7323615943356974,0.20279685131924108,-0.263605485054832
129.827,8.7318,-2.4948,8.0,17.1502,20.5409,2.0511350114415614,-0.5128959454530725,-0.5261699515737737,-0.7323615943356974,0.20206184358278553,-0.6621327565784644
129.877,8.7318,0.0,8.0,17.1136,22.5596,-1.900256292906103,-0.5128959454530725,-0.006266437041495043,-0.7323615943356974,0.20132683584633,-0.4775958717668403
129.927,8.7318,0.0,8.0,17.0771,22.5596,-3.482443935926619,-0.5128959454530725,-0.006266437041495043,-0.7323615943356974,0.2005938363277336,-0.4775958717668403
129.977,8.6695,-1.2474,18.0,0.4665,21.3891,-0.18757894736845518,-0.528770834071671,-0.2662181943076343,1.7099462426143481,-0.132983199387254,-0.5845956358090487
130.027,8.8566,3.7422,18.0,0.9237,25.9098,1.781999999999917,-0.48109520549157836,0.7735888347569227,1.7099462426143481,-0.12380162733513715,-0.1713416133352242
130.077,8.6695,-3.7422,18.0,1.3902,19.3705,2.4385263157894723,-0.528770834071671,-0.7861217088399128,1.7099462426143481,-0.11443329102211765,-0.7691233792482642
130.127,8.8566,3.7422,18.0,1.8474,25.9098,1.915134717478395e-14,-0.48109520549157836,0.7735888347569227,1.7099462426143481,-0.10525171897000081,-0.1713416133352242
130.177,8.8566,0.0,18.0,2.3046,22.8819,-4.6894736842104825,-0.48109520549157836,-0.006266437041495043,1.7099462426143481,-0.09607014691788394,-0.4481332284940475
130.227,8.8566,0.0,18.0,2.7617,22.8819,-0.8971167048055481,-0.48109520549157836,-0.006266437041495043,1.7099462426143481,-0.08689058308362624,-0.4481332284940475
130.277,8.7942,-1.2474,18.0,3.222,21.7114,3.7515789473684404,-0.4969955754723255,-0.2662181943076343,1.7099462426143481,-0.07764675627787516,-0.5551329925362559
130.327,8.7318,-1.2474,18.0,3.6854,21.5503,-1.4761647597253218,-0.5128959454530725,-0.2662181943076343,1.7099462426143481,-0.06834067471848988,-0.5698597434864481
130.377,8.6071,-2.4948,18.0,4.1551,20.2187,-3.5680778032036,-0.5446712040524176,-0.5261699515737737,1.7099462426143481,-0.058908075433977004,-0.6915862584788487
130.427,8.7942,3.7422,18.0,4.6154,25.7487,1.6963661327230384,-0.4969955754723255,0.7735888347569227,1.7099462426143481,-0.049664248628225924,-0.18606836428541634
130.477,8.8566,1.2474,18.0,5.0725,23.8912,1.3742196796337314,-0.48109520549157836,0.25368532022464424,1.7099462426143481,-0.04048468479396824,-0.35586935677443976
130.527,8.7942,-1.2474,18.0,5.5328,21.7114,0.16718993135017818,-0.4969955754723255,-0.2662181943076343,1.7099462426143481,-0.031240857988217165,-0.5551329925362559
130.577,8.7318,-1.2474,18.0,5.9962,21.5503,-0.14272311212814998,-0.5128959454530725,-0.2662181943076343,1.7099462426143481,-0.02193477642883188,-0.5698597434864481
130.627,8.7318,0.0,18.0,6.4596,22.5596,-0.18350114416476215,-0.5128959454530725,-0.006266437041495043,1.7099462426143481,-0.012628694869446592,-0.4775958717668403
130.677,8.7318,0.0,18.0,6.9231,22.5596,2.454837528604187,-0.5128959454530725,-0.006266437041495043,1.7099462426143481,-0.0033206050922021412,-0.4775958717668403
130.727,8.8566,2.4948,18.0,7.3802,24.9005,2.2264805491990436,-0.48109520549157836,0.5136370774907836,1.7099462426143481,0.005858958742055561,-0.263605485054832
130.777,8.6695,-3.7422,18.0,7.8467,19.3705,1.4516979405033614,-0.528770834071671,-0.7861217088399128,1.7099462426143481,0.01522729505507506,-0.7691233792482642
130.827,8.7942,2.4948,18.0,8.307,24.7394,-2.927862700228796,-0.4969955754723255,0.5136370774907836,1.7099462426143481,0.024471121860826135,-0.2783322360050241
130.877,8.7942,0.0,18.0,8.7673,22.7207,-3.7842013729977357,-0.4969955754723255,-0.006266437041495043,1.7099462426143481,0.03371494866657721,-0.46286912081664816
130.927,8.9813,3.7422,18.0,9.2183,26.2321,-1.3864530892447993,-0.44931994689223326,0.7735888347569227,1.7099462426143481,0.04277201121142562,-0.14187897006243172
130.977,8.7318,-4.9896,18.0,9.6817,18.5223,3.4212768878718993,-0.5128959454530725,-1.0460734661060522,1.7099462426143481,0.05207809277081091,-0.8466605000176799
131.027,8.7942,1.2474,18.0,10.142,23.73,1.3701418764301732,-0.4969955754723255,0.25368532022464424,1.7099462426143481,0.06132191957656198,-0.3706052490970404
131.077,8.7942,0.0,18.0,10.6023,22.7207,-4.016636155606326,-0.4969955754723255,-0.006266437041495043,1.7099462426143481,0.07056574638231305,-0.46286912081664816
131.127,8.7942,0.0,18.0,11.0625,22.7207,-1.1907185354691139,-0.4969955754723255,-0.006266437041495043,1.7099462426143481,0.07980756497020497,-0.46286912081664816
131.177,8.7942,0.0,18.0,11.5228,22.7207,2.5200823798625684,-0.4969955754723255,-0.006266437041495043,1.7099462426143481,0.08905139177595604,-0.46286912081664816
131.227,8.8566,1.2474,18.0,11.98,23.8912,2.0103569794050293,-0.48109520549157836,0.25368532022464424,1.7099462426143481,0.09823296382807291,-0.35586935677443976
131.277,8.7318,-2.4948,18.0,12.4434,20.5409,-2.989029748283686,-0.5128959454530725,-0.5261699515737737,1.7099462426143481,0.1075390453874582,-0.6621327565784644
131.327,8.7318,0.0,18.0,12.9068,22.5596,-1.9451121281464434,-0.5128959454530725,-0.006266437041495043,1.7099462426143481,0.11684512694684349,-0.4775958717668403
131.377,8.7942,1.2474,18.0,13.3671,23.73,1.9655011441647618,-0.4969955754723255,0.25368532022464424,1.7099462426143481,0.12608895375259457,-0.3706052490970404
131.427,8.7318,-1.2474,18.0,13.8305,21.5503,3.8657574370709566,-0.5128959454530725,-0.2662181943076343,1.7099462426143481,0.13539503531197986,-0.5698597434864481
131.477,8.8566,2.4948,18.0,14.2877,24.9005,2.0837574370708505,-0.48109520549157836,0.5136370774907836,1.7099462426143481,0.1445766073640967,-0.263605485054832
131.527,8.7318,-2.4948,18.0,14.7511,20.5409,-2.764750572082403,-0.5128959454530725,-0.5261699515737737,1.7099462426143481,0.15388268892348198,-0.6621327565784644
131.577,8.7942,1.2474,18.0,15.2114,23.73,-0.2854462242562375,-0.4969955754723255,0.25368532022464424,1.7099462426143481,0.16312651572923303,-0.3706052490970404
131.627,8.919,2.4948,18.0,15.6654,25.0617,-0.5953592677345224,-0.4651948355108313,0.5136370774907836,1.7099462426143481,0.1722438248098565,-0.24886959273223164
131.677,8.8566,-1.2474,18.0,16.1226,21.8726,-0.24874599542332038,-0.48109520549157836,-0.2662181943076343,1.7099462426143481,0.18142539686197337,-0.5403971002136556
131.727,8.7318,-2.4948,18.0,16.586,20.5409,3.274475972539975,-0.5128959454530725,-0.5261699515737737,1.7099462426143481,0.19073147842135868,-0.6621327565784644
131.777,8.7942,1.2474,18.0,17.0463,23.73,-0.10194508009156916,-0.4969955754723255,0.25368532022464424,1.7099462426143481,0.19997530522710974,-0.3706052490970404
131.827,8.8566,1.2474,18.0,17.5035,23.8912,-3.4783661327230875,-0.48109520549157836,0.25368532022464424,1.7099462426143481,0.2091568772792266,-0.35586935677443976
131.877,8.8566,0.0,18.0,17.9607,22.8819,-0.6524485125857639,-0.48109520549157836,-0.006266437041495043,1.7099462426143481,0.21833844933134347,-0.4481332284940475
131.927,8.8566,0.0,18.0,18.4178,22.8819,-1.7412219679633325,-0.48109520549157836,-0.006266437041495043,1.7099462426143481,0.2275180131656012,-0.4481332284940475
131.977,8.8566,0.0,18.0,18.875,22.8819,1.4313089244851074,-0.48109520549157836,-0.006266437041495043,1.7099462426143481,0.23669958521771806,-0.4481332284940475
132.027,8.7318,-2.4948,18.0,19.3384,20.5409,1.9655011441646713,-0.5128959454530725,-0.5261699515737737,1.7099462426143481,0.24600566677710334,-0.6621327565784644
132.077,8.8566,2.4948,18.0,19.7956,24.9005,-2.8870846681921685,-0.48109520549157836,0.5136370774907836,1.7099462426143481,0.2551872388292202,-0.263605485054832
132.127,8.7942,-1.2474,18.0,20.2559,21.7114,1.8390892448513374,-0.4969955754723255,-0.2662181943076343,1.7099462426143481,0.26443106563497126,-0.5551329925362559
132.177,8.919,2.4948,18.0,20.7099,25.0617,1.5658764302059873,-0.4651948355108313,0.5136370774907836,1.7099462426143481,0.2735483747155948,-0.24886959273223164
132.227,8.8566,-1.2474,18.0,21.1671,21.8726,-1.8554004576659322,-0.48109520549157836,-0.2662181943076343,1.7099462426143481,0.2827299467677116,-0.5403971002136556
132.277,8.7942,-1.2474,18.0,21.6274,21.7114,0.2569016018306136,-0.4969955754723255,-0.2662181943076343,1.7099462426143481,0.2919737735734627,-0.5551329925362559
132.327,8.7942,0.0,18.0,22.0877,22.7207,-1.039839816933461,-0.4969955754723255,-0.006266437041495043,1.7099462426143481,0.3012176003792138,-0.46286912081664816
132.377,8.8566,1.2474,18.0,22.5448,23.8912,1.6922883295195184,-0.48109520549157836,0.25368532022464424,1.7099462426143481,0.3103971642134714,-0.35586935677443976
132.427,8.8566,0.0,18.0,23.002,22.8819,6.153405034324795,-0.48109520549157836,-0.006266437041495043,1.7099462426143481,0.3195787362655883,-0.4481332284940475
132.477,8.9813,2.4948,18.0,23.4529,25.2228,4.249070938215039,-0.44931994689223326,0.5136370774907836,1.7099462426143481,0.3286337905925776,-0.23414284178203948
132.527,8.8566,-2.4948,18.0,23.9101,20.8632,0.8277940503432202,-0.48109520549157836,-0.5261699515737737,1.7099462426143481,0.3378153626446944,-0.6326701133056719
132.577,8.8566,0.0,18.0,24.3673,22.8819,3.017574370709355,-0.48109520549157836,-0.006266437041495043,1.7099462426143481,0.3469969346968113,-0.4481332284940475
132.627,8.9813,2.4948,18.0,24.8182,25.2228,6.1289382151028775,-0.44931994689223326,0.5136370774907836,1.7099462426143481,0.3560519890238006,-0.23414284178203948
132.677,8.9813,0.0,18.0,25.2692,23.2041,5.513189931350053,-0.44931994689223326,-0.006266437041495043,1.7099462426143481,0.36510905156864903,-0.4186797265936636
132.727,9.1061,2.4948,18.0,25.7138,25.5451,2.4140594965676,-0.41751920693073913,0.5136370774907836,1.7099462426143481,0.37403758817051064,-0.20468019850924668
132.777,9.1061,0.0,18.0,26.1585,23.5264,1.9369565217391083,-0.41751920693073913,-0.006266437041495043,1.7099462426143481,0.38296813299023147,-0.38921708332087107
132.827,9.1684,1.2474,18.0,26.6001,24.6969,5.933203661327058,-0.40164431831214065,0.25368532022464424,1.7099462426143481,0.39183642305631816,-0.2822173192786626
132.877,9.5427,7.4844,18.0,27.023,30.7103,7.474613272311039,-0.30626757978980723,1.5534441065553406,1.7099462426143481,0.4003291763827403,0.2674899691377543
132.927,9.5427,0.0,18.0,27.4459,24.6544,5.7170800915330755,-0.30626757978980723,-0.006266437041495043,1.7099462426143481,0.40882192970916253,-0.2861024025523012
132.977,9.605,1.2474,18.0,27.8656,25.8249,6.78546453089234,-0.29039269117120875,0.25368532022464424,1.7099462426143481,0.4172504200640913,-0.17910263851009273
133.027,9.7298,2.4948,18.0,28.2791,27.1565,2.344736842105215,-0.25859195120971507,0.5136370774907836,1.7099462426143481,0.4255544009117516,-0.05737612351769216
133.077,9.9169,3.7422,18.0,28.6833,28.6492,1.1866407322652783,-0.2109163226296224,0.7735888347569227,1.7099462426143481,0.43367161749850935,0.07907714242490023
133.127,10.0416,2.4948,18.0,29.0812,27.9621,1.6882105263157365,-0.17914106403027683,0.5136370774907836,1.7099462426143481,0.4416623163601395,0.0162667726056764
133.177,10.104,1.2474,18.0,29.476,27.114,-5.093176201372778,-0.1632406940495302,0.25368532022464424,1.7099462426143481,0.4495907604681354,-0.061261206791330694
133.227,10.2911,3.7422,18.0,29.8614,29.6161,0.24874599542332287,-0.11556506546943758,0.7735888347569227,1.7099462426143481,0.45733043209736957,0.167465072243278
133.277,10.6653,7.4844,18.0,30.2282,33.6108,-0.1998123569794341,-0.020213808309252748,1.5534441065553406,1.7099462426143481,0.4646965752047984,0.5326354758480706
133.327,10.7901,2.4948,18.0,30.5887,29.8958,-5.423478260869459,0.011586931652241395,0.5136370774907836,1.7099462426143481,0.4719362005870996,0.19303349087002372
133.377,10.9148,2.4948,18.0,30.9429,30.2181,5.509112128146412,0.04336219025158651,0.5136370774907836,1.7099462426143481,0.47904930824427333,0.22249613414281622
133.427,10.9772,1.2474,18.0,31.2941,29.3699,6.243116704805405,0.05926256023233358,0.25368532022464424,1.7099462426143481,0.4861021693656719,0.14495901337340059
133.477,11.1643,3.7422,18.0,31.6358,31.872,-1.129551487414222,0.10693818881242623,0.7735888347569227,1.7099462426143481,0.4929642497904495,0.3736852924080093
133.527,11.1643,0.0,18.0,31.9776,28.844,-1.7656887871852822,0.10693818881242623,-0.006266437041495043,1.7099462426143481,0.49982833843308627,0.09688453587677744
133.577,11.4761,6.237,18.0,32.3038,34.6964,3.596622425629228,0.18638907599186397,1.2934923492892014,1.7099462426143481,0.506379145089693,0.6318742147154105
133.627,11.289,-3.7422,18.0,32.6394,26.1383,7.552091533180554,0.13871344741177133,-0.7861217088399128,1.7099462426143481,0.5131187242250612,-0.15045357738166193
133.677,11.6632,7.4844,18.0,32.9562,36.1891,5.1054096109837355,0.23406470457195616,1.5534441065553406,1.7099462426143481,0.5194807584029061,0.7683274806580035
133.727,11.9751,6.237,18.0,33.2575,35.9855,-3.2663203661326223,0.3135410731135425,1.2934923492892014,1.7099462426143481,0.5255315188125796,0.7497156464341728
133.777,12.0375,1.2474,18.0,33.5556,32.1093,2.4793043478262344,0.3294414430942896,0.25368532022464424,1.7099462426143481,0.5315180162507599,0.3953777691335247
133.827,12.3493,6.237,18.0,33.8381,36.9523,13.024503432493994,0.40889233027372734,1.2934923492892014,1.7099462426143481,0.5371912317029099,0.838094434880142
133.877,12.7235,7.4844,18.0,34.1019,38.9285,3.8372128146451967,0.5042435874339122,1.5534441065553406,1.7099462426143481,0.5424889104153957,1.0187462364181277
133.927,12.7235,0.0,18.0,34.3658,32.8725,-3.3274874141875177,0.5042435874339122,-0.006266437041495043,1.7099462426143481,0.5477885973457405,0.4651447233556639
133.977,13.0354,6.237,18.0,34.614,38.7248,3.4171990846680345,0.5837199559754985,1.2934923492892014,1.7099462426143481,0.5527729940721958,1.0001252608218887
134.027,13.2225,3.7422,18.0,34.8529,37.1896,3.641478260869251,0.6313955845555911,0.7735888347569227,1.7099462426143481,0.5575706265377486,0.8597869116056575
134.077,13.7214,9.9792,18.0,35.0668,43.5253,-7.980260869564999,0.758522100315121,2.073347621087619,1.7099462426143481,0.5618662045385093,1.4389568432948672
134.127,13.7214,0.0,18.0,35.2807,35.4507,-10.251597254004468,0.758522100315121,-0.006266437041495043,1.7099462426143481,0.5661617825392701,0.7008275867931874
134.177,13.9086,3.7422,18.0,35.4853,38.9621,-9.199524027459919,0.8062232102573623,0.7735888347569227,1.7099462426143481,0.5702705962791281,1.0218177375474042
134.227,13.7838,-2.4948,18.0,35.6961,33.5932,-2.8299954233407965,0.7744224702958681,-0.5261699515737737,1.7099462426143481,0.5745039195262546,0.5310265943041643
134.277,14.5323,14.9688,18.0,35.8695,49.6574,-4.901519450800893,0.9651504659783864,3.1131546501521763,1.7099462426143481,0.5779861692940522,1.9995149407602464
134.327,14.4699,-1.2474,18.0,36.046,36.3751,-8.404352402745845,0.9492500959976398,-0.2662181943076343,1.7099462426143481,0.581530673815484,0.7853304333379272
134.377,14.4699,0.0,18.0,36.2225,37.3844,3.0624302059496067,0.9492500959976398,-0.006266437041495043,1.7099462426143481,0.5850751783369158,0.8775943050575347
134.427,14.657,3.7422,18.0,36.3897,40.8958,-4.803652173912982,0.9969257245777319,0.7735888347569227,1.7099462426143481,0.588432918597445,1.1985844558117515
134.477,15.0312,7.4844,18.0,36.5381,44.8906,-7.817148741418634,1.0922769817379168,1.5534441065553406,1.7099462426143481,0.5914131139004506,1.5637640007889526
134.527,14.7194,-6.237,18.0,36.7021,32.9823,5.602901601830377,1.012826094558479,-1.3060252233721914,1.7099462426143481,0.5947065911894864,0.47518195026026405
134.577,14.7194,0.0,18.0,36.8662,38.029,2.7606727688787425,1.012826094558479,-0.006266437041495043,1.7099462426143481,0.5980020766963813,0.9365195916031203
134.627,15.156,8.7318,18.0,37.0084,46.2222,-6.406228832951597,1.124077721699411,1.8133958638214798,1.7099462426143481,0.6008577624921185,1.6854905157813531
134.677,15.0936,-1.2474,18.0,37.1537,37.9865,-0.22427917620150062,1.108177351718664,-0.2662181943076343,1.7099462426143481,0.6037757030414899,0.9326345083294815
134.727,15.4054,6.237,18.0,37.2834,44.8481,0.5953592677341879,1.1876282388981017,1.2934923492892014,1.7099462426143481,0.6063803616048309,1.5598789175153143
134.777,15.4054,0.0,18.0,37.4131,39.8015,-6.075926773455036,1.1876282388981017,-0.006266437041495043,1.7099462426143481,0.608985020168172,1.0985504175448664
134.827,15.5925,3.7422,18.0,37.5335,43.3129,1.2804302059498784,1.2353038674781938,0.7735888347569227,1.7099462426143481,0.6114029144706105,1.4195405682990831
134.877,15.842,4.9896,18.0,37.6414,44.9668,-7.878315789473646,1.2988798660390335,1.033540592023062,1.7099462426143481,0.6135697815406529,1.5707297265642761
134.927,15.5925,-4.9896,18.0,37.7618,36.2476,-7.466457665903727,1.2353038674781938,-1.0460734661060522,1.7099462426143481,0.6159876758430914,0.7736751835170114
134.977,16.0915,9.9792,18.0,37.8572,49.6486,3.7311899313501518,1.3624558645998728,2.073347621087619,1.7099462426143481,0.6179035156807379,1.9987104999882928
135.027,16.0291,-1.2474,18.0,37.9558,40.4035,-2.0837574370710232,1.3465554946191256,-0.2662181943076343,1.7099462426143481,0.6198836184898777,1.1535814794444048
135.077,15.7173,-6.237,18.0,38.0699,35.5605,-11.858251716247228,1.267104607439688,-1.3060252233721914,1.7099462426143481,0.6221749950671885,0.7108648136977875
135.127,15.9668,4.9896,18.0,38.1716,45.289,-9.215835240274242,1.3306806060005272,1.033540592023062,1.7099462426143481,0.6242173526299626,1.6001832284646604
135.177,16.2786,6.237,18.0,38.2576,47.1041,-1.753455377574305,1.4101314931799653,1.2934923492892014,1.7099462426143481,0.6259444199888471,1.766108279052454
135.227,15.842,-8.7318,18.0,38.3655,33.8642,4.57937299771139,1.2988798660390335,-1.82592873790447,1.7099462426143481,0.6281112870588896,0.5557997135313645
135.277,15.6549,-3.7422,18.0,38.4828,37.4181,-5.659990846681704,1.251204237458941,-0.7861217088399128,1.7099462426143481,0.6304669266076939,0.88067494755922
135.327,16.1539,9.9792,18.0,38.5751,49.8098,-4.563061784896912,1.3783562345806197,2.073347621087619,1.7099462426143481,0.6323205116917061,2.0134463923108936
135.377,15.7797,-7.4844,18.0,38.6861,34.7124,6.9241098398168255,1.283004977420435,-1.5659769806383308,1.7099462426143481,0.6345496335153828,0.6333368343007807
135.427,16.2162,8.7318,18.0,38.7753,48.9616,-4.216448512585777,1.3942311231992184,1.8133958638214798,1.7099462426143481,0.6363409638457608,1.9359092715414772
135.477,16.0291,-3.7422,18.0,38.8738,38.3849,-1.7004439359266326,1.3465554946191256,-0.7861217088399128,1.7099462426143481,0.6383190584370415,0.9690537360051893
135.527,16.1539,2.4948,18.0,38.9661,43.7538,-1.8023890160178893,1.3783562345806197,0.5136370774907836,1.7099462426143481,0.6401726435210536,1.459844879248429
135.577,15.842,-6.237,18.0,39.074,35.8828,-2.7321281464532587,1.2988798660390335,-1.3060252233721914,1.7099462426143481,0.6423395105910961,0.7403274569705807
135.627,16.0291,3.7422,18.0,39.1726,44.4409,2.3610480549196846,1.3465554946191256,0.7735888347569227,1.7099462426143481,0.6443196134002359,1.522655249067653
135.677,16.2786,4.9896,18.0,39.2587,46.0947,8.791743707093879,1.4101314931799653,1.033540592023062,1.7099462426143481,0.6460486889769796,1.6738352659604379
135.727,16.0915,-3.7422,18.0,39.3541,38.5461,-0.3058352402746393,1.3624558645998728,-0.7861217088399128,1.7099462426143481,0.6479645288146261,0.9837896283277899
135.777,15.7173,-7.4844,18.0,39.4682,34.5512,-19.10450800915306,1.267104607439688,-1.5659769806383308,1.7099462426143481,0.650255905391937,0.61860094197818
135.827,16.2786,11.2266,18.0,39.5543,51.1414,0.03670022883313043,1.4101314931799653,2.3332993783537583,1.7099462426143481,0.6519849809686807,2.1351729073032932
135.877,15.842,-8.7318,18.0,39.6622,33.8642,14.048032036612751,1.2988798660390335,-1.82592873790447,1.7099462426143481,0.6541518480387232,0.5557997135313645
135.927,15.9044,1.2474,18.0,39.767,42.0999,-0.11417848970250222,1.3147802360197804,0.25368532022464424,1.7099462426143481,0.6562564603551315,1.3086557209832361
135.977,15.7797,-2.4948,18.0,39.878,38.7497,-3.5884668192215896,1.283004977420435,-0.5261699515737737,1.7099462426143481,0.6584855821788081,1.00240146255162
136.027,15.9668,3.7422,18.0,39.9796,44.2797,3.9391578947367,1.3306806060005272,0.7735888347569227,1.7099462426143481,0.660525931523723,1.5079193567450524
136.077,16.341,7.4844,18.0,40.0626,48.2745,2.4548375286038926,1.4260318631607125,1.5534441065553406,1.7099462426143481,0.6621927523468326,1.8730989017222541
136.127,15.9044,-8.7318,18.0,40.1674,34.0253,-3.290787185354689,1.3147802360197804,-1.82592873790447,1.7099462426143481,0.6642973646632407,0.5705264644815569
136.177,16.0291,2.4948,18.0,40.2659,43.4315,3.8494462242564973,1.3465554946191256,0.5136370774907836,1.7099462426143481,0.6662754592545215,1.4303822359756366
136.227,15.7797,-4.9896,18.0,40.3769,36.731,3.5925446224256428,1.283004977420435,-1.0460734661060522,1.7099462426143481,0.6685045810781981,0.8178645777399962
136.277,15.9044,2.4948,18.0,40.4817,43.1093,-9.162823798627015,1.3147802360197804,0.5136370774907836,1.7099462426143481,0.6706091933946062,1.4009287340752523
136.327,16.4034,9.9792,18.0,40.5615,50.4543,3.539533180778031,1.4419322331414595,2.073347621087619,1.7099462426143481,0.6722117512462226,2.07236253748407
136.377,16.2786,-2.4948,18.0,40.6476,40.0388,6.981199084668028,1.4101314931799653,-0.5261699515737737,1.7099462426143481,0.6739408268229663,1.1202428942703824
136.427,15.5925,-13.7214,18.0,40.768,29.1823,-6.01475972540053,1.2353038674781938,-2.865735766969027,1.7099462426143481,0.6763587211254048,0.12780979873493986
136.477,16.2162,12.474,18.0,40.8572,51.9896,-6.296128146452968,1.3942311231992184,2.593251135619898,1.7099462426143481,0.6781500514557828,2.21271002807271
136.527,16.1539,-1.2474,18.0,40.9495,40.7258,-0.6850709382151277,1.3783562345806197,-0.2662181943076343,1.7099462426143481,0.680003636539795,1.1830441227171973
136.577,16.0915,-1.2474,18.0,41.0449,40.5647,10.206741418764297,1.3624558645998728,-0.2662181943076343,1.7099462426143481,0.6819194763774414,1.1683173717670055
136.627,15.842,-4.9896,18.0,41.1528,36.8922,-1.3701418764301623,1.2988798660390335,-1.0460734661060522,1.7099462426143481,0.6840863434474839,0.832600470062597
136.677,16.0915,4.9896,18.0,41.2482,45.6113,-6.0147597254004745,1.3624558645998728,1.033540592023062,1.7099462426143481,0.6860021832851303,1.629645871737453
136.727,16.0291,-1.2474,18.0,41.3468,40.4035,-6.092237986269942,1.3465554946191256,-0.2662181943076343,1.7099462426143481,0.6879822860942701,1.1535814794444048
136.777,16.0915,1.2474,18.0,41.4422,42.5834,-8.26570709382137,1.3624558645998728,0.25368532022464424,1.7099462426143481,0.6898981259319166,1.3528542565786292
136.827,16.2162,2.4948,18.0,41.5314,43.915,12.433221967963318,1.3942311231992184,0.5136370774907836,1.7099462426143481,0.6916894562622945,1.4745807715710297
136.877,16.0915,-2.4948,18.0,41.6268,39.5554,5.823102974828546,1.3624558645998728,-0.5261699515737737,1.7099462426143481,0.693605296099941,1.0760535000473974
136.927,15.9044,-3.7422,18.0,41.7316,38.0626,-14.17036613272308,1.3147802360197804,-0.7861217088399128,1.7099462426143481,0.6957099084163493,0.9395910927323968
136.977,16.0291,2.4948,18.0,41.8301,43.4315,3.94731350114391,1.3465554946191256,0.5136370774907836,1.7099462426143481,0.6976880030076299,1.4303822359756366
137.027,16.0915,1.2474,18.0,41.9256,42.5834,14.786114416475806,1.3624558645998728,0.25368532022464424,1.7099462426143481,0.6996058510631356,1.3528542565786292
137.077,15.9668,-2.4948,18.0,42.0272,39.2331,-5.51726773455357,1.3306806060005272,-0.5261699515737737,1.7099462426143481,0.7016462004080504,1.046590856774605
137.127,15.842,-2.4948,18.0,42.1351,38.9108,-3.0379633867277844,1.2988798660390335,-0.5261699515737737,1.7099462426143481,0.7038130674780928,1.0171282135018125
137.177,15.9668,2.4948,18.0,42.2368,43.2704,1.5984988558351458,1.3306806060005272,0.5136370774907836,1.7099462426143481,0.7058554250408668,1.4156554850254448
137.227,15.842,-2.4948,18.0,42.3447,38.9108,2.5608604118993505,1.2988798660390335,-0.5261699515737737,1.7099462426143481,0.7080222921109094,1.0171282135018125
137.277,16.0915,4.9896,18.0,42.4401,45.6113,3.2173867276886616,1.3624558645998728,1.033540592023062,1.7099462426143481,0.7099381319485557,1.629645871737453
137.327,16.1539,1.2474,18.0,42.5324,42.7445,0.12233409611002277,1.3783562345806197,0.25368532022464424,1.7099462426143481,0.7117917170325679,1.3675810075288217
137.377,15.842,-6.237,18.0,42.6403,35.8828,1.5291762013730148,1.2988798660390335,-1.3060252233721914,1.7099462426143481,0.7139585841026105,0.7403274569705807
137.427,16.341,9.9792,18.0,42.7233,50.2932,-10.251597254004338,1.4260318631607125,2.073347621087619,1.7099462426143481,0.71562540492572,2.057635786533878
137.477,16.2786,-1.2474,18.0,42.8093,41.0481,1.7901556064072148,1.4101314931799653,-0.2662181943076343,1.7099462426143481,0.7173524722846046,1.2125067659899897
137.527,16.0915,-3.7422,18.0,42.9048,38.5461,10.255675057207982,1.3624558645998728,-0.7861217088399128,1.7099462426143481,0.7192703203401102,0.9837896283277899
137.577,15.842,-4.9896,18.0,43.0127,36.8922,-0.9215835240274539,1.2988798660390335,-1.0460734661060522,1.7099462426143481,0.7214371874101527,0.832600470062597
137.627,16.4657,12.474,18.0,43.0894,52.6341,-6.940421052631516,1.4578071217600572,2.593251135619898,1.7099462426143481,0.7229774905081345,2.271626173245886
137.677,15.842,-12.474,18.0,43.1973,30.8362,0.9093501144163618,1.2988798660390335,-2.6057840097028877,1.7099462426143481,0.7251443575781771,0.27899895700013294
137.727,16.341,9.9792,18.0,43.2802,50.2932,-6.936343249427714,1.4260318631607125,2.073347621087619,1.7099462426143481,0.7268091701834275,2.057635786533878
137.777,15.842,-9.9792,18.0,43.3881,32.8549,-1.949189931349986,1.2988798660390335,-2.0858804951706094,1.7099462426143481,0.7289760372534699,0.463535841811757
137.827,16.0915,4.9896,18.0,43.4836,45.6113,16.32344622425584,1.3624558645998728,1.033540592023062,1.7099462426143481,0.7308938853089756,1.629645871737453
137.877,16.0291,-1.2474,18.0,43.5821,40.4035,-1.3334416475974658,1.3465554946191256,-0.2662181943076343,1.7099462426143481,0.7328719799002561,1.1535814794444048
137.927,16.0915,1.2474,18.0,43.6775,42.5834,-8.420663615560219,1.3624558645998728,0.25368532022464424,1.7099462426143481,0.7347878197379026,1.3528542565786292
137.977,16.5905,9.9792,18.0,43.748,50.9377,-1.9981235697935533,1.4896078617215514,2.073347621087619,1.7099462426143481,0.7362036133286162,2.1165519317070545
138.027,16.0915,-9.9792,18.0,43.8434,33.4994,4.709862700228548,1.3624558645998728,-2.0858804951706094,1.7099462426143481,0.7381194531662627,0.5224519869849338
138.077,16.1539,1.2474,18.0,43.9357,42.7445,-2.9931075514876473,1.3783562345806197,0.25368532022464424,1.7099462426143481,0.7399730382502747,1.3675810075288217
138.127,16.0915,-1.2474,18.0,44.0312,40.5647,2.1082242562930946,1.3624558645998728,-0.2662181943076343,1.7099462426143481,0.7418908863057804,1.1683173717670055
138.177,16.341,4.9896,18.0,44.1141,46.2559,7.021977116704536,1.4260318631607125,1.033540592023062,1.7099462426143481,0.7435556989110308,1.6885711582830378
138.227,15.9044,-8.7318,18.0,44.2189,34.0253,5.260366132722747,1.3147802360197804,-1.82592873790447,1.7099462426143481,0.745660311227439,0.5705264644815569
138.277,16.7152,16.2162,18.0,44.2831,56.3066,-7.837537757436841,1.5213831203208967,3.373106407418316,1.7099462426143481,0.746949587093025,2.607343074950295
138.327,16.2162,-9.9792,18.0,44.3723,33.8217,-14.64339130434753,1.3942311231992184,-2.0858804951706094,1.7099462426143481,0.7487409174234031,0.5519146302577262
138.377,15.9044,-6.237,18.0,44.4771,36.044,-5.602901601830377,1.3147802360197804,-1.3060252233721914,1.7099462426143481,0.7508455297398112,0.7550633492931806
138.427,15.7797,-2.4948,18.0,44.5881,38.7497,-0.10194508009159609,1.283004977420435,-0.5261699515737737,1.7099462426143481,0.7530746515634879,1.00240146255162
138.477,16.4034,12.474,18.0,44.6679,52.473,14.623002288329342,1.4419322331414595,2.593251135619898,1.7099462426143481,0.7546772094151042,2.256899422295694
138.527,16.5281,2.4948,18.0,44.7415,44.7206,-1.2559633867275632,1.4737074917408042,0.5136370774907836,1.7099462426143481,0.7561552577594519,1.5482236676943983
138.577,16.1539,-7.4844,18.0,44.8338,35.6792,-7.6051029748283705,1.3783562345806197,-1.5659769806383308,1.7099462426143481,0.758008842843464,0.7217156227467499
138.627,16.341,3.7422,18.0,44.9168,45.2465,3.975858123569581,1.4260318631607125,0.7735888347569227,1.7099462426143481,0.7596756636665738,1.5962981451910216
138.677,16.4034,1.2474,18.0,44.9966,43.389,3.1602974828375117,1.4419322331414595,0.25368532022464424,1.7099462426143481,0.7612782215181899,1.4264971527019985
138.727,15.9044,-9.9792,18.0,45.1014,33.016,-5.708924485125791,1.3147802360197804,-2.0858804951706094,1.7099462426143481,0.7633828338345982,0.4782625927619488
138.777,15.6549,-4.9896,18.0,45.2187,36.4087,4.0329473684211985,1.251204237458941,-1.0460734661060522,1.7099462426143481,0.7657384733834024,0.7884019344672037
138.827,16.0291,7.4844,18.0,45.3172,47.4688,5.142109839817111,1.3465554946191256,1.5534441065553406,1.7099462426143481,0.767716567974683,1.7994468642264767
138.877,16.0915,1.2474,18.0,45.4126,42.5834,-14.504745995423262,1.3624558645998728,0.25368532022464424,1.7099462426143481,0.7696324078123294,1.3528542565786292
138.927,16.4657,7.4844,18.0,45.4893,48.5968,-3.143986270023159,1.4578071217600572,1.5534441065553406,1.7099462426143481,0.7711727109103115,1.9025615449950466
138.977,16.0915,-7.4844,18.0,45.5848,35.5181,8.718343249427877,1.3624558645998728,-1.5659769806383308,1.7099462426143481,0.7730905589658171,0.7069888717965574
139.027,16.0291,-1.2474,18.0,45.6833,40.4035,11.890874141876662,1.3465554946191256,-0.2662181943076343,1.7099462426143481,0.7750686535570978,1.1535814794444048
139.077,16.2786,4.9896,18.0,45.7694,46.0947,11.723684210525832,1.4101314931799653,1.033540592023062,1.7099462426143481,0.7767977291338415,1.6738352659604379
139.127,16.2162,-1.2474,18.0,45.8586,40.887,5.068709382150782,1.3942311231992184,-0.2662181943076343,1.7099462426143481,0.7785890594642195,1.197780015039798
139.177,15.9668,-4.9896,18.0,45.9602,37.2144,7.001588100686515,1.3306806060005272,-1.0460734661060522,1.7099462426143481,0.7806294088091343,0.8620539719629805
139.227,16.0915,2.4948,18.0,46.0557,43.5927,-5.362311212814684,1.3624558645998728,0.5136370774907836,1.7099462426143481,0.78254725686464,1.4451181282982373
139.277,16.0915,0.0,18.0,46.1511,41.574,-16.156256292906207,1.3624558645998728,-0.006266437041495043,1.7099462426143481,0.7844630967022864,1.260581243486613
139.327,16.2162,2.4948,18.0,46.2403,43.915,-1.0643066361557085,1.3942311231992184,0.5136370774907836,1.7099462426143481,0.7862544270326643,1.4745807715710297
139.377,16.341,2.4948,18.0,46.3232,44.2372,-3.1969977116702064,1.4260318631607125,0.5136370774907836,1.7099462426143481,0.7879192396379148,1.504034273471414
139.427,16.7776,8.7318,18.0,46.3843,50.4118,-1.6596659038898203,1.537283490301644,1.8133958638214798,1.7099462426143481,0.7891462607498666,2.0684774542104316
139.477,16.2786,-9.9792,18.0,46.4704,33.9828,-0.3180686498855742,1.4101314931799653,-2.0858804951706094,1.7099462426143481,0.7908753363266103,0.5666413812079181
139.527,16.7776,9.9792,18.0,46.5315,51.4212,-14.223377574370534,1.537283490301644,2.073347621087619,1.7099462426143481,0.7921023574385622,2.1607504673024476
139.577,16.6528,-2.4948,18.0,46.5989,41.0056,-1.4272311212813489,1.5054827503401498,-0.5261699515737737,1.7099462426143481,0.7934558962756415,1.2086216827163516
139.627,16.2162,-8.7318,18.0,46.6881,34.8311,4.505972540045693,1.3942311231992184,-1.82592873790447,1.7099462426143481,0.7952472266060194,0.6441876433497425
139.677,16.2786,1.2474,18.0,46.7741,43.0667,-5.382700228833038,1.4101314931799653,0.25368532022464424,1.7099462426143481,0.796974293964904,1.3970345094292054
139.727,16.0291,-4.9896,18.0,46.8727,37.3756,-1.4802425629292437,1.3465554946191256,-1.0460734661060522,1.7099462426143481,0.7989543967740439,0.8767898642855813
139.777,16.1539,2.4948,18.0,46.965,43.7538,-5.166576659038738,1.3783562345806197,0.5136370774907836,1.7099462426143481,0.8008079818580561,1.459844879248429
139.827,16.0291,-2.4948,18.0,47.0635,39.3942,-5.509112128146219,1.3465554946191256,-0.5261699515737737,1.7099462426143481,0.8027860764493367,1.0613176077247968
139.877,15.7173,-6.237,18.0,47.1777,35.5605,7.629569794050181,1.267104607439688,-1.3060252233721914,1.7099462426143481,0.8050794612445068,0.7108648136977875
139.927,16.0915,7.4844,18.0,47.2731,47.63,16.082855835240117,1.3624558645998728,1.5534441065553406,1.7099462426143481,0.8069953010821532,1.8141827565490773
139.977,15.9668,-2.4948,18.0,47.3748,39.2331,-6.259427917619728,1.3306806060005272,-0.5261699515737737,1.7099462426143481,0.8090376586449273,1.046590856774605
140.027,15.9668,0.0,18.0,47.4764,41.2517,11.426004576658793,1.3306806060005272,-0.006266437041495043,1.7099462426143481,0.8110780079898421,1.2311186002138206
140.077,16.341,7.4844,18.0,47.5594,48.2745,23.516691075514483,1.4260318631607125,1.5534441065553406,1.7099462426143481,0.8127448288129516,1.8730989017222541
140.127,16.1539,-3.7422,18.0,47.6517,38.7072,-3.9595469107551584,1.3783562345806197,-0.7861217088399128,1.7099462426143481,0.8145984138969639,0.9985163792779818
140.177,16.2162,1.2474,18.0,47.7409,42.9056,-1.3252860411900191,1.3942311231992184,0.25368532022464424,1.7099462426143481,0.816389744227342,1.3823077584790135
140.227,16.1539,-1.2474,18.0,47.8332,40.7258,1.8023890160181488,1.3783562345806197,-0.2662181943076343,1.7099462426143481,0.8182433293113541,1.1830441227171973
140.277,15.9668,-3.7422,18.0,47.9348,38.2238,-0.45671395881015875,1.3306806060005272,-0.7861217088399128,1.7099462426143481,0.820283678656269,0.9543269850549968
140.327,16.4034,8.7318,18.0,48.0147,49.445,-3.8290572082378693,1.4419322331414595,1.8133958638214798,1.7099462426143481,0.8218882447257443,1.9800986657644621
140.377,16.4657,1.2474,18.0,48.0914,43.5502,-11.23434782608696,1.4578071217600572,0.25368532022464424,1.7099462426143481,0.8234285478237263,1.4412330450245985
140.427,16.2786,-3.7422,18.0,48.1774,39.0294,-5.386778032036552,1.4101314931799653,-0.7861217088399128,1.7099462426143481,0.8251556151826109,1.027969881178366
140.477,16.1539,-2.4948,18.0,48.2698,39.7165,-4.795496567505527,1.3783562345806197,-0.5261699515737737,1.7099462426143481,0.8270112084844823,1.09078025099759
140.527,17.1518,19.9584,18.0,48.3122,60.4626,-18.57439359267684,1.6326347474618292,4.152961679216734,1.7099462426143481,0.8278626928567696,2.987258512250097
140.577,16.0291,-22.4532,18.0,48.4107,23.245,3.918768878718555,1.3465554946191256,-4.6853980678320015,1.7099462426143481,0.8298407874480502,-0.414940905278562
140.627,16.4657,8.7318,18.0,48.4874,49.6061,6.557107551487238,1.4578071217600572,1.8133958638214798,1.7099462426143481,0.8313810905460323,1.994825416714654
140.677,16.1539,-6.237,18.0,48.5797,36.6885,-1.0357620137300994,1.3783562345806197,-1.3060252233721914,1.7099462426143481,0.8332346756300445,0.8139794944663574
140.727,16.4034,4.9896,18.0,48.6596,46.417,-4.783263157894609,1.4419322331414595,1.033540592023062,1.7099462426143481,0.8348392416995198,1.7032979092332303
140.777,15.842,-11.2266,18.0,48.7675,31.8455,-7.796759725400424,1.2988798660390335,-2.3458322524367485,1.7099462426143481,0.8370061087695623,0.3712628287197407
140.827,16.0915,4.9896,18.0,48.8629,45.6113,7.670347826086716,1.3624558645998728,1.033540592023062,1.7099462426143481,0.8389219486072088,1.629645871737453
140.877,15.7797,-6.237,18.0,48.9739,35.7217,0.09786727688827046,1.283004977420435,-1.3060252233721914,1.7099462426143481,0.8411510704308854,0.7256007060203882
140.927,15.9668,3.7422,18.0,49.0756,44.2797,-0.06524485125855684,1.3306806060005272,0.7735888347569227,1.7099462426143481,0.8431934279936595,1.5079193567450524
140.977,15.5925,-7.4844,18.0,49.1959,34.229,9.350402745994826,1.2353038674781938,-1.5659769806383308,1.7099462426143481,0.8456093140782388,0.5891474400777957
141.027,15.9668,7.4844,18.0,49.2976,47.3077,14.370178489702724,1.3306806060005272,1.5534441065553406,1.7099462426143481,0.8476516716410128,1.7847201132762842
141.077,16.4034,8.7318,18.0,49.3774,49.445,-2.2427917620134523,1.4419322331414595,1.8133958638214798,1.7099462426143481,0.849254229492629,1.9800986657644621
141.127,15.9668,-8.7318,18.0,49.4791,34.1865,-7.837537757437058,1.3306806060005272,-1.82592873790447,1.7099462426143481,0.851296587055403,0.5852623568041576
141.177,16.0915,2.4948,18.0,49.5745,43.5927,12.200787185354441,1.3624558645998728,0.5136370774907836,1.7099462426143481,0.8532124268930494,1.4451181282982373
141.227,15.7797,-6.237,18.0,49.6855,35.7217,5.611057208237877,1.283004977420435,-1.3060252233721914,1.7099462426143481,0.8554415487167261,0.7256007060203882
141.277,16.2786,9.9792,18.0,49.7716,50.132,-4.8525858123568755,1.4101314931799653,2.073347621087619,1.7099462426143481,0.8571706242934699,2.0428998942112773
141.327,15.9668,-6.237,18.0,49.8733,36.2051,-5.753780320366044,1.3306806060005272,-1.3060252233721914,1.7099462426143481,0.859212981856244,0.7697901002433731
141.377,15.842,-2.4948,18.0,49.9812,38.9108,-2.8707734553774342,1.2988798660390335,-0.5261699515737737,1.7099462426143481,0.8613798489262864,1.0171282135018125
141.427,16.5281,13.7214,18.0,50.0547,53.8046,7.743748283752461,1.4737074917408042,2.8532028928860367,1.7099462426143481,0.8628558890527749,2.3786259372880947
141.477,16.0915,-8.7318,18.0,50.1502,34.5087,2.33658123569763,1.3624558645998728,-1.82592873790447,1.7099462426143481,0.8647737371082805,0.6147158587045412
141.527,15.7173,-7.4844,18.0,50.2643,34.5512,-7.242178489702331,1.267104607439688,-1.5659769806383308,1.7099462426143481,0.8670651136855915,0.61860094197818
141.577,16.0915,7.4844,18.0,50.3597,47.63,11.768540045766747,1.3624558645998728,1.5534441065553406,1.7099462426143481,0.8689809535232378,1.8141827565490773
141.627,16.2162,2.4948,18.0,50.4489,43.915,2.332503432494307,1.3942311231992184,0.5136370774907836,1.7099462426143481,0.8707722838536159,1.4745807715710297
141.677,16.4657,4.9896,18.0,50.5256,46.5781,-5.452022883295112,1.4578071217600572,1.033540592023062,1.7099462426143481,0.8723125869515979,1.7180246601834221
141.727,15.9044,-11.2266,18.0,50.6304,32.0067,6.275739130434381,1.3147802360197804,-2.3458322524367485,1.7099462426143481,0.8744171992680061,0.38599872104234134
141.777,16.341,8.7318,18.0,50.7134,49.2838,3.584389016018271,1.4260318631607125,1.8133958638214798,1.7099462426143481,0.8760840200911156,1.9653627734418615
141.827,16.2162,-2.4948,18.0,50.8026,39.8777,-7.5317025171619605,1.3942311231992184,-0.5261699515737737,1.7099462426143481,0.8778753504214937,1.1055161433201899
141.877,16.7152,9.9792,18.0,50.8668,51.26,-3.319331807780513,1.5213831203208967,2.073347621087619,1.7099462426143481,0.8791646262870796,2.146014574979847
141.927,16.7152,0.0,18.0,50.931,43.1854,23.426979405033748,1.5213831203208967,-0.006266437041495043,1.7099462426143481,0.8804539021526656,1.407885318478168
141.977,16.341,-7.4844,18.0,51.014,36.1626,7.176933638443848,1.4260318631607125,-1.5659769806383308,1.7099462426143481,0.8821207229757753,0.7659050169697342
142.027,16.341,0.0,18.0,51.0969,42.2186,-20.030169336384336,1.4260318631607125,-0.006266437041495043,1.7099462426143481,0.8837855355810256,1.3195065300321986
142.077,16.7152,7.4844,18.0,51.1612,49.2414,-10.887734553775509,1.5213831203208967,1.5534441065553406,1.7099462426143481,0.8850768196644707,1.9614868315406315
142.127,16.4657,-4.9896,18.0,51.2379,38.5036,-2.279491990846353,1.4578071217600572,-1.0460734661060522,1.7099462426143481,0.8866171227624527,0.9799045450541511
142.177,16.9023,8.7318,18.0,51.2928,50.7341,4.974919908466859,1.5690587489009895,1.8133958638214798,1.7099462426143481,0.8877196343671361,2.097940097483224
142.227,16.9023,0.0,18.0,51.3477,43.6688,-3.2133089244853146,1.5690587489009895,-0.006266437041495043,1.7099462426143481,0.8888221459718194,1.4520747127011522
142.277,16.4657,-8.7318,18.0,51.4244,35.4756,-3.853524027460079,1.4578071217600572,-1.82592873790447,1.7099462426143481,0.8903624490698013,0.7031037885229193
142.327,16.8399,7.4844,18.0,51.4824,49.5636,4.779185354690905,1.5531583789202423,1.5534441065553406,1.7099462426143481,0.8915272154281189,1.9909403334410158
142.377,17.4013,11.2266,18.0,51.5123,54.0418,-1.060228832951774,1.696210746022668,2.3332993783537583,1.7099462426143481,0.8921276725680103,2.4003092726412016
142.427,16.9647,-8.7318,18.0,51.5641,36.7647,-1.7167551487409753,1.5849591188817365,-1.82592873790447,1.7099462426143481,0.8931679294190593,0.820945220241681
142.477,16.4034,-11.2266,18.0,51.6439,33.2958,-3.588466819222109,1.4419322331414595,-2.3458322524367485,1.7099462426143481,0.8947704872706755,0.503840152761103
142.527,16.5905,3.7422,18.0,51.7144,45.8911,-0.18350114416522179,1.4896078617215514,0.7735888347569227,1.7099462426143481,0.896186280861389,1.6552234317366072
142.577,16.6528,1.2474,18.0,51.7817,44.0336,-2.691350114416281,1.5054827503401498,0.25368532022464424,1.7099462426143481,0.8975378114806092,1.4854224392475834
142.627,16.9023,4.9896,18.0,51.8366,47.7061,-2.964562929061717,1.5690587489009895,1.033540592023062,1.7099462426143481,0.8986403230852925,1.821139340951992
142.677,17.0894,3.7422,18.0,51.8822,47.1802,-1.4516979405033588,1.616734377481082,0.7735888347569227,1.7099462426143481,0.8995560704290732,1.773064863455369
142.727,16.9647,-2.4948,18.0,51.9339,41.8113,-2.9441739130430364,1.5849591188817365,-0.5261699515737737,1.7099462426143481,0.9005943190622632,1.282273720212129
142.777,16.9647,0.0,18.0,51.9857,43.83,2.136768878718054,1.5849591188817365,-0.006266437041495043,1.7099462426143481,0.9016345759133123,1.4668106050237528
142.827,16.8399,-2.4948,18.0,52.0437,41.4891,-1.4027643020596547,1.5531583789202423,-0.5261699515737737,1.7099462426143481,0.9027993422716298,1.2528202183117447
142.877,16.5281,-6.237,18.0,52.1173,37.6554,1.7738443935933235,1.4737074917408042,-1.3060252233721914,1.7099462426143481,0.9042773906159776,0.9023674242847355
142.927,16.9023,7.4844,18.0,52.1722,49.7247,-2.8952402745991113,1.5690587489009895,1.5534441065553406,1.7099462426143481,0.9053799022206608,2.0056670843912077
142.977,17.0894,3.7422,18.0,52.2177,47.1802,-9.941684210526565,1.616734377481082,0.7735888347569227,1.7099462426143481,0.9062936413465824,1.773064863455369
143.027,16.8399,-4.9896,18.0,52.2757,39.4704,-9.354480549199044,1.5531583789202423,-1.0460734661060522,1.7099462426143481,0.9074584077048999,1.0682833335001203
143.077,16.4034,-8.7318,18.0,52.3555,35.3144,3.7882791762013546,1.4419322331414595,-1.82592873790447,1.7099462426143481,0.9090609655565162,0.6883678962003186
143.127,16.9023,9.9792,18.0,52.4104,51.7434,18.125835240274085,1.5690587489009895,2.073347621087619,1.7099462426143481,0.9101634771611995,2.190203969202832
143.177,16.341,-11.2266,18.0,52.4934,33.1347,10.076251716247159,1.4260318631607125,-2.3458322524367485,1.7099462426143481,0.911830297984309,0.4891134018109113
143.227,16.8399,9.9792,18.0,52.5514,51.5823,11.385226544622155,1.5531583789202423,2.073347621087619,1.7099462426143481,0.9129950643426266,2.1754772182526394
143.277,16.9023,1.2474,18.0,52.6063,44.6781,9.395258581235323,1.5690587489009895,0.25368532022464424,1.7099462426143481,0.9140975759473099,1.5443385844207602
143.327,16.1539,-14.9688,18.0,52.6986,29.6233,-4.828118993134824,1.3783562345806197,-3.1256875242351665,1.7099462426143481,0.9159511610313221,0.16812325105669448
143.377,16.4657,6.237,18.0,52.7753,47.5875,-11.60542791761998,1.4578071217600572,1.2934923492892014,1.7099462426143481,0.9174914641293042,1.8102976732754383
143.427,16.7776,6.237,18.0,52.8364,48.3932,-3.392732265446068,1.537283490301644,1.2934923492892014,1.7099462426143481,0.9187184852412558,1.8839497107712158
143.477,17.2142,8.7318,18.0,52.8757,51.5398,4.2490709382154535,1.6485351174425762,1.8133958638214798,1.7099462426143481,0.919507714859909,2.1715921349790013
143.527,16.9023,-6.237,18.0,52.9306,38.6222,4.522283752860352,1.5690587489009895,-1.3060252233721914,1.7099462426143481,0.9206102264645922,0.9907462127307047
143.577,17.7131,16.2162,18.0,52.9449,58.8849,1.6596659038895545,1.7756616332021062,3.373106407418316,1.7099462426143481,0.9208974016184532,2.8430350797602273
143.627,17.2142,-9.9792,18.0,52.9842,36.3999,-0.8522608695652589,1.6485351174425762,-2.0858804951706094,1.7099462426143481,0.9216866312371065,0.7875974936952503
143.677,17.0894,-2.4948,18.0,53.0297,42.1336,-15.891199084667695,1.616734377481082,-0.5261699515737737,1.7099462426143481,0.9226003703630279,1.3117363634849215
143.727,17.2765,3.7422,18.0,53.0659,47.6637,-10.622677345537483,1.664410006061174,0.7735888347569227,1.7099462426143481,0.9233273452280468,1.817263399050762
143.777,16.7152,-11.2266,18.0,53.1302,34.1015,15.793331807780046,1.5213831203208967,-2.3458322524367485,1.7099462426143481,0.924618629311492,0.5774921902568805
143.827,16.5905,-2.4948,18.0,53.2006,40.8445,-15.862654462242553,1.4896078617215514,-0.5261699515737737,1.7099462426143481,0.9260324146843464,1.1938949317661591
143.877,16.8399,4.9896,18.0,53.2586,47.545,-18.537693363844234,1.5531583789202423,1.033540592023062,1.7099462426143481,0.9271971810426639,1.8064125900018002
143.927,16.8399,0.0,18.0,53.3166,43.5077,13.354805491990502,1.5531583789202423,-0.006266437041495043,1.7099462426143481,0.9283619474009814,1.4373479617509604
143.977,17.0271,3.7422,18.0,53.3653,47.0191,12.983725400457567,1.6008594888624836,0.7735888347569227,1.7099462426143481,0.9293399494983963,1.7583381125051771
144.027,17.2765,4.9896,18.0,53.4015,48.673,0.6279816933638566,1.664410006061174,1.033540592023062,1.7099462426143481,0.9300669243634152,1.90952727077037
144.077,17.0271,-4.9896,18.0,53.4501,39.9538,4.999386727689019,1.6008594888624836,-1.0460734661060522,1.7099462426143481,0.9310429182429709,1.1124727277231052
144.127,16.4657,-11.2266,18.0,53.5268,33.457,10.043629290617874,1.4578071217600572,-2.3458322524367485,1.7099462426143481,0.932583221340953,0.5185760450837038
144.178,16.7152,4.9896,18.0,53.5911,47.2227,-8.489986270022856,1.5213831203208967,1.033540592023062,1.7099462426143481,0.933874505424398,1.7769499467290077
144.227,17.1518,8.7318,18.0,53.6335,51.3787,-1.1377070938212885,1.6326347474618292,1.8133958638214798,1.7099462426143481,0.9347259897966853,2.1568653840288095
144.278,17.2765,2.4948,18.0,53.6697,46.6543,2.9441739130431523,1.664410006061174,0.5136370774907836,1.7099462426143481,0.9354529646617041,1.7249903859587457
144.327,16.5905,-13.7214,18.0,53.7401,31.7605,-8.96708924485154,1.4896078617215514,-2.865735766969027,1.7099462426143481,0.9368667500345585,0.3634926621724636
144.378,17.526,18.711,18.0,53.7638,60.4201,-10.165963386727372,1.7279860046220135,3.893009921950594,1.7099462426143481,0.9373426976671815,2.983373428976458
144.428,17.1518,-7.4844,18.0,53.8062,38.2574,-6.887409610983616,1.6326347474618292,-1.5659769806383308,1.7099462426143481,0.9381941820394687,0.9573984861842734
144.478,16.9023,-4.9896,18.0,53.8611,39.6315,3.3601098398168925,1.5690587489009895,-1.0460734661060522,1.7099462426143481,0.9392966936441521,1.0830100844503128
144.528,16.7152,-3.7422,18.0,53.9254,40.1575,5.354155606407498,1.5213831203208967,-0.7861217088399128,1.7099462426143481,0.9405879777275973,1.1310937033193442
144.577,16.7776,1.2474,18.0,53.9865,44.3559,10.79802288329486,1.537283490301644,0.25368532022464424,1.7099462426143481,0.941814998839549,1.514885082520376
144.628,16.8399,1.2474,18.0,54.0445,44.517,-8.082205949657066,1.5531583789202423,0.25368532022464424,1.7099462426143481,0.9429797651978665,1.5296118334705684
144.678,16.5905,-4.9896,18.0,54.115,38.8258,-23.66349199084609,1.4896078617215514,-1.0460734661060522,1.7099462426143481,0.9443955587885801,1.0093580469545353
144.728,16.9647,7.4844,18.0,54.1667,49.8859,9.717405034325019,1.5849591188817365,1.5534441065553406,1.7099462426143481,0.94543380742177,2.0204029767138083
144.778,16.9023,-1.2474,18.0,54.2216,42.6595,24.29147368421006,1.5690587489009895,-0.2662181943076343,1.7099462426143481,0.9465363190264534,1.3598108409815446
144.827,16.4657,-8.7318,18.0,54.2983,35.4756,-3.3845766590391277,1.4578071217600572,-1.82592873790447,1.7099462426143481,0.9480766221244352,0.7031037885229193
144.878,16.4657,0.0,18.0,54.375,42.5409,5.350077803203672,1.4578071217600572,-0.006266437041495043,1.7099462426143481,0.9496169252224173,1.348969173304991
144.928,16.7776,6.237,18.0,54.4362,48.3932,9.268846681922426,1.537283490301644,1.2934923492892014,1.7099462426143481,0.9508459545522282,1.8839497107712158
144.978,16.9647,3.7422,18.0,54.4879,46.8579,-15.919743707093419,1.5849591188817365,0.7735888347569227,1.7099462426143481,0.9518842031854182,1.7436022201825765
145.028,16.7152,-4.9896,18.0,54.5522,39.1481,-4.5549061784897225,1.5213831203208967,-1.0460734661060522,1.7099462426143481,0.9531754872688633,1.0388206902273278
145.077,17.2142,9.9792,18.0,54.5915,52.5491,3.213308924484958,1.6485351174425762,2.073347621087619,1.7099462426143481,0.9539647168875164,2.2638560066986093
145.128,16.2162,-19.9584,18.0,54.6806,25.7471,11.169102974828062,1.3942311231992184,-4.165494553299724,1.7099462426143481,0.9557540390000352,-0.1862146262439533
145.178,16.8399,12.474,18.0,54.7387,53.6009,-3.7760457665903484,1.5531583789202423,2.593251135619898,1.7099462426143481,0.956920813576212,2.3600049616918555
145.228,17.3389,9.9792,18.0,54.7717,52.8714,2.7973729977116757,1.680310376041921,2.073347621087619,1.7099462426143481,0.9575835254697375,2.293318649971402
145.278,17.0271,-6.237,18.0,54.8204,38.9445,10.537043478260758,1.6008594888624836,-1.3060252233721914,1.7099462426143481,0.9585615275671523,1.0202088560034972
145.327,16.5281,-9.9792,18.0,54.8939,34.6274,-7.890549199084691,1.4737074917408042,-2.0858804951706094,1.7099462426143481,0.9600375676936409,0.6255666677535037
145.378,16.7776,4.9896,18.0,54.9551,47.3838,-2.1123020594969555,1.537283490301644,1.033540592023062,1.7099462426143481,0.9612665970234519,1.7916766976791996
145.428,16.341,-8.7318,18.0,55.038,35.1533,-4.889286041189648,1.4260318631607125,-1.82592873790447,1.7099462426143481,0.9629314096287022,0.6736411452501269
145.478,16.8399,9.9792,18.0,55.096,51.5823,7.592869565217406,1.5531583789202423,2.073347621087619,1.7099462426143481,0.9640961759870197,2.1754772182526394
145.528,17.2142,7.4844,18.0,55.1353,50.5305,-4.84443020594952,1.6485351174425762,1.5534441065553406,1.7099462426143481,0.9648854056056729,2.0793282632593937
145.577,17.1518,-1.2474,18.0,55.1777,43.3041,-7.115766590388472,1.6326347474618292,-0.2662181943076343,1.7099462426143481,0.9657368899779601,1.4187361275271295
145.628,17.2142,1.2474,18.0,55.217,45.4839,-2.821839816933883,1.6485351174425762,0.25368532022464424,1.7099462426143481,0.9665261195966133,1.6179997632889458
145.678,16.7152,-9.9792,18.0,55.2813,35.1108,-1.590343249428287,1.5213831203208967,-2.0858804951706094,1.7099462426143481,0.9678174036800584,0.669756061976488
145.728,17.4013,13.7214,18.0,55.3112,56.0605,14.052109839817197,1.696210746022668,2.8532028928860367,1.7099462426143481,0.9684178608199496,2.5848461574528256
145.778,16.7776,-12.474,18.0,55.3723,33.2533,8.52260869565213,1.537283490301644,-2.6057840097028877,1.7099462426143481,0.9696448819319015,0.4999550694874649
145.828,17.1518,7.4844,18.0,55.4147,50.3693,-10.247519450801068,1.6326347474618292,1.5534441065553406,1.7099462426143481,0.9704963663041888,2.064592370936793
145.878,16.9023,-4.9896,18.0,55.4696,39.6315,-7.405290617848955,1.5690587489009895,-1.0460734661060522,1.7099462426143481,0.971598877908872,1.0830100844503128
145.928,16.5905,-6.237,18.0,55.5401,37.8165,-1.4313089244854083,1.4896078617215514,-1.3060252233721914,1.7099462426143481,0.9730146714995856,0.9170941752349273
145.978,17.1518,11.2266,18.0,55.5825,53.3973,-13.473117685517755,1.6326347474618292,2.3332993783537583,1.7099462426143481,0.973866155871873,2.341393127468025
146.028,16.341,-16.2162,18.0,55.6654,29.0974,2.303933965348701,1.4260318631607125,-3.3856392815013057,1.7099462426143481,0.9755309684771233,0.12004877356007135
146.078,17.2765,18.711,18.0,55.7016,59.7755,11.059061131088534,1.664410006061174,3.893009921950594,1.7099462426143481,0.9762579433421422,2.924448142430873
146.128,17.2142,-1.2474,18.0,55.7409,43.4652,13.74224910101303,1.6485351174425762,-0.2662181943076343,1.7099462426143481,0.9770471729607954,1.433462878477322
146.178,17.2142,0.0,18.0,55.7802,44.4745,1.1418306636152886,1.6485351174425762,-0.006266437041495043,1.7099462426143481,0.9778364025794484,1.5257267501969296
146.228,16.8399,-7.4844,18.0,55.8382,37.4517,5.75789735207583,1.5531583789202423,-1.5659769806383308,1.7099462426143481,0.9790011689377659,0.8837464486884966
146.278,17.3389,9.9792,18.0,55.8713,52.8714,2.5160372670808187,1.680310376041921,2.073347621087619,1.7099462426143481,0.9796658890491505,2.293318649971402
146.328,16.7152,-12.474,18.0,55.9355,33.0921,1.0847218045111484,1.5213831203208967,-2.6057840097028877,1.7099462426143481,0.9809551649147364,0.4852191771648642
146.378,17.3389,12.474,18.0,55.9685,54.8901,6.6223720169989235,1.680310376041921,2.593251135619898,1.7099462426143481,0.981617876808262,2.477855534783026
146.428,16.8399,-9.9792,18.0,56.0266,35.4331,-19.043327884929337,1.5531583789202423,-2.0858804951706094,1.7099462426143481,0.9827846513844388,0.6992187052492811
146.478,16.9023,1.2474,18.0,56.0814,44.6781,-0.3792291598559183,1.5690587489009895,0.25368532022464424,1.7099462426143481,0.9838851547712629,1.5443385844207602
146.528,17.4636,11.2267,18.0,56.1083,54.2031,16.307135011440728,1.7120856346412665,2.333320217840472,1.7099462426143481,0.9844253653753792,2.4150543063362107
146.578,17.7755,6.237,18.0,56.1195,50.9714,0.2772840797645659,1.7915620031828532,1.2934923492892014,1.7099462426143481,0.984650285775606,2.11963257420874
146.628,17.6508,-2.4948,18.0,56.1369,43.5838,3.7597214776076027,1.7597867445835076,-0.5261699515737737,1.7099462426143481,0.9849997156831012,1.444304546153875
146.678,17.4636,-3.7422,18.0,56.1638,42.0911,0.1916371363191538,1.7120856346412665,-0.7861217088399128,1.7099462426143481,0.9855399262872175,1.3078512802112827
146.728,17.526,1.2474,18.0,56.1875,46.2895,1.7778960444586578,1.7279860046220135,0.25368532022464424,1.7099462426143481,0.9860158739198404,1.6916426594123144
146.778,17.526,0.0,18.0,56.2112,45.2802,9.745916966328522,1.7279860046220135,-0.006266437041495043,1.7099462426143481,0.9864918215524632,1.599378787692707
146.828,17.7755,4.9896,18.0,56.2224,49.9621,-3.5925838509317254,1.7915620031828532,1.033540592023062,1.7099462426143481,0.98671674195269,2.027368702489132
146.878,17.526,-4.9896,18.0,56.2461,41.2429,-2.658773455377643,1.7279860046220135,-1.0460734661060522,1.7099462426143481,0.9871926895853128,1.230314159441867
146.928,17.6508,2.4948,18.0,56.2635,47.6212,-12.759498528930568,1.7597867445835076,0.5136370774907836,1.7099462426143481,0.9875421194928081,1.813378315777124
146.978,18.5239,17.4636,18.0,56.2374,61.989,-16.902553121935167,1.982264517503223,3.6330581646844546,1.7099462426143481,0.9870179746315653,3.1267924206943745
147.028,18.3992,-2.4948,18.0,56.2174,45.5175,6.650921869892068,1.9504892589038774,-0.5261699515737737,1.7099462426143481,0.9866163310597316,1.6210712644182224
147.078,17.4013,-19.9584,18.0,56.2473,28.8087,11.079447204969076,1.696210746022668,-4.165494553299724,1.7099462426143481,0.9872167881996229,0.09365763141655539
147.128,18.3368,18.711,18.0,56.2305,62.5149,4.901519450800893,1.9345888889231302,3.893009921950594,1.7099462426143481,0.9868794075992826,3.174866898190997
147.178,18.1497,-3.7422,18.0,56.223,43.8636,-5.0483203661327725,1.8869132603430376,-0.7861217088399128,1.7099462426143481,0.986728791259845,1.4698821061530294
147.228,18.7734,12.474,18.0,56.1843,58.5963,-7.605102974828246,2.045840516064062,2.593251135619898,1.7099462426143481,0.9859516109483469,2.8166530789891198
147.278,18.025,-14.9688,18.0,56.1831,34.4574,-4.355093821510169,1.855138001743692,-3.1256875242351665,1.7099462426143481,0.985927512334037,0.6100263346589495
147.328,18.2745,4.9896,18.0,56.1694,51.2512,6.557107551487249,1.9187140003045318,1.033540592023062,1.7099462426143481,0.9856523864873309,2.1452101342078937
147.378,17.9626,-6.237,18.0,56.1712,41.3616,11.756306636154989,1.839237631762945,-1.3060252233721914,1.7099462426143481,0.9856885344087959,1.2411649684908295
147.428,18.0873,2.4948,18.0,56.1669,48.7491,0.8726498855831233,1.8710128903622905,0.5136370774907836,1.7099462426143481,0.9856021810408516,1.9164838551732848
147.478,18.6487,11.2266,18.0,56.1344,57.2646,6.589729977117016,2.014065257464717,2.3332993783537583,1.7099462426143481,0.984949510236622,2.694917422624311
147.528,18.5863,-1.2474,18.0,56.1051,47.0103,-0.08155606407256766,1.99816488748397,-0.2662181943076343,1.7099462426143481,0.9843611024038857,1.7575336717332237
147.578,18.5863,0.0,18.0,56.0758,48.0196,-14.459890160183368,1.99816488748397,-0.006266437041495043,1.7099462426143481,0.9837726945711495,1.849797543452831
147.628,18.711,2.4948,18.0,56.0402,50.3605,8.053661327230444,2.0299401460833146,0.5136370774907836,1.7099462426143481,0.9830577690132856,2.06378793016484
147.678,18.6487,-1.2474,18.0,56.0078,47.1714,-4.656851258580721,2.014065257464717,-0.2662181943076343,1.7099462426143481,0.9824071064269152,1.7722604226834153
147.728,18.8982,4.9896,18.0,55.9629,52.8626,-16.84540503432393,2.0776412560255557,1.033540592023062,1.7099462426143481,0.9815054166081486,2.2925142091994486
147.778,19.1476,4.9896,18.0,55.9055,53.5072,1.0928512585811245,2.141191773224247,1.033540592023062,1.7099462426143481,0.9803526995569861,2.3514394957450335
147.828,19.4595,6.237,18.0,55.8325,55.3222,4.440727688786454,2.2206681417658327,1.2934923492892014,1.7099462426143481,0.9788867005197934,2.5173554049604188
147.878,19.21,-4.9896,18.0,55.772,45.5937,-7.980260869565248,2.157092143204994,-1.0460734661060522,1.7099462426143481,0.9776717287149965,1.628036990193546
147.928,18.6487,-11.2266,18.0,55.7396,39.0968,-23.93670480549151,2.014065257464717,-2.3458322524367485,1.7099462426143481,0.9770210661286262,1.0341311661817363
147.978,18.5239,-2.4948,18.0,55.7134,45.8398,-3.2540869565213413,1.982264517503223,-0.5261699515737737,1.7099462426143481,0.9764949130495241,1.6505339076910148
148.028,18.6487,2.4948,18.0,55.681,50.1993,8.66533180778022,2.014065257464717,0.5136370774907836,1.7099462426143481,0.9758442504631535,2.049052037842239
148.078,19.2724,12.474,18.0,55.6174,59.8853,0.5749702517160715,2.1729925131857413,2.593251135619898,1.7099462426143481,0.9745670239047227,2.934485369335473
148.128,18.5239,-14.9688,18.0,55.5912,35.7466,0.7829382151029329,1.982264517503223,-3.1256875242351665,1.7099462426143481,0.9740408708256205,0.7278769077501202
148.178,17.9626,-11.2266,18.0,55.593,37.3243,5.684457665903589,1.839237631762945,-2.3458322524367485,1.7099462426143481,0.9740770187470856,0.8721003402399895
148.228,18.7734,16.2162,18.0,55.5544,61.6242,6.989354691075229,2.045840516064062,3.373106407418316,1.7099462426143481,0.9733018466534467,3.093444694147943
148.278,19.3971,12.474,18.0,55.4845,60.2076,-0.7380823798623315,2.204767771785086,2.593251135619898,1.7099462426143481,0.971898102369888,2.9639480126082653
148.328,18.7734,-12.474,18.0,55.4458,38.4098,-1.451697940502746,2.045840516064062,-2.6057840097028877,1.7099462426143481,0.97112092205839,0.9713299377349206
148.378,18.3368,-8.7318,18.0,55.429,40.3097,7.939482837528676,1.9345888889231302,-1.82592873790447,1.7099462426143481,0.9707835414580498,1.1450068721251743
148.428,18.5239,3.7422,18.0,55.4028,50.8864,0.22835697940463945,1.982264517503223,0.7735888347569227,1.7099462426143481,0.9702573883789477,2.1118624076614627
148.478,19.0853,11.2266,18.0,55.3485,58.3926,-0.6565263157899792,2.1253168846056485,2.3332993783537583,1.7099462426143481,0.9691669260814194,2.7980321033928806
148.528,19.0853,0.0,18.0,55.2943,49.3087,-5.717080091533045,2.1253168846056485,-0.006266437041495043,1.7099462426143481,0.9680784720017502,1.9676389751715935
148.578,18.9605,-2.4948,18.0,55.2463,46.9678,8.481830663615808,2.093516144644154,-0.5261699515737737,1.7099462426143481,0.9671145274293494,1.7536485884595847
148.628,18.9605,0.0,18.0,55.1982,48.9864,12.213020594965126,2.093516144644154,-0.006266437041495043,1.7099462426143481,0.9661485746390897,1.938176331898801
148.678,18.9605,0.0,18.0,55.1502,48.9864,-33.88246681922176,2.093516144644154,-0.006266437041495043,1.7099462426143481,0.9651846300666889,1.938176331898801
148.728,18.4616,-9.9792,18.0,55.1271,39.6227,-22.097615560639873,1.9663896288846243,-2.0858804951706094,1.7099462426143481,0.9647207317412211,1.0822056436783594
148.778,18.2745,-3.7422,18.0,55.1134,44.1859,25.783949656750664,1.9187140003045318,-0.7861217088399128,1.7099462426143481,0.964445605894515,1.4993447494258219
148.828,18.711,8.7318,18.0,55.0778,55.4071,18.647794050342668,2.0299401460833146,1.8133958638214798,1.7099462426143481,0.9637306803366512,2.525116430135287
148.878,19.21,9.9792,18.0,55.0173,57.7056,-16.841327231121394,2.157092143204994,2.073347621087619,1.7099462426143481,0.9625157085318544,2.735230874946065
148.928,18.9605,-4.9896,18.0,54.9693,44.9491,-16.32344622425594,2.093516144644154,-1.0460734661060522,1.7099462426143481,0.9615517639594536,1.569111703647961
148.978,18.9605,0.0,18.0,54.9213,48.9864,22.913176201372554,2.093516144644154,-0.006266437041495043,1.7099462426143481,0.9605878193870531,1.938176331898801
149.028,18.3368,-12.474,18.0,54.9045,37.2818,27.00321281464465,1.9345888889231302,-2.6057840097028877,1.7099462426143481,0.9602504387867127,0.8682152569663507
149.078,19.0853,14.9688,18.0,54.8502,61.4206,-13.281405034324404,2.1253168846056485,3.1131546501521763,1.7099462426143481,0.9591599764891844,3.074832859924113
149.128,18.4616,-12.474,18.0,54.8271,37.6041,-11.336292906177983,1.9663896288846243,-2.6057840097028877,1.7099462426143481,0.9586960781637166,0.8976779002391438
149.178,18.025,-8.7318,18.0,54.8259,39.504,4.689473684210487,1.855138001743692,-1.82592873790447,1.7099462426143481,0.9586719795494065,1.0713548346293968
149.228,18.9605,18.711,18.0,54.7778,64.1263,-5.011620137299878,2.093516144644154,3.893009921950594,1.7099462426143481,0.9577060267591466,3.3221709731825517
149.278,19.4595,9.9792,18.0,54.7049,58.3502,-14.541446224256315,2.2206681417658327,2.073347621087619,1.7099462426143481,0.9562420359398132,2.794156161491651
149.328,18.9605,-9.9792,18.0,54.6568,40.9118,-1.2478077803202696,2.093516144644154,-2.0858804951706094,1.7099462426143481,0.9552760831495531,1.200047075397121
149.378,18.6487,-6.237,18.0,54.6244,43.1341,19.50407682249094,2.014065257464717,-1.3060252233721914,1.7099462426143481,0.9546254205631827,1.4031957944325755
149.428,19.1476,9.9792,18.0,54.567,57.5445,7.054574697613681,2.141191773224247,2.073347621087619,1.7099462426143481,0.9534727035120202,2.720504123995873
149.478,19.5219,7.4844,18.0,54.4909,56.4926,10.21495586793024,2.23656851174658,1.5534441065553406,1.7099462426143481,0.9519444497211933,2.6243460276302186
149.528,18.3992,-22.4532,18.0,54.471,29.3683,-9.896776070611345,1.9504892589038774,-4.6853980678320015,1.7099462426143481,0.9515448143672186,0.14481275141486363
149.578,18.0873,-6.237,18.0,54.4666,41.6839,-1.1254279176200144,1.8710128903622905,-1.3060252233721914,1.7099462426143481,0.9514564527814153,1.270627611763622
149.628,19.0229,18.711,18.0,54.4155,64.2874,2.4548767571101697,2.1094165146249013,3.893009921950594,1.7099462426143481,0.9504302534553805,3.336897724132744
149.678,18.8982,-2.4948,18.0,54.3705,46.8066,-21.43290094802233,2.0776412560255557,-0.5261699515737737,1.7099462426143481,0.9495265554187547,1.7389126961369847
149.728,19.0229,2.4948,18.0,54.3194,51.1662,2.4997195161817807,2.1094165146249013,0.5136370774907836,1.7099462426143481,0.9485003560927198,2.137439967660617
149.778,18.9605,-1.2474,18.0,54.2714,47.9771,19.61425302386432,2.093516144644154,-0.2662181943076343,1.7099462426143481,0.9475364115203191,1.8459124601791927
149.828,19.3347,7.4844,18.0,54.2046,56.0092,10.851047401111206,2.1888674018043397,1.5534441065553406,1.7099462426143481,0.9461949219903947,2.580156633407234
149.878,19.2724,-1.2474,18.0,54.141,48.7828,-11.271041516835673,2.1729925131857413,-0.2662181943076343,1.7099462426143481,0.9449176954319637,1.9195644976749702
149.928,19.1476,-2.4947,18.0,54.0836,47.4512,5.170654462242436,2.141191773224247,-0.52614911208706,1.7099462426143481,0.9437649783808012,1.7978379826825697
149.978,19.5219,7.4844,18.0,54.0075,56.4926,12.2252474664926,2.23656851174658,1.5534441065553406,1.7099462426143481,0.9422367245899743,2.6243460276302186
150.028,18.5863,-18.711,18.0,53.9782,32.8797,-15.250997057861856,1.99816488748397,-3.905542796033584,1.7099462426143481,0.941648316757238,0.4658029021690801
150.078,19.6466,21.2058,18.0,53.8959,67.9175,-24.336349133704143,2.2683437703459255,4.412913436482873,1.7099462426143481,0.9399955534591425,3.668738683935923
150.128,18.7734,-17.4636,18.0,53.8572,34.3724,10.512550506701194,2.045840516064062,-3.645591038767445,1.7099462426143481,0.9392183731476444,0.6022561681116725
150.178,19.6466,17.4636,18.0,53.7749,64.8895,-4.701739784242602,2.2683437703459255,3.6330581646844546,1.7099462426143481,0.9375656098495492,3.3919379274046904
150.228,19.0229,-12.474,18.0,53.7238,39.0543,-11.63808957175505,2.1094165146249013,-2.6057840097028877,1.7099462426143481,0.9365394105235141,1.0302460829080973
150.278,19.6466,12.474,18.0,53.6414,60.8522,-0.6973501144164218,2.2683437703459255,2.593251135619898,1.7099462426143481,0.9348846390075596,3.0228732991538516
150.328,19.21,-8.7318,18.0,53.5809,42.5657,16.384560967636038,2.157092143204994,-1.82592873790447,1.7099462426143481,0.9336696672027629,1.351236233662314
150.378,19.2724,1.2474,18.0,53.5173,50.8014,14.325263811702861,2.1729925131857413,0.25368532022464424,1.7099462426143481,0.9323924406443319,2.104092241114186
150.428,19.2724,0.0,18.0,53.4537,49.7921,-0.3914442628310888,2.1729925131857413,-0.006266437041495043,1.7099462426143481,0.9311152140859009,2.0118283693945775
150.478,18.9605,-6.237,18.0,53.4057,43.9398,9.941740111147235,2.093516144644154,-1.3060252233721914,1.7099462426143481,0.9301512695135004,1.476847831928353
150.528,19.3347,7.4844,18.0,53.3389,56.0092,-19.137130434782296,2.1888674018043397,1.5534441065553406,1.7099462426143481,0.928809779983576,2.580156633407234
150.578,19.4595,2.4948,18.0,53.266,52.2942,3.2133089244849633,2.2206681417658327,0.5136370774907836,1.7099462426143481,0.9273457891642423,2.2405546484291863
150.628,19.3347,-2.4948,18.0,53.1992,47.9346,3.1602974828374286,2.1888674018043397,-0.5261699515737737,1.7099462426143481,0.926004299634318,1.8420273769055546
150.678,18.6487,-13.7214,18.0,53.1668,37.0781,-12.143697940503015,2.014065257464717,-2.865735766969027,1.7099462426143481,0.9253536370479475,0.8495942813701118
150.728,20.0208,27.4428,18.0,53.0657,73.9309,4.06964759725397,2.3636950275061106,5.712672222813569,1.7099462426143481,0.9233233287923285,4.218445972352338
150.778,19.5219,-9.9792,18.0,52.9896,42.3621,1.2070297482836427,2.23656851174658,-2.0858804951706094,1.7099462426143481,0.9217950750015016,1.3326243994384834
150.828,20.4574,18.711,18.0,52.8668,67.9936,10.871423340960712,2.4749466546470424,3.893009921950594,1.7099462426143481,0.9193289834704429,3.6756952683388375
150.878,19.0229,-28.6902,18.0,52.8156,25.9331,-7.8212265446225935,2.1094165146249013,-5.985156854162699,1.7099462426143481,0.9183007759265489,-0.16921167356402955
150.928,19.9584,18.711,18.0,52.7177,66.7045,-32.247267734552594,2.347794657525364,3.893009921950594,1.7099462426143481,0.9163347306424233,3.557853836620075
150.978,18.8982,-21.2058,18.0,52.6728,31.6668,-7.380767898006022,2.0776412560255557,-4.425446310565863,1.7099462426143481,0.9154330408236568,0.3549271962256417
151.028,19.3971,9.9792,18.0,52.6029,58.189,-3.5191193200392945,2.204767771785086,2.073347621087619,1.7099462426143481,0.9140292965400981,2.77942026916905
151.078,19.4595,1.2474,18.0,52.53,51.2849,-1.684191565870936,2.2206681417658327,0.25368532022464424,1.7099462426143481,0.9125653057207647,2.148290776709579
151.128,19.0229,-8.7318,18.0,52.4788,42.0823,-4.175722785223868,2.1094165146249013,-1.82592873790447,1.7099462426143481,0.9115370981768705,1.307046839439329
151.178,19.0229,0.0,18.0,52.4277,49.1476,-24.20588558352387,2.1094165146249013,-0.006266437041495043,1.7099462426143481,0.9105108988508356,1.952912224221401
151.228,19.5219,9.9792,18.0,52.3516,58.5112,8.086244524354367,2.23656851174658,2.073347621087619,1.7099462426143481,0.9089826450600086,2.8088737710694343
151.278,18.7734,-14.9688,18.0,52.3129,36.3911,19.084086302713228,2.045840516064062,-3.1256875242351665,1.7099462426143481,0.9082054647485105,0.7867930529232968
151.328,19.1476,7.4844,18.0,52.2555,55.5258,17.122669499836423,2.141191773224247,1.5534441065553406,1.7099462426143481,0.9070527476973479,2.5359672391842487
151.378,17.6508,-29.9376,18.0,52.273,21.3787,-4.367346845374211,1.7597867445835076,-6.245108611428837,1.7099462426143481,0.9074041858227024,-0.5855463385395392
151.428,18.3368,13.7214,18.0,52.2562,58.4776,-1.802402092187077,1.9345888889231302,2.8532028928860367,1.7099462426143481,0.9070668052223622,2.8058022699401577
151.478,19.1476,16.2162,18.0,52.1988,62.5911,5.517261196469289,2.141191773224247,3.373106407418316,1.7099462426143481,0.9059140881711996,3.1818326239663204
151.528,18.025,-22.4533,18.0,52.1975,28.4014,-11.972430205949474,1.855138001743692,-4.685418907318716,1.7099462426143481,0.9058879813390304,0.05642482159648552
151.578,18.7734,14.9688,18.0,52.1589,60.6149,23.174162144491305,2.045840516064062,3.1131546501521763,1.7099462426143481,0.9051128092453916,3.0011808224283354
151.628,18.0873,-13.7214,18.0,52.1545,35.6279,-1.480229486760407,1.8710128903622905,-2.865735766969027,1.7099462426143481,0.9050244476595881,0.7170260987011576
151.678,18.711,12.474,18.0,52.1189,58.4351,-23.369870545929217,2.0299401460833146,2.593251135619898,1.7099462426143481,0.9043095221017242,2.801917186666519
151.728,18.5863,-2.4948,18.0,52.0896,46.0009,23.757307616867955,1.99816488748397,-0.5261699515737737,1.7099462426143481,0.9037211142689879,1.6652606586412073
151.778,18.5863,0.0,18.0,52.0603,48.0196,4.583483491337019,1.99816488748397,-0.006266437041495043,1.7099462426143481,0.9031327064362517,1.849797543452831
151.828,18.2121,-7.4844,18.0,52.0497,40.9968,-3.7393063092511607,1.9028136303237848,-1.5659769806383308,1.7099462426143481,0.9029198353431799,1.2078172419443982
151.878,18.1497,-1.2474,18.0,52.0422,45.8822,-4.2775697940508595,1.8869132603430376,-0.2662181943076343,1.7099462426143481,0.9027692190037423,1.6544098495922448
151.928,18.3992,4.9896,18.0,52.0223,51.5735,-11.063027786858735,1.9504892589038774,1.033540592023062,1.7099462426143481,0.9023695836497678,2.1746727774806867
151.978,18.0873,-6.237,18.0,52.0179,41.6839,24.976603465184866,1.8710128903622905,-1.3060252233721914,1.7099462426143481,0.9022812220639643,1.270627611763622
152.028,18.0873,0.0,18.0,52.0135,46.7305,-3.1073108859103447,1.8710128903622905,-0.006266437041495043,1.7099462426143481,0.902192860478161,1.7319561117340694
152.078,18.5239,8.7318,18.0,51.9873,54.9237,6.18189375612901,1.982264517503223,1.8133958638214798,1.7099462426143481,0.901666707399059,2.4809270359123023
152.128,17.2142,-26.1954,18.0,52.0266,23.2787,4.844430205949584,1.6485351174425762,-5.4652533396304195,1.7099462426143481,0.9024559370177121,-0.41186026277687693
152.178,18.3368,22.4532,18.0,52.0098,65.5429,0.03262242562930284,1.9345888889231302,4.672865193749011,1.7099462426143481,0.9021185564173718,3.4516676547222294
152.228,18.711,7.4844,18.0,51.9742,54.3978,10.039551487414315,2.0299401460833146,1.5534441065553406,1.7099462426143481,0.901403630859508,2.432852558415679
152.278,17.8379,-17.4636,18.0,51.9823,31.9554,-9.75002745995364,1.8074623731636004,-3.645591038767445,1.7099462426143481,0.9015662965061007,0.38130919699674937
152.328,18.8358,19.9584,18.0,51.9406,64.8134,4.885208237986025,2.061740886044809,4.152961679216734,1.7099462426143481,0.9007288696588275,3.3849813430017752
152.378,18.5239,-6.237,18.0,51.9144,42.8118,9.705171624713298,1.982264517503223,-1.3060252233721914,1.7099462426143481,0.9002027165797254,1.373733151159783
152.428,18.5863,1.2474,18.0,51.885,49.0289,8.563386727688584,1.99816488748397,0.25368532022464424,1.7099462426143481,0.8996123005291299,1.9420614151724391
152.478,18.5239,-1.2474,18.0,51.8588,46.8491,-15.450796338672108,1.982264517503223,-0.2662181943076343,1.7099462426143481,0.8990861474500279,1.7427977794106229
152.528,18.5239,0.0,18.0,51.8327,47.8584,-3.3560320366133722,1.982264517503223,-0.006266437041495043,1.7099462426143481,0.898562002588785,1.8350616511302311
152.578,18.9605,8.7318,18.0,51.7846,56.0517,18.28486956521696,2.093516144644154,1.8133958638214798,1.7099462426143481,0.897596049798525,2.584041716680872
152.628,18.0873,-17.4636,18.0,51.7803,32.5999,-15.15719450800935,1.8710128903622905,-3.645591038767445,1.7099462426143481,0.8975096964305808,0.4402253421699258
152.678,18.8358,14.9688,18.0,51.7385,60.776,-9.415647597254134,2.061740886044809,3.1131546501521763,1.7099462426143481,0.8966702613654486,3.015907573378528
152.728,18.1497,-13.7214,18.0,51.731,35.789,6.373606407323394,1.8869132603430376,-2.865735766969027,1.7099462426143481,0.896519645026011,0.7317528496513501
152.778,18.8982,14.9688,18.0,51.6861,60.9372,-13.872686498855684,2.0776412560255557,3.1131546501521763,1.7099462426143481,0.8956179552072445,3.030643465701128
152.828,19.3347,8.7318,18.0,51.6193,57.0185,13.240627002287733,2.1888674018043397,1.8133958638214798,1.7099462426143481,0.8942764656773201,2.672420505126842
152.878,18.9605,-7.4844,18.0,51.5713,42.9304,1.1540183066365972,2.093516144644154,-1.5659769806383308,1.7099462426143481,0.8933125211049194,1.3845748188363367
152.928,18.5863,-7.4844,18.0,51.542,41.9636,-10.174118993134746,1.99816488748397,-1.5659769806383308,1.7099462426143481,0.8927241132721832,1.2961960303903675
152.978,18.5239,-1.2474,18.0,51.5158,46.8491,6.6835194508006435,1.982264517503223,-0.2662181943076343,1.7099462426143481,0.8921979601930811,1.7427977794106229
153.028,19.709,23.7006,18.0,51.4304,70.0972,-0.5790480549199717,2.2842441403266727,4.932816951015152,1.7099462426143481,0.8904829421413514,3.86799317832533
153.078,18.711,-19.9584,18.0,51.3948,32.1927,10.194508009153237,2.0299401460833146,-4.165494553299724,1.7099462426143481,0.8897680165834875,0.40300167372226514
153.128,18.9605,4.9896,18.0,51.3468,53.0237,-15.61798627002258,2.093516144644154,1.033540592023062,1.7099462426143481,0.8888040720110869,2.3072409601496404
153.178,18.5863,-7.4844,18.0,51.3175,41.9636,-1.178485125858253,1.99816488748397,-1.5659769806383308,1.7099462426143481,0.8882156641783506,1.2961960303903675
153.228,18.711,2.4948,18.0,51.2819,50.3605,3.3968100686496827,2.0299401460833146,0.5136370774907836,1.7099462426143481,0.8875007386204867,2.06378793016484
153.278,19.2724,11.2266,18.0,51.2183,58.876,-6.867020594965472,2.1729925131857413,2.3332993783537583,1.7099462426143481,0.8862235120620557,2.842221497615865
153.328,19.2724,0.0,18.0,51.1547,49.7921,26.72592219679621,2.1729925131857413,-0.006266437041495043,1.7099462426143481,0.8849462855036248,2.0118283693945775
153.378,18.3368,-18.711,18.0,51.1378,32.2352,19.973080091532555,1.9345888889231302,-3.905542796033584,1.7099462426143481,0.8846068966854254,0.4068867569959033
153.428,19.7713,28.6902,18.0,51.0493,74.2957,1.1580961098391152,2.300119028945271,5.9726239800797085,1.7099462426143481,0.8828296238800616,4.25179369889877
153.478,19.0229,-14.9688,18.0,50.9981,37.0357,-25.229368421052207,2.1094165146249013,-3.1256875242351665,1.7099462426143481,0.8818014163361675,0.8457183394688819
153.528,19.5219,9.9792,18.0,50.922,58.5112,-7.955794050342157,2.23656851174658,2.073347621087619,1.7099462426143481,0.8802731625453404,2.8088737710694343
153.578,19.0853,-8.7318,18.0,50.8678,42.2434,3.2703981693364748,2.1253168846056485,-1.82592873790447,1.7099462426143481,0.8791847084656714,1.3217735903895216
153.628,19.3347,4.9896,18.0,50.801,53.9906,0.4485583524020531,2.1888674018043397,1.033540592023062,1.7099462426143481,0.877843218935747,2.3956288899680183
153.678,19.8961,11.2266,18.0,50.7062,60.4874,-3.5028329519453263,2.3319197689067654,2.3332993783537583,1.7099462426143481,0.8759394284052556,2.98952557260742
153.728,19.4595,-8.7318,18.0,50.6332,43.2103,-26.371153318077283,2.2206681417658327,-1.82592873790447,1.7099462426143481,0.8744734293680628,1.4101615202078992
153.778,19.7713,6.237,18.0,50.5447,56.1279,-10.606366132722437,2.300119028945271,1.2934923492892014,1.7099462426143481,0.8726961565626989,2.5910074424561955
153.828,20.0832,6.237,18.0,50.4405,56.9335,1.0928512585815298,2.3795953974868578,1.2934923492892014,1.7099462426143481,0.8706035935534457,2.664650338579565
153.878,19.4595,-12.474,18.0,50.3675,40.1823,-11.087491010134489,2.2206681417658327,-2.6057840097028877,1.7099462426143481,0.8691375945162529,1.1333607636766672
153.928,19.0229,-8.7318,18.0,50.3164,42.0823,2.691374959136986,2.1094165146249013,-1.82592873790447,1.7099462426143481,0.8681113951902181,1.307046839439329
153.978,18.1497,-17.4636,18.0,50.3089,32.761,10.810197450147065,1.8869132603430376,-3.645591038767445,1.7099462426143481,0.8679607788507805,0.45495209312011825
154.028,19.3347,23.7006,18.0,50.2422,69.1305,-0.6769676364827815,2.1888674018043397,4.932816951015152,1.7099462426143481,0.8666212975387152,3.779623531251769
154.078,19.3347,0.0,18.0,50.1754,49.9533,0.01218764302050257,2.1888674018043397,-0.006266437041495043,1.7099462426143481,0.865279808008791,2.026564261717178
154.128,19.3971,1.2474,18.0,50.1056,51.1237,-23.26798430859688,2.204767771785086,0.25368532022464424,1.7099462426143481,0.8638780719430916,2.1335548843869785
154.178,18.2745,-22.4532,18.0,50.0919,29.046,9.199491337038546,1.9187140003045318,-4.6853980678320015,1.7099462426143481,0.8636029460963855,0.11535010814207082
154.228,18.5863,6.237,18.0,50.0626,53.0662,30.399996730956808,1.99816488748397,1.2934923492892014,1.7099462426143481,0.8630145382636493,2.311126043423279
154.278,18.7734,3.7422,18.0,50.0239,51.531,-7.804934946060427,2.045840516064062,0.7735888347569227,1.7099462426143481,0.8622373579521512,2.1707876942070476
154.328,19.3347,11.2266,18.0,49.9571,59.0372,9.309611637790564,2.1888674018043397,2.3332993783537583,1.7099462426143481,0.8608958684222268,2.8569573899384655
154.378,19.1476,-3.7422,18.0,49.8998,46.4419,8.26977835894069,2.141191773224247,-0.7861217088399128,1.7099462426143481,0.8597451595889235,1.7055741109629616
154.428,18.9605,-3.7423,18.0,49.8517,45.9584,-9.244379862700406,2.093516144644154,-0.7861425483266266,1.7099462426143481,0.8587792067986636,1.6613755753675685
154.478,19.0229,1.2474,18.0,49.8006,50.1569,-3.4742817914361144,2.1094165146249013,0.25368532022464424,1.7099462426143481,0.8577530074726287,2.045176095941009
154.528,18.6487,-7.4844,18.0,49.7682,42.1247,-12.066206603464726,2.014065257464717,-1.5659769806383308,1.7099462426143481,0.8571023448862581,1.3109227813405593
154.578,18.5239,-2.4948,18.0,49.742,45.8398,-4.028849950963239,1.982264517503223,-0.5261699515737737,1.7099462426143481,0.856576191807156,1.6505339076910148
154.628,18.2121,-6.237,18.0,49.7314,42.0061,-4.481479568485853,1.9028136303237848,-1.3060252233721914,1.7099462426143481,0.8563633207140843,1.3000811136640062
154.678,19.6466,28.6902,18.0,49.649,73.9734,1.068417129780329,2.2683437703459255,5.9726239800797085,1.7099462426143481,0.8547085491981298,4.222331055625977
154.728,18.6487,-19.9584,18.0,49.6166,32.0315,3.1032474664914833,2.014065257464717,-4.165494553299724,1.7099462426143481,0.8540578866117592,0.38826578139966444
154.778,17.9002,-14.9688,18.0,49.6216,34.1352,2.218370709382321,1.8233372617821988,-3.1256875242351665,1.7099462426143481,0.8541582975047176,0.5805728327585653
154.828,19.0853,23.7006,18.0,49.5673,68.4858,10.21902713305025,2.1253168846056485,4.932816951015152,1.7099462426143481,0.8530678352071894,3.720689103333775
154.878,18.3368,-14.9688,18.0,49.5505,35.2631,20.23819614252994,1.9345888889231302,-3.1256875242351665,1.7099462426143481,0.852730454606849,0.6836783721547269
154.928,18.8982,11.2266,18.0,49.5056,57.9092,4.04515593331134,2.0776412560255557,2.3332993783537583,1.7099462426143481,0.8518287647880826,2.753842709169896
154.978,18.3368,-11.2266,18.0,49.4887,38.2911,-2.5690719189275057,1.9345888889231302,-2.3458322524367485,1.7099462426143481,0.8514893759698832,0.9604791286859587
155.028,17.4013,-18.711,18.0,49.5187,29.8181,-1.9818123569793415,1.696210746022668,-3.905542796033584,1.7099462426143481,0.8520918413276336,0.1859306445085717
155.078,18.5863,23.7006,18.0,49.4894,67.1968,-9.562448512585636,1.99816488748397,4.932816951015152,1.7099462426143481,0.8515034334948974,3.6028568129874214
155.128,18.7734,3.7422,18.0,49.4507,51.531,5.260366132722558,2.045840516064062,0.7735888347569227,1.7099462426143481,0.8507262531833992,2.1707876942070476
155.178,19.8337,21.2058,18.0,49.359,68.4009,27.533327231121085,2.3160193989260183,4.412913436482873,1.7099462426143481,0.848884717406542,3.7129280781589062
155.228,18.5239,-26.1954,18.0,49.3328,26.6626,17.448919908466703,1.982264517503223,-5.4652533396304195,1.7099462426143481,0.84835856432744,-0.10252536184357573
155.278,18.9605,8.7318,18.0,49.2848,56.0517,-34.08635697940492,2.093516144644154,1.8133958638214798,1.7099462426143481,0.8473946197550392,2.584041716680872
155.328,18.7734,-3.7422,18.0,49.2461,45.475,3.119519450801036,2.045840516064062,-0.7861217088399128,1.7099462426143481,0.8466174394435412,1.6171861811445842
155.378,19.3347,11.2266,10.0,-0.4667,59.0372,13.664718535468886,2.1888674018043397,2.3332993783537583,-0.24390002694568827,-0.15172388844901136,2.8569573899384655
155.428,18.3368,-19.9584,10.0,-0.8836,31.2258,-13.415972540045322,1.9345888889231302,-4.165494553299724,-0.24390002694568827,-0.16009614870388345,0.314613743903887
155.478,19.1476,16.2162,10.0,-1.341,62.5911,-4.334704805491778,2.141191773224247,3.373106407418316,-0.24390002694568827,-0.16928173719171863,3.1818326239663204
155.528,18.8358,-6.237,10.0,-1.7827,43.6175,-18.72527231121347,2.061740886044809,-1.3060252233721914,-0.24390002694568827,-0.1781520354756644,1.4473851886555604
155.578,19.5219,13.7214,10.0,-2.2588,61.5392,7.3196567505713945,2.23656851174658,2.8532028928860367,-0.24390002694568827,-0.18771316070316407,3.0856745276006663
155.628,19.5842,1.2474,10.0,-2.7381,51.6071,3.3234096109845,2.2524434003651783,0.25368532022464424,-0.24390002694568827,-0.1973385489021571,2.1777442786099632
155.678,19.0853,-9.9792,10.0,-3.1923,41.2341,4.253148741419552,2.1253168846056485,-2.0858804951706094,-0.24390002694568827,-0.20645987441849892,1.2295097186699135
155.728,19.0229,-1.2474,10.0,-3.6435,48.1383,-0.4852585812357296,2.1094165146249013,-0.2662181943076343,-0.24390002694568827,-0.21552095339906568,1.8606483525017936
155.778,18.6487,-7.4844,10.0,-4.0759,42.1247,-5.741546910755668,2.014065257464717,-1.5659769806383308,-0.24390002694568827,-0.22420448742210883,1.3109227813405593
155.828,19.709,21.2058,10.0,-4.5613,68.0786,3.0338855835238725,2.2842441403266727,4.412913436482873,-0.24390002694568827,-0.23395237691051113,3.6834654348861138
155.878,18.7734,-18.711,10.0,-5.0,33.3631,-16.319368421051756,2.045840516064062,-3.905542796033584,-0.24390002694568827,-0.24276242865868186,0.509992296392065
155.928,19.1476,7.4844,10.0,-5.4574,55.5258,-15.793331807780069,2.141191773224247,1.5534441065553406,-0.24390002694568827,-0.25194801714651704,2.5359672391842487
155.978,19.5219,7.4844,10.0,-5.9335,56.4926,7.119844393592031,2.23656851174658,1.5534441065553406,-0.24390002694568827,-0.26150914237401673,2.6243460276302186
156.028,19.6466,2.4948,10.0,-6.4158,52.7776,1.4761647597255245,2.2683437703459255,0.5136370774907836,-0.24390002694568827,-0.27119477710878476,2.2847440426521715
156.078,19.0853,-11.2266,10.0,-6.8701,40.2248,-5.288910755148259,2.1253168846056485,-2.3458322524367485,-0.24390002694568827,-0.28031811084298575,1.1372458469503062
156.128,18.3368,-14.9688,10.0,-7.2869,35.2631,28.14091990846638,1.9345888889231302,-3.1256875242351665,-0.24390002694568827,-0.28868836287999866,0.6836783721547269
156.178,19.21,17.4636,10.0,-7.7474,63.7615,8.767276887871255,2.157092143204994,3.6330581646844546,-0.24390002694568827,-0.2979362061214681,3.2888232466361202
156.228,19.0853,-2.4948,10.0,-8.2017,47.29,-11.642128146453103,2.1253168846056485,-0.5261699515737737,-0.24390002694568827,-0.3070595398556691,1.783102090359969
156.278,19.21,2.4948,10.0,-8.6622,51.6496,-20.25444851258551,2.157092143204994,0.5136370774907836,-0.24390002694568827,-0.3163073830971385,2.1816293618836013
156.328,18.3992,-16.2162,10.0,-9.0821,34.4149,-3.152141876429652,1.9504892589038774,-3.3856392815013057,-0.24390002694568827,-0.3247398898877856,0.6061412513853113
156.378,18.5863,3.7422,10.0,-9.5115,51.0475,3.523221967963357,1.99816488748397,0.7735888347569227,-0.24390002694568827,-0.3333631773750537,2.1265891586116545
156.428,19.5219,18.711,10.0,-9.9876,65.5766,5.823102974827585,2.23656851174658,3.893009921950594,-0.24390002694568827,-0.34292430260255335,3.454748297223914
156.478,19.2724,-4.9896,10.0,-10.4512,45.7548,4.20013729977148,2.1729925131857413,-1.0460734661060522,-0.24390002694568827,-0.352234400597657,1.6427637411437384
156.528,18.6487,-12.474,10.0,-10.8836,38.0875,-12.005052631577895,2.014065257464717,-2.6057840097028877,-0.24390002694568827,-0.36091793462070015,0.9418672944621281
156.578,19.3347,13.7214,10.0,-11.3503,61.0559,6.879254004576252,2.1888674018043397,2.8532028928860367,-0.24390002694568827,-0.370290287369438,3.0414942747500904
156.628,19.4595,2.4948,10.0,-11.8233,52.2942,-5.276677345538655,2.2206681417658327,0.5136370774907836,-0.24390002694568827,-0.3797891578433034,2.2405546484291863
156.678,18.4616,-19.9584,10.0,-12.2464,31.5481,-7.531702517162354,1.9663896288846243,-4.165494553299724,-0.24390002694568827,-0.38828592760544395,0.3440763871766798
156.728,18.3992,-1.2474,10.0,-12.6664,46.5268,-5.301144164759042,1.9504892589038774,-0.2662181943076343,-0.24390002694568827,-0.3967204426139502,1.7133351361378304
156.778,18.2121,-3.7422,10.0,-13.077,44.0248,-5.227743707093578,1.9028136303237848,-0.7861217088399128,-0.24390002694568827,-0.40496618514369476,1.48461799847563
156.828,18.711,9.9792,10.0,-13.5125,56.4164,-8.600086956521997,2.0299401460833146,2.073347621087619,-0.24390002694568827,-0.41371197392037207,2.617380301854895
156.878,18.7734,1.2474,10.0,-13.9512,49.5123,-19.047418764302016,2.045840516064062,0.25368532022464424,-0.24390002694568827,-0.4225220256685428,1.986250809395424
156.928,18.5863,-3.7422,10.0,-14.3805,44.9916,9.87643935926807,1.99816488748397,-0.7861217088399128,-0.24390002694568827,-0.4311433049379518,1.5729967869215993
156.978,17.4013,-23.7006,10.0,-14.7506,25.7808,15.577208237986337,1.696210746022668,-4.945349825098142,-0.24390002694568827,-0.4385757192347332,-0.18313398374226822
157.028,18.3992,19.9584,10.0,-15.1705,63.6854,-14.663780320366012,1.9504892589038774,4.152961679216734,-0.24390002694568827,-0.4470082260253803,3.2818666622332056
157.078,18.7734,7.4844,10.0,-15.6092,54.5589,2.328481529911859,2.045840516064062,1.5534441065553406,-0.24390002694568827,-0.45581827777355105,2.4475793093658713
157.128,17.8379,-18.711,10.0,-16.0011,30.946,31.109585485452474,1.8074623731636004,-3.905542796033584,-0.24390002694568827,-0.4636884835636311,0.28903618390473307
157.178,17.4013,-8.7318,10.0,-16.3712,37.8927,8.290115070283726,1.696210746022668,-1.82592873790447,-0.24390002694568827,-0.4711208978604125,0.9240599010102509
157.228,17.4636,1.2474,10.0,-16.7443,46.1284,-9.892802876757457,1.7120856346412665,0.25368532022464424,-0.24390002694568827,-0.4786135586929689,1.6769159084621226
157.278,17.8379,7.4844,10.0,-17.1362,52.1418,-11.120215102974633,1.8074623731636004,1.5534441065553406,-0.24390002694568827,-0.4864837644830489,2.2266231968785397
157.328,17.5884,-4.9896,10.0,-17.5157,41.4041,-7.511352729649656,1.7438863746027606,-1.0460734661060522,-0.24390002694568827,-0.4941049512585921,1.2450500517644676
157.378,17.4013,-3.7422,10.0,-17.8857,41.93,12.739024517816363,1.696210746022668,-0.7861217088399128,-0.24390002694568827,-0.5015353573375143,1.293124529261091
157.428,17.6508,4.9896,10.0,-18.2683,49.6398,6.279790781301002,1.7597867445835076,1.033540592023062,-0.24390002694568827,-0.5092187988666917,1.9979060592163393
157.478,17.4636,-3.7422,10.0,-18.6414,42.0911,-17.76293036940202,1.7120856346412665,-0.7861217088399128,-0.24390002694568827,-0.5167114596992483,1.3078512802112827
157.528,17.4013,-1.2474,10.0,-19.0115,43.9486,-6.699843739784221,1.696210746022668,-0.2662181943076343,-0.24390002694568827,-0.5241438739960296,1.4776522727003063
157.578,17.9002,9.9792,10.0,-19.4065,54.3217,25.339462569467273,1.8233372617821988,2.073347621087619,-0.24390002694568827,-0.5320763345397439,2.4258959740127644
157.628,17.7131,-3.7423,10.0,-19.7922,42.7356,-2.1326910755149986,1.7756616332021062,-0.7861425483266266,-0.24390002694568827,-0.5398220308225555,1.3667674253844595
157.678,17.2142,-9.9792,10.0,-20.1529,36.3999,-33.266711997384455,1.6485351174425762,-2.0858804951706094,-0.24390002694568827,-0.547065672640575,0.7875974936952503
157.728,16.6528,-11.2266,10.0,-20.4855,33.9403,-15.153103628636648,1.5054827503401498,-2.3458322524367485,-0.24390002694568827,-0.5537450052401683,0.5627562979342798
157.778,16.5281,-2.4948,10.0,-20.8119,40.6834,4.318413206930409,1.4737074917408042,-0.5261699515737737,-0.24390002694568827,-0.5602998283324933,1.1791681808159673
157.828,16.5281,0.0,10.0,-21.1383,42.702,4.579399150048915,1.4737074917408042,-0.006266437041495043,-0.24390002694568827,-0.5668546514248182,1.363695924255183
157.878,16.9647,8.7318,10.0,-21.4866,50.8952,-12.74718012422345,1.5849591188817365,1.8133958638214798,-0.24390002694568827,-0.5738492742283009,2.1126668484334163
157.928,16.2162,-14.9688,10.0,-21.7974,29.7844,-2.3895534488393633,1.3942311231992184,-3.1256875242351665,-0.24390002694568827,-0.5800908153345955,0.1828500020068866
157.978,16.5281,6.237,10.0,-22.1238,47.7486,-1.092805491990707,1.4737074917408042,1.2934923492892014,-0.24390002694568827,-0.5866456384269204,1.8250244242256308
158.028,15.842,-13.7214,10.0,-22.4159,29.8269,-0.30170513239629493,1.2988798660390335,-2.865735766969027,-0.24390002694568827,-0.5925116427935506,0.18673508528052482
158.078,16.2162,7.4844,10.0,-22.7267,47.9523,17.473445570447687,1.3942311231992184,1.5534441065553406,-0.24390002694568827,-0.5987531838998453,1.8436453998218698
158.128,15.0936,-22.4532,10.0,-22.9814,20.8279,10.165938542007419,1.108177351718664,-4.6853980678320015,-0.24390002694568827,-0.6038681147871466,-0.6358970177658939
158.178,15.5302,8.7318,10.0,-23.2579,47.1891,-4.962742399476818,1.2194289788595958,1.8133958638214798,-0.24390002694568827,-0.6094208371677466,1.7738784455997312
158.228,15.4678,-1.2474,10.0,-23.5313,38.9533,-6.793620137300009,1.2035286088788486,-0.2662181943076343,-0.24390002694568827,-0.6149113047947125,1.0210132967754506
158.278,15.5302,1.2474,10.0,-23.8078,41.1331,-5.317455377574545,1.2194289788595958,0.25368532022464424,-0.24390002694568827,-0.6204640271753123,1.2202769325372669
158.328,15.0312,-9.9792,10.0,-24.0593,30.76,3.604778032036453,1.0922769817379168,-2.0858804951706094,-0.24390002694568827,-0.6255146950911203,0.2720332312248093
158.378,14.8441,-3.7422,10.0,-24.3015,35.3233,12.94294736842104,1.0446013531578242,-0.7861217088399128,-0.24390002694568827,-0.6303785987460256,0.6891814783446809
158.428,14.9688,2.4948,10.0,-24.55,40.6922,-4.824041189931121,1.0763766117571696,0.5136370774907836,-0.24390002694568827,-0.6353690201260586,1.1799726215879207
158.478,14.657,-6.237,10.0,-24.7828,32.8212,-6.736530892448287,0.9969257245777319,-1.3060252233721914,-0.24390002694568827,-0.640044151302202,0.4604551993100716
158.528,14.9065,4.9896,10.0,-25.0282,42.5497,-2.7688283752859366,1.0605017231385712,1.033540592023062,-0.24390002694568827,-0.6449723179286008,1.3497736140769445
158.578,14.3451,-11.2266,10.0,-25.2454,27.9782,2.0022013729976607,0.9174493560361456,-2.3458322524367485,-0.24390002694568827,-0.649334167118714,0.01773853356345489
158.628,14.0957,-4.9896,10.0,-25.4502,32.3802,-6.263505720823912,0.8538988388374549,-1.0460734661060522,-0.24390002694568827,-0.6534469972942903,0.4201417469883173
158.678,14.158,1.2474,10.0,-25.6581,37.588,-10.859189931350128,0.869773727456053,0.25368532022464424,-0.24390002694568827,-0.657622082223501,0.8962061392813654
158.728,14.158,0.0,10.0,-25.866,36.5787,7.425679633867381,0.869773727456053,-0.006266437041495043,-0.24390002694568827,-0.6617971671527116,0.8039422675617572
158.778,13.7838,-7.4844,10.0,-26.0552,29.5559,9.484970251716094,0.7744224702958681,-1.5659769806383308,-0.24390002694568827,-0.6655967153422578,0.16196196605332433
158.828,13.7214,-1.2474,10.0,-26.2413,34.4414,-1.243729977116752,0.758522100315121,-0.2662181943076343,-0.24390002694568827,-0.6693340087781697,0.6085637150735799
158.878,13.0977,-12.474,10.0,-26.3961,23.7461,-10.577821510297397,0.599594844594097,-2.6057840097028877,-0.24390002694568827,-0.6724427300241621,-0.3691334881392623
158.928,12.973,-2.4948,10.0,-26.5448,31.4984,2.1816247139588407,0.5678195859947519,-0.5261699515737737,-0.24390002694568827,-0.6754289499807451,0.3395331250896248
158.978,12.973,0.0,10.0,-26.6934,33.5171,-1.3701418764300666,0.5678195859947519,-0.006266437041495043,-0.24390002694568827,-0.678413161719469,0.5240700099012489
159.028,12.973,0.0,10.0,-26.8421,33.5171,-0.30175743707065994,0.5678195859947519,-0.006266437041495043,-0.24390002694568827,-0.6813993816760521,0.5240700099012489
159.078,12.8483,-2.4948,10.0,-26.9845,31.1761,0.3343798627003691,0.5360443273954063,-0.5261699515737737,-0.24390002694568827,-0.6842590839075076,0.31007048181683233
159.128,12.5988,-4.9896,10.0,-27.1145,28.5129,-0.6891487414190056,0.472468328834567,-1.0460734661060522,-0.24390002694568827,-0.6868697671244263,0.06661745183203117
159.178,12.474,-2.4948,10.0,-27.2382,30.2093,8.967089244851051,0.4406675888730729,-0.5261699515737737,-0.24390002694568827,-0.6893539326162172,0.22169169337086275
159.228,12.4117,-1.2474,10.0,-27.3587,31.0575,5.965826086956727,0.4247927002544744,-0.2662181943076343,-0.24390002694568827,-0.6917738351365149,0.29922881414027874
159.278,12.1622,-4.9896,10.0,-27.4668,27.385,4.864819221967958,0.3612167016936351,-1.0460734661060522,-0.24390002694568827,-0.6939447186422757,-0.03648808756412987
159.328,11.7256,-8.7318,10.0,-27.5531,23.229,7.074988558352255,0.24996507455270323,-1.82592873790447,-0.24390002694568827,-0.6956778106547378,-0.41640352486393195
159.378,11.7256,0.0,10.0,-27.6394,30.2943,0.5056475972538887,0.24996507455270323,-0.006266437041495043,-0.24390002694568827,-0.6974109026671999,0.22946185991813983
159.428,11.6009,-2.4948,10.0,-27.7195,27.9534,-3.29486498855847,0.21818981595335768,-0.5261699515737737,-0.24390002694568827,-0.6990194851723935,0.015471473206131485
159.478,11.3514,-4.9896,10.0,-27.787,25.2901,4.754718535469109,0.15461381739251842,-1.0460734661060522,-0.24390002694568827,-0.7003750322273321,-0.2279906981510779
159.528,11.4761,2.4948,10.0,-27.8608,31.6684,11.136480549198996,0.18638907599186397,0.5136370774907836,-0.24390002694568827,-0.7018570970073982,0.3550734581841786
159.578,11.5385,1.2474,10.0,-27.9378,30.8202,11.931652173912877,0.20228944597261106,0.25368532022464424,-0.24390002694568827,-0.7034034247589577,0.27753633741476297
159.628,11.6632,2.4948,10.0,-28.0209,32.1518,3.9228466819221763,0.23406470457195616,0.5136370774907836,-0.24390002694568827,-0.7050722537999264,0.3992628524071635
159.678,11.289,-7.4844,10.0,-28.0854,23.1103,4.701707093821441,0.13871344741177133,-1.5659769806383308,-0.24390002694568827,-0.7063675543190899,-0.4272543339128941
159.728,11.2266,-1.2474,10.0,-28.1467,27.9958,8.1433729977116,0.12281307743102426,-0.2662181943076343,-0.24390002694568827,-0.70759859186676,0.019347415107361477
159.778,11.4761,4.9896,10.0,-28.2205,33.687,3.9024576659039014,0.18638907599186397,1.033540592023062,-0.24390002694568827,-0.7090806566468262,0.5396012016233941
159.828,11.289,-3.7422,10.0,-28.2849,26.1383,1.5373318077800424,0.13871344741177133,-0.7861217088399128,-0.24390002694568827,-0.7103739489481304,-0.15045357738166193
159.878,11.3514,1.2474,10.0,-28.3525,30.3368,-1.3130526315790414,0.15461381739251842,0.25368532022464424,-0.24390002694568827,-0.7117315042209281,0.23334694319177837
159.928,11.289,-1.2474,10.0,-28.417,28.157,0.3710800915332131,0.13871344741177133,-0.2662181943076343,-0.24390002694568827,-0.7130268047400916,0.03408330742996215
159.978,11.4138,2.4948,10.0,-28.4877,31.5072,-1.7534553775745025,0.17051418737326549,0.5136370774907836,-0.24390002694568827,-0.7144466147665234,0.34033756586157826
160.028,11.4138,0.0,10.0,-28.5583,29.4886,-0.8644942791762392,0.17051418737326549,-0.006266437041495043,-0.24390002694568827,-0.7158644165750961,0.15580982242236271
160.078,11.3514,-1.2474,10.0,-28.6259,28.3181,4.603839816933631,0.15461381739251842,-0.2662181943076343,-0.24390002694568827,-0.7172219718478939,0.048810058380154286
160.128,11.2266,-2.4948,10.0,-28.6872,26.9865,4.228681922196872,0.12281307743102426,-0.5261699515737737,-0.24390002694568827,-0.7184530093955639,-0.07291645661224629
160.178,11.4761,4.9896,10.0,-28.7611,33.687,-3.784201372997632,0.18638907599186397,1.033540592023062,-0.24390002694568827,-0.7199370823934893,0.5396012016233941
160.228,11.289,-3.7422,10.0,-28.8255,26.1383,-1.6637437070940808,0.13871344741177133,-0.7861217088399128,-0.24390002694568827,-0.7212303746947936,-0.15045357738166193
160.278,11.4761,3.7422,10.0,-28.8993,32.6777,1.8880228832952353,0.18638907599186397,0.7735888347569227,-0.24390002694568827,-0.7227124394748596,0.4473373299037867
160.328,11.4761,0.0,10.0,-28.9731,29.6497,-2.646494279176023,0.18638907599186397,-0.006266437041495043,-0.24390002694568827,-0.7241945042549257,0.17053657337255454
160.378,11.289,-3.7422,10.0,-29.0376,26.1383,1.1825629290616482,0.13871344741177133,-0.7861217088399128,-0.24390002694568827,-0.7254898047740892,-0.15045357738166193
160.428,11.4761,3.7422,10.0,-29.1114,32.6777,-1.313052631578903,0.18638907599186397,0.7735888347569227,-0.24390002694568827,-0.7269718695541553,0.4473373299037867
160.478,11.4138,-1.2474,10.0,-29.1821,28.4792,-0.3547688787184683,0.17051418737326549,-0.2662181943076343,-0.24390002694568827,-0.7283916795805873,0.0635368093303461
160.528,11.4138,0.0,10.0,-29.2527,29.4886,2.772906178489727,0.17051418737326549,-0.006266437041495043,-0.24390002694568827,-0.7298094813891599,0.15580982242236271
160.578,11.4138,0.0,10.0,-29.3234,29.4886,1.3986864988557803,0.17051418737326549,-0.006266437041495043,-0.24390002694568827,-0.7312292914155919,0.15580982242236271
160.628,11.3514,-1.2474,10.0,-29.391,28.3181,2.144924485125618,0.15461381739251842,-0.2662181943076343,-0.24390002694568827,-0.7325868466883895,0.048810058380154286
160.678,11.4761,2.4948,10.0,-29.4648,31.6684,0.8400274599542729,0.18638907599186397,0.5136370774907836,-0.24390002694568827,-0.7340689114684555,0.3550734581841786
160.728,11.6009,2.4948,10.0,-29.5449,31.9906,-1.5006315789472484,0.21818981595335768,0.5136370774907836,-0.24390002694568827,-0.7356774939736493,0.3845269600845629
160.778,11.2266,-7.4844,10.0,-29.6062,22.9492,0.3792356979405087,0.12281307743102426,-1.5659769806383308,-0.24390002694568827,-0.7369085315213195,-0.4419810848630859
160.828,11.6009,7.4844,10.0,-29.6862,36.0279,5.394933638443906,0.21818981595335768,1.5534441065553406,-0.24390002694568827,-0.738515105808654,0.7535915883354029
160.878,11.5385,-1.2474,10.0,-29.7632,28.8015,-1.9573455377574611,0.20228944597261106,-0.2662181943076343,-0.24390002694568827,-0.7400614335602135,0.0929994526031389
160.928,11.4761,-1.2474,10.0,-29.837,28.6404,-0.3996247139587783,0.18638907599186397,-0.2662181943076343,-0.24390002694568827,-0.7415434983402795,0.07827270165294677
160.978,11.6632,3.7422,10.0,-29.9201,33.1611,4.412183066361497,0.23406470457195616,0.7735888347569227,-0.24390002694568827,-0.7432123273812483,0.491526724126771
161.028,11.6632,0.0,10.0,-30.0033,30.1331,-0.23651258581237178,0.23406470457195616,-0.006266437041495043,-0.24390002694568827,-0.7448831646400762,0.21472596759553916
161.078,11.788,2.4948,10.0,-30.0927,32.4741,0.4607917620137225,0.2658654445334503,0.5136370774907836,-0.24390002694568827,-0.7466785114061726,0.42872549567995605
161.128,11.7256,-1.2474,10.0,-30.179,29.2849,-2.140846681922156,0.24996507455270323,-0.2662181943076343,-0.24390002694568827,-0.7484116034186347,0.1371888468261235
161.178,11.5385,-3.7422,10.0,-30.2559,26.7829,1.647432494279144,0.20228944597261106,-0.7861217088399128,-0.24390002694568827,-0.7499559229523349,-0.09152829083607664
161.228,11.788,4.9896,10.0,-30.3453,34.4927,6.5204073226544095,0.2658654445334503,1.033540592023062,-0.24390002694568827,-0.7517512697184314,0.6132532391191715
161.278,11.788,0.0,10.0,-30.4347,30.4554,-1.790155606407453,0.2658654445334503,-0.006266437041495043,-0.24390002694568827,-0.7535466164845277,0.24418861086833196
161.328,11.9127,2.4948,10.0,-30.5303,32.7963,0.5138032036612272,0.29764070313279545,0.5136370774907836,-0.24390002694568827,-0.7554664727578925,0.4581789975803403
161.378,11.788,-2.4948,10.0,-30.6197,28.4368,1.0846956521740703,0.2658654445334503,-0.5261699515737737,-0.24390002694568827,-0.7572618195239889,0.05966086742911643
161.428,12.0375,4.9896,10.0,-30.7216,35.1373,-4.0411029748283385,0.3294414430942896,1.033540592023062,-0.24390002694568827,-0.7593081935224811,0.6721785256647572
161.478,11.9751,-1.2474,10.0,-30.8204,29.9295,2.0633684210525924,0.3135410731135425,-0.2662181943076343,-0.24390002694568827,-0.7612923127673393,0.1961141333717088
161.528,12.0375,1.2474,10.0,-30.9222,32.1093,5.957670480549055,0.3294414430942896,0.25368532022464424,-0.24390002694568827,-0.7633366785479725,0.3953777691335247
161.578,12.0998,1.2474,10.0,-31.0272,32.2704,5.166576659038737,0.34531633171288806,0.25368532022464424,-0.24390002694568827,-0.7654453073000991,0.4101045200837172
161.628,12.1622,1.2474,10.0,-31.1353,32.4316,-2.8993180778030814,0.3612167016936351,0.25368532022464424,-0.24390002694568827,-0.76761619080586,0.4248404124063178
161.678,12.3493,3.7422,10.0,-31.2528,34.9336,-8.057739130434744,0.40889233027372734,0.7735888347569227,-0.24390002694568827,-0.7699758467903826,0.6535575500685177
161.728,12.2869,-1.2474,10.0,-31.3671,30.7352,-4.346938215102898,0.3929919602929802,-0.2662181943076343,-0.24390002694568827,-0.7722712398034117,0.2697661708674859
161.778,12.3493,1.2474,10.0,-31.4846,32.915,2.0022013729976784,0.40889233027372734,0.25368532022464424,-0.24390002694568827,-0.7746308957879343,0.4690298066293021
161.828,12.2869,-1.2474,10.0,-31.5989,30.7352,-0.9460503432494205,0.3929919602929802,-0.2662181943076343,-0.24390002694568827,-0.7769262888009635,0.2697661708674859
161.878,12.2869,0.0,10.0,-31.7133,31.7445,-4.200137299771139,0.3929919602929802,-0.006266437041495043,-0.24390002694568827,-0.7792236900318519,0.3620300425870937
161.928,12.5364,4.9896,10.0,-31.8401,36.4264,0.8033272311211692,0.45656795885381996,1.033540592023062,-0.24390002694568827,-0.7817701102772772,0.7900199573835189
161.978,12.5364,0.0,10.0,-31.9669,32.3891,-3.2907871853545765,0.45656795885381996,-0.006266437041495043,-0.24390002694568827,-0.7843165305227022,0.42095532913267897
162.028,12.5988,1.2474,10.0,-32.0969,33.5596,-8.498141876430012,0.472468328834567,0.25368532022464424,-0.24390002694568827,-0.7869272137396209,0.5279550931748878
162.078,12.3493,-4.9896,10.0,-32.2143,27.8684,-3.629244851258481,0.40889233027372734,-1.0460734661060522,-0.24390002694568827,-0.7892848615062844,0.007701306658854745
162.128,12.2869,-1.2474,10.0,-32.3287,30.7352,3.1725308924483273,0.3929919602929802,-0.2662181943076343,-0.24390002694568827,-0.7915822627371728,0.2697661708674859
162.178,12.474,3.7422,10.0,-32.4524,35.2559,-1.3334416475971211,0.4406675888730729,0.7735888347569227,-0.24390002694568827,-0.7940664282289638,0.6830201933413101
162.228,12.4117,-1.2474,10.0,-32.573,31.0575,-3.5762334096108015,0.4247927002544744,-0.2662181943076343,-0.24390002694568827,-0.7964883389671207,0.29922881414027874
162.278,12.5988,3.7422,10.0,-32.7029,35.5782,-1.9858901601830241,0.472468328834567,0.7735888347569227,-0.24390002694568827,-0.79909701396618,0.7124828366141033
162.328,12.2869,-6.237,10.0,-32.8173,26.6979,0.06116704805487344,0.3929919602929802,-1.3060252233721914,-0.24390002694568827,-0.8013944151970686,-0.09929845738335369
162.378,12.5364,4.9896,10.0,-32.9441,36.4264,3.612933638443653,0.45656795885381996,1.033540592023062,-0.24390002694568827,-0.8039408354424937,0.7900199573835189
162.428,12.2869,-4.9896,10.0,-33.0584,27.7072,-1.8146224256290733,0.3929919602929802,-1.0460734661060522,-0.24390002694568827,-0.8062362284555229,-0.007034585663745929
162.478,12.2246,-1.2474,10.0,-33.1696,30.5741,5.13803203661328,0.3771170716743822,-0.2662181943076343,-0.24390002694568827,-0.808469366714918,0.2550394199172941
162.528,12.2869,1.2474,10.0,-33.284,32.7539,6.777308924484952,0.3929919602929802,0.25368532022464424,-0.24390002694568827,-0.8107667679458063,0.45430305567911033
162.578,12.474,3.7422,10.0,-33.4077,35.2559,-5.611057208237855,0.4406675888730729,0.7735888347569227,-0.24390002694568827,-0.8132509334375972,0.6830201933413101
162.628,12.4117,-1.2474,10.0,-33.5283,31.0575,-2.695427917620299,0.4247927002544744,-0.2662181943076343,-0.24390002694568827,-0.8156728441757541,0.29922881414027874
162.678,12.0998,-6.237,10.0,-33.6333,26.2145,-1.2151853546909837,0.34531633171288806,-1.3060252233721914,-0.24390002694568827,-0.8177814729278807,-0.1434878516063383
162.728,12.474,7.4844,10.0,-33.757,38.2839,-3.519144164759489,0.4406675888730729,1.5534441065553406,-0.24390002694568827,-0.8202656384196717,0.9598209498725426
162.778,12.3493,-2.4948,10.0,-33.8744,29.887,3.1684530892448675,0.40889233027372734,-0.5261699515737737,-0.24390002694568827,-0.8226232861863352,0.1922290500980703
162.828,12.5988,4.9896,10.0,-34.0044,36.5875,-0.19165675057211673,0.472468328834567,1.033540592023062,-0.24390002694568827,-0.8252339694032537,0.8047467083337108
162.878,12.3493,-4.9896,10.0,-34.1218,27.8684,-1.1132402745995007,0.40889233027372734,-1.0460734661060522,-0.24390002694568827,-0.8275916171699172,0.007701306658854745
162.928,12.1622,-3.7422,10.0,-34.2299,28.3943,4.008480549198955,0.3612167016936351,-0.7861217088399128,-0.24390002694568827,-0.829762500675678,0.055775784155477896
162.978,12.5988,8.7318,10.0,-34.3599,39.6155,-2.002201372997897,0.472468328834567,1.8133958638214798,-0.24390002694568827,-0.8323731838925966,1.0815474648649426
163.028,12.0998,-9.9792,10.0,-34.4649,23.1865,-0.7625491990847157,0.34531633171288806,-2.0858804951706094,-0.24390002694568827,-0.8344818126447232,-0.42028860813757046
163.078,12.2246,2.4948,10.0,-34.5761,33.602,1.3456750572083236,0.3771170716743822,0.5136370774907836,-0.24390002694568827,-0.8367149509041181,0.5318310350761171
163.128,12.2869,1.2474,10.0,-34.6905,32.7539,-4.012558352402459,0.3929919602929802,0.25368532022464424,-0.24390002694568827,-0.8390123521350066,0.45430305567911033
163.178,11.9751,-6.237,10.0,-34.7892,25.8922,-6.475551487414207,0.3135410731135425,-1.3060252233721914,-0.24390002694568827,-0.8409944631620055,-0.1729504948791311
163.228,12.2869,6.237,10.0,-34.9036,36.7911,3.176608695652053,0.3929919602929802,1.2934923492892014,-0.24390002694568827,-0.8432918643928938,0.8233585425575414
163.278,12.2869,0.0,10.0,-35.0179,31.7445,5.859803203661281,0.3929919602929802,-0.006266437041495043,-0.24390002694568827,-0.8455872574059231,0.3620300425870937
163.328,12.2869,0.0,10.0,-35.1322,31.7445,0.3017574370710925,0.3929919602929802,-0.006266437041495043,-0.24390002694568827,-0.8478826504189523,0.3620300425870937
163.378,12.2869,0.0,10.0,-35.2466,31.7445,0.5994370709383073,0.3929919602929802,-0.006266437041495043,-0.24390002694568827,-0.8501800516498408,0.3620300425870937
163.428,12.4117,2.4948,10.0,-35.3672,34.0855,-1.5250983981695603,0.4247927002544744,0.5136370774907836,-0.24390002694568827,-0.8526019623879975,0.5760295706715108
163.478,12.0998,-6.237,10.0,-35.4722,26.2145,3.2092311212815736,0.34531633171288806,-1.3060252233721914,-0.24390002694568827,-0.8547105911401242,-0.1434878516063383
163.528,12.1622,1.2474,10.0,-35.5803,32.4316,-0.3425354691074889,0.3612167016936351,0.25368532022464424,-0.24390002694568827,-0.8568814746458849,0.4248404124063178
163.578,11.9127,-4.9896,10.0,-35.6759,26.7404,-2.283569794050501,0.29764070313279545,-1.0460734661060522,-0.24390002694568827,-0.8588013309192497,-0.09541337410971516
163.628,12.0998,3.7422,10.0,-35.7809,34.2891,5.382700228832891,0.34531633171288806,0.7735888347569227,-0.24390002694568827,-0.8609099596713763,0.5946414048953409
163.678,12.2869,3.7422,10.0,-35.8952,34.7725,-2.0266681922198013,0.3929919602929802,0.7735888347569227,-0.24390002694568827,-0.8632053526844056,0.6388307991183259
163.728,12.2246,-1.2474,10.0,-36.0065,30.5741,0.5627368421051787,0.3771170716743822,-0.2662181943076343,-0.24390002694568827,-0.8654404991616597,0.2550394199172941
163.778,12.0998,-2.4948,10.0,-36.1115,29.2425,4.987153318077817,0.34531633171288806,-0.5261699515737737,-0.24390002694568827,-0.8675491279137862,0.13331290492489353
163.828,12.0375,-1.2474,10.0,-36.2133,30.0906,-1.4680091533179997,0.3294414430942896,-0.2662181943076343,-0.24390002694568827,-0.8695934936944194,0.21084088432190062
163.878,12.2869,4.9896,10.0,-36.3277,35.7818,-2.454837528603987,0.3929919602929802,1.033540592023062,-0.24390002694568827,-0.8718908949253078,0.7310946708379333
163.928,12.2246,-1.2474,10.0,-36.4389,30.5741,2.3732814645309577,0.3771170716743822,-0.2662181943076343,-0.24390002694568827,-0.8741240331847028,0.2550394199172941
163.978,12.0998,-2.4948,10.0,-36.5439,29.2425,-0.5953592677346183,0.34531633171288806,-0.5261699515737737,-0.24390002694568827,-0.8762326619368294,0.13331290492489353
164.028,12.3493,4.9896,10.0,-36.6614,35.943,-6.283894736842042,0.40889233027372734,1.033540592023062,-0.24390002694568827,-0.878592317921352,0.745830563160534
164.078,12.2869,-1.2474,10.0,-36.7757,30.7352,-5.19512128146452,0.3929919602929802,-0.2662181943076343,-0.24390002694568827,-0.8808877109343812,0.2697661708674859
164.128,12.2869,0.0,10.0,-36.8901,31.7445,-1.7493775743707898,0.3929919602929802,-0.006266437041495043,-0.24390002694568827,-0.8831851121652695,0.3620300425870937
164.178,12.1622,-2.4948,10.0,-36.9982,29.4036,1.357908466819403,0.3612167016936351,-0.5261699515737737,-0.24390002694568827,-0.8853559956710303,0.14803965587508566
164.228,12.1622,0.0,10.0,-37.1063,31.4223,1.5291762013730625,0.3612167016936351,-0.006266437041495043,-0.24390002694568827,-0.8875268791767911,0.3325765406867097
164.278,11.9751,-3.7422,10.0,-37.205,27.9108,-0.1712677345538871,0.3135410731135425,-0.7861217088399128,-0.24390002694568827,-0.8895089902037902,0.011577248560084413
164.328,11.9751,0.0,10.0,-37.3038,30.9388,-3.237775743707131,0.3135410731135425,-0.006266437041495043,-0.24390002694568827,-0.8914931094486483,0.28837800509131656
164.378,11.9751,0.0,10.0,-37.4025,30.9388,0.444480549199206,0.3135410731135425,-0.006266437041495043,-0.24390002694568827,-0.8934752204756473,0.28837800509131656
164.428,12.0998,2.4948,10.0,-37.5075,33.2798,8.856988558352228,0.34531633171288806,0.5136370774907836,-0.24390002694568827,-0.8955838492277738,0.5023775331757334
164.478,11.9751,-2.4948,10.0,-37.6063,28.9202,2.495615560640509,0.3135410731135425,-0.5261699515737737,-0.24390002694568827,-0.897567968472632,0.10385026165210104
164.528,11.9751,0.0,10.0,-37.705,30.9388,0.020389016018428907,0.3135410731135425,-0.006266437041495043,-0.24390002694568827,-0.899550079499631,0.28837800509131656
164.578,12.0998,2.4948,10.0,-37.81,33.2798,3.062430205949769,0.34531633171288806,0.5136370774907836,-0.24390002694568827,-0.9016587082517575,0.5023775331757334
164.628,12.0375,-1.2474,10.0,-37.9119,30.0906,-0.4485583524026382,0.3294414430942896,-0.2662181943076343,-0.24390002694568827,-0.9037050822502499,0.21084088432190062
164.678,11.9751,-1.2474,10.0,-38.0107,29.9295,3.23777574370699,0.3135410731135425,-0.2662181943076343,-0.24390002694568827,-0.905689201495108,0.1961141333717088
164.728,12.2246,4.9896,10.0,-38.1219,35.6207,1.9532677345536935,0.3771170716743822,1.033540592023062,-0.24390002694568827,-0.907922339754503,0.7163679198877415
164.778,12.0998,-2.4948,10.0,-38.2269,29.2425,-3.286709382150979,0.34531633171288806,-0.5261699515737737,-0.24390002694568827,-0.9100309685066297,0.13331290492489353
164.828,12.1622,1.2474,10.0,-38.335,32.4316,-0.08563386727702571,0.3612167016936351,0.25368532022464424,-0.24390002694568827,-0.9122018520123905,0.4248404124063178
164.878,12.1622,0.0,10.0,-38.4431,31.4223,2.9156292906176766,0.3612167016936351,-0.006266437041495043,-0.24390002694568827,-0.9143727355181512,0.3325765406867097
164.928,12.4117,4.9896,10.0,-38.5637,36.1041,-1.9777345537756075,0.4247927002544744,1.033540592023062,-0.24390002694568827,-0.9167946462563079,0.7605573141107265
164.978,11.9127,-9.9792,10.0,-38.6593,22.7031,-3.3356430205948437,0.29764070313279545,-2.0858804951706094,-0.24390002694568827,-0.9187145025296728,-0.4644780023605551
165.028,12.0998,3.7422,10.0,-38.7643,34.2891,-3.1521418764302105,0.34531633171288806,0.7735888347569227,-0.24390002694568827,-0.9208231312817994,0.5946414048953409
165.078,12.0375,-1.2474,10.0,-38.8662,30.0906,3.3437986270021924,0.3294414430942896,-0.2662181943076343,-0.24390002694568827,-0.9228695052802917,0.21084088432190062
165.128,12.2246,3.7422,10.0,-38.9774,34.6113,0.929739130434745,0.3771170716743822,0.7735888347569227,-0.24390002694568827,-0.9251026435396867,0.6240949067957252
165.178,12.2869,1.2474,10.0,-39.0918,32.7539,-5.007542334096069,0.3929919602929802,0.25368532022464424,-0.24390002694568827,-0.9274000447705751,0.45430305567911033
165.228,12.1622,-2.4948,10.0,-39.1999,29.4036,1.423153318077824,0.3612167016936351,-0.5261699515737737,-0.24390002694568827,-0.9295709282763359,0.14803965587508566
165.278,12.2246,1.2474,10.0,-39.3111,32.5927,1.1540183066361738,0.3771170716743822,0.25368532022464424,-0.24390002694568827,-0.931804066535731,0.43956716335650964
165.328,12.3493,2.4948,10.0,-39.4286,33.9243,-5.15842105263143,0.40889233027372734,0.5136370774907836,-0.24390002694568827,-0.9341637225202536,0.5612936783489102
165.378,12.0998,-4.9896,10.0,-39.5336,27.2238,-1.0072173913042566,0.34531633171288806,-1.0460734661060522,-0.24390002694568827,-0.9362723512723801,-0.051223979886730546
165.428,12.0375,-1.2474,10.0,-39.6354,30.0906,8.799899313501017,0.3294414430942896,-0.2662181943076343,-0.24390002694568827,-0.9383167170530132,0.21084088432190062
165.478,12.2246,3.7422,10.0,-39.7467,34.6113,-2.1326910755149484,0.3771170716743822,0.7735888347569227,-0.24390002694568827,-0.9405518635302674,0.6240949067957252
165.528,12.2246,0.0,10.0,-39.8579,31.5834,-8.147450800915284,0.3771170716743822,-0.006266437041495043,-0.24390002694568827,-0.9427850017896624,0.3473032916369019
165.578,12.2869,1.2474,10.0,-39.9722,32.7539,-0.7136155606406697,0.3929919602929802,0.25368532022464424,-0.24390002694568827,-0.9450803948026917,0.45430305567911033
165.628,12.0375,-4.9896,10.0,-40.0741,27.0627,1.410919908466827,0.3294414430942896,-1.0460734661060522,-0.24390002694568827,-0.9471267688011841,-0.06595073083692268
165.678,12.1622,2.4948,10.0,-40.1822,33.4409,4.004402745995483,0.3612167016936351,0.5136370774907836,-0.24390002694568827,-0.9492976523069449,0.5171042841259252
165.728,12.0998,-1.2474,10.0,-40.2872,30.2518,4.96676430205929,0.34531633171288806,-0.2662181943076343,-0.24390002694568827,-0.9514062810590713,0.2255767766445013
165.778,12.0998,0.0,10.0,-40.3922,31.2611,-1.3986864988557914,0.34531633171288806,-0.006266437041495043,-0.24390002694568827,-0.953514909811198,0.3178406483641091
165.828,12.0375,-1.2474,10.0,-40.4941,30.0906,6.157482837528551,0.3294414430942896,-0.2662181943076343,-0.24390002694568827,-0.9555612838096904,0.21084088432190062
165.878,12.3493,6.237,10.0,-40.6115,36.9523,5.182887871853272,0.40889233027372734,1.2934923492892014,-0.24390002694568827,-0.9579189315763538,0.838094434880142
165.928,12.2246,-2.4948,10.0,-40.7228,29.5647,-9.860128146452958,0.3771170716743822,-0.5261699515737737,-0.24390002694568827,-0.9601540780536079,0.16276640682527746
165.978,12.0998,-2.4948,10.0,-40.8278,29.2425,1.304897025171603,0.34531633171288806,-0.5261699515737737,-0.24390002694568827,-0.9622627068057346,0.13331290492489353
166.028,12.1622,1.2474,10.0,-40.9359,32.4316,3.5599221967962955,0.3612167016936351,0.25368532022464424,-0.24390002694568827,-0.9644335903114952,0.4248404124063178
166.078,12.2869,2.4948,10.0,-41.0502,33.7632,-5.333766590388749,0.3929919602929802,0.5136370774907836,-0.24390002694568827,-0.9667289833245244,0.5465669273987177
166.128,12.2869,0.0,10.0,-41.1646,31.7445,-5.933203661327136,0.3929919602929802,-0.006266437041495043,-0.24390002694568827,-0.9690263845554129,0.3620300425870937
166.178,12.3493,1.2474,10.0,-41.282,32.915,-5.770091533180676,0.40889233027372734,0.25368532022464424,-0.24390002694568827,-0.9713840323220763,0.4690298066293021
166.228,12.4117,1.2474,10.0,-41.4026,33.0761,-0.6116704805491724,0.4247927002544744,0.25368532022464424,-0.24390002694568827,-0.9738059430602332,0.48375655757949393
166.278,12.0998,-6.237,10.0,-41.5076,26.2145,-0.652448512585887,0.34531633171288806,-1.3060252233721914,-0.24390002694568827,-0.9759145718123596,-0.1434878516063383
166.328,12.5364,8.7318,10.0,-41.6344,39.4543,-3.641478260869538,0.45656795885381996,1.8133958638214798,-0.24390002694568827,-0.9784609920577849,1.0668115725423426
166.378,11.9751,-11.2266,10.0,-41.7332,21.8549,6.434773455377452,0.3135410731135425,-2.3458322524367485,-0.24390002694568827,-0.980445111302643,-0.5420151231299707
166.428,12.0375,1.2474,10.0,-41.8351,32.1093,1.288585812357087,0.3294414430942896,0.25368532022464424,-0.24390002694568827,-0.9824914853011354,0.3953777691335247
166.478,12.1622,2.4948,10.0,-41.9432,33.4409,-5.639601830663559,0.3612167016936351,0.5136370774907836,-0.24390002694568827,-0.9846623688068962,0.5171042841259252
166.528,11.8503,-6.237,10.0,-42.0357,25.5699,3.8902242562926683,0.2817403331520488,-1.3060252233721914,-0.24390002694568827,-0.9865199703266267,-0.2024131381519236
166.578,11.8503,0.0,10.0,-42.1282,30.6166,1.6800549199085284,0.2817403331520488,-0.006266437041495043,-0.24390002694568827,-0.9883775718463573,0.2589245031909323
166.628,12.0998,4.9896,10.0,-42.2332,35.2984,-0.3996247139586412,0.34531633171288806,1.033540592023062,-0.24390002694568827,-0.9904862005984838,0.686905276614949
166.678,11.9751,-2.4948,10.0,-42.3319,28.9202,4.958608695652119,0.3135410731135425,-0.5261699515737737,-0.24390002694568827,-0.9924683116254829,0.10385026165210104
166.728,12.2869,6.237,10.0,-42.4463,36.7911,10.039551487414,0.3929919602929802,1.2934923492892014,-0.24390002694568827,-0.9947657128563713,0.8233585425575414
166.778,12.0375,-4.9896,10.0,-42.5482,27.0627,-0.46079176201379773,0.3294414430942896,-1.0460734661060522,-0.24390002694568827,-0.9968120868548637,-0.06595073083692268
166.828,12.2246,3.7422,10.0,-42.6594,34.6113,2.26318077803215,0.3771170716743822,0.7735888347569227,-0.24390002694568827,-0.9990452251142586,0.6240949067957252
166.878,12.1622,-1.2474,10.0,-42.7675,30.413,3.861679633867137,0.3612167016936351,-0.2662181943076343,-0.24390002694568827,-1.0012161086200193,0.24031266896710196
166.928,11.9751,-3.7422,10.0,-42.8663,27.9108,-6.569340961098502,0.3135410731135425,-0.7861217088399128,-0.24390002694568827,-1.0032002278648777,0.011577248560084413
166.978,12.2869,6.237,10.0,-42.9806,36.7911,-1.9165675057206202,0.3929919602929802,1.2934923492892014,-0.24390002694568827,-1.005495620877907,0.8233585425575414
167.028,12.2246,-1.2474,10.0,-43.0918,30.5741,-5.362311212814583,0.3771170716743822,-0.2662181943076343,-0.24390002694568827,-1.0077287591373019,0.2550394199172941
167.078,11.9751,-4.9896,10.0,-43.1906,26.9015,-4.020713958810256,0.3135410731135425,-1.0460734661060522,-0.24390002694568827,-1.00971287838216,-0.08068662315952335
167.128,12.2869,6.237,10.0,-43.3049,36.7911,-0.04077803203655611,0.3929919602929802,1.2934923492892014,-0.24390002694568827,-1.0120082713951892,0.8233585425575414
167.178,12.2869,0.0,10.0,-43.4193,31.7445,-0.3099130434782607,0.3929919602929802,-0.006266437041495043,-0.24390002694568827,-1.0143056726260775,0.3620300425870937
167.228,12.2869,0.0,10.0,-43.5336,31.7445,0.9786727688787484,0.3929919602929802,-0.006266437041495043,-0.24390002694568827,-1.0166010656391067,0.3620300425870937
167.278,11.9751,-6.237,10.0,-43.6324,25.8922,-3.266320366132575,0.3135410731135425,-1.3060252233721914,-0.24390002694568827,-1.0185851848839649,-0.1729504948791311
167.328,12.2246,4.9896,10.0,-43.7436,35.6207,-3.209231121281415,0.3771170716743822,1.033540592023062,-0.24390002694568827,-1.0208183231433599,0.7163679198877415
167.378,12.0998,-2.4948,10.0,-43.8486,29.2425,3.201075514874084,0.34531633171288806,-0.5261699515737737,-0.24390002694568827,-1.0229269518954864,0.13331290492489353
167.428,11.9751,-2.4948,10.0,-43.9473,28.9202,-2.8340732265447515,0.3135410731135425,-0.5261699515737737,-0.24390002694568827,-1.0249090629224855,0.10385026165210104
167.478,11.9751,0.0,10.0,-44.0461,30.9388,-1.1499405034324262,0.3135410731135425,-0.006266437041495043,-0.24390002694568827,-1.0268931821673437,0.28837800509131656
167.528,12.1622,3.7422,10.0,-44.1542,34.4502,0.008155606407503901,0.3612167016936351,0.7735888347569227,-0.24390002694568827,-1.0290640656731045,0.6093681558455334
167.578,12.0998,-1.2474,10.0,-44.2592,30.2518,-6.202338672768875,0.34531633171288806,-0.2662181943076343,-0.24390002694568827,-1.031172694425231,0.2255767766445013
167.628,11.9127,-3.7422,10.0,-44.3548,27.7497,1.3375194508008714,0.29764070313279545,-0.7861217088399128,-0.24390002694568827,-1.0330925506985957,-0.0031495023901073967
167.678,12.0375,2.4948,10.0,-44.4567,33.1186,3.849446224256412,0.3294414430942896,0.5136370774907836,-0.24390002694568827,-1.0351389246970881,0.4876416408531328
167.728,11.788,-4.9896,10.0,-44.5461,26.4181,0.08971167048065776,0.2658654445334503,-1.0460734661060522,-0.24390002694568827,-1.0369342714631844,-0.12487601738250798
167.778,11.9127,2.4948,10.0,-44.6417,32.7963,-0.8930389016019524,0.29764070313279545,0.5136370774907836,-0.24390002694568827,-1.0388541277365493,0.4581789975803403
167.828,11.9127,0.0,10.0,-44.7374,30.7777,2.1449244851257587,0.29764070313279545,-0.006266437041495043,-0.24390002694568827,-1.040775992227773,0.27365125414112446
167.878,11.9751,1.2474,10.0,-44.8361,31.9482,3.2907871853547177,0.3135410731135425,0.25368532022464424,-0.24390002694568827,-1.0427581032547721,0.38065101818333286
167.928,11.7256,-4.9896,10.0,-44.9224,26.257,-4.167514874141826,0.24996507455270323,-1.0460734661060522,-0.24390002694568827,-1.0444911952672342,-0.13960276833269977
167.978,11.7256,0.0,10.0,-45.0087,30.2943,-3.49467734553766,0.24996507455270323,-0.006266437041495043,-0.24390002694568827,-1.0462242872796963,0.22946185991813983
168.028,11.6632,-1.2474,10.0,-45.0919,29.1238,6.8629427917619585,0.23406470457195616,-0.2662181943076343,-0.24390002694568827,-1.0478951245385244,0.12246209587593139
168.078,11.8503,3.7422,10.0,-45.1844,33.6445,10.590054919908255,0.2817403331520488,0.7735888347569227,-0.24390002694568827,-1.0497527260582549,0.535716118349756
168.128,11.7256,-2.4948,10.0,-45.2707,28.2756,1.5250983981691861,0.24996507455270323,-0.5261699515737737,-0.24390002694568827,-1.051485818070717,0.044924975106515753
168.178,11.7256,0.0,10.0,-45.3569,30.2943,0.13864530892450544,0.24996507455270323,-0.006266437041495043,-0.24390002694568827,-1.05321690186532,0.22946185991813983
168.228,11.788,1.2474,10.0,-45.4463,31.4647,-2.524160183066294,0.2658654445334503,0.25368532022464424,-0.24390002694568827,-1.0550122486314164,0.33645248258793975
168.278,11.9127,2.4948,10.0,-45.542,32.7963,-1.0072173913043685,0.29764070313279545,0.5136370774907836,-0.24390002694568827,-1.0569341131226402,0.4581789975803403
168.328,11.7256,-3.7422,10.0,-45.6282,27.2663,2.6791167048055233,0.24996507455270323,-0.7861217088399128,-0.24390002694568827,-1.0586651969172431,-0.04733889661309201
168.378,11.788,1.2474,10.0,-45.7176,31.4647,0.44040274599554063,0.2658654445334503,0.25368532022464424,-0.24390002694568827,-1.0604605436833394,0.33645248258793975
168.428,11.7256,-1.2474,10.0,-45.8039,29.2849,1.1784851258580002,0.24996507455270323,-0.2662181943076343,-0.24390002694568827,-1.0621936356958017,0.1371888468261235
168.478,11.9751,4.9896,10.0,-45.9027,34.9761,-2.0878352402747082,0.3135410731135425,1.033540592023062,-0.24390002694568827,-1.06417775494066,0.6574426333421565
168.528,12.0375,1.2474,10.0,-46.0046,32.1093,-4.151203661327158,0.3294414430942896,0.25368532022464424,-0.24390002694568827,-1.0662241289391523,0.3953777691335247
168.578,11.9751,-1.2474,10.0,-46.1033,29.9295,-1.9451121281463049,0.3135410731135425,-0.2662181943076343,-0.24390002694568827,-1.0682062399661512,0.1961141333717088
168.628,11.7256,-4.9896,10.0,-46.1896,26.257,1.3048970251716225,0.24996507455270323,-1.0460734661060522,-0.24390002694568827,-1.0699393319786132,-0.13960276833269977
168.678,11.788,1.2474,10.0,-46.279,31.4647,1.9858901601828627,0.2658654445334503,0.25368532022464424,-0.24390002694568827,-1.0717346787447097,0.33645248258793975
168.728,11.7256,-1.2474,10.0,-46.3653,29.2849,4.68131807780299,0.24996507455270323,-0.2662181943076343,-0.24390002694568827,-1.0734677707571716,0.1371888468261235
168.778,11.9127,3.7422,10.0,-46.4609,33.8057,-1.0928512585810863,0.29764070313279545,0.7735888347569227,-0.24390002694568827,-1.0753876270305365,0.5504520106723566
168.828,11.7256,-3.7422,10.0,-46.5472,27.2663,-5.072787185354546,0.24996507455270323,-0.7861217088399128,-0.24390002694568827,-1.0771207190429986,-0.04733889661309201
168.878,11.9127,3.7422,10.0,-46.6428,33.8057,-4.603839816933582,0.29764070313279545,0.7735888347569227,-0.24390002694568827,-1.0790405753163634,0.5504520106723566
168.928,11.9127,0.0,10.0,-46.7385,30.7777,-2.475226544622376,0.29764070313279545,-0.006266437041495043,-0.24390002694568827,-1.0809624398075874,0.27365125414112446
168.978,11.788,-2.4948,10.0,-46.8279,28.4368,2.948251716247139,0.2658654445334503,-0.5261699515737737,-0.24390002694568827,-1.0827577865736837,0.05966086742911643
169.028,11.788,0.0,10.0,-46.9173,30.4554,5.704846681922261,0.2658654445334503,-0.006266437041495043,-0.24390002694568827,-1.08455313333978,0.24418861086833196
169.078,11.9127,2.4948,10.0,-47.0129,32.7963,4.819963386727591,0.29764070313279545,0.5136370774907836,-0.24390002694568827,-1.0864729896131449,0.4581789975803403
169.128,12.0375,2.4948,10.0,-47.1148,33.1186,-1.5006315789474989,0.3294414430942896,0.5136370774907836,-0.24390002694568827,-1.0885193636116373,0.4876416408531328
169.178,11.9751,-1.2474,10.0,-47.2135,29.9295,-1.5087871853548067,0.3135410731135425,-0.2662181943076343,-0.24390002694568827,-1.0905014746386361,0.1961141333717088
169.228,11.788,-3.7422,10.0,-47.3029,27.4274,-4.147125858123455,0.2658654445334503,-0.7861217088399128,-0.24390002694568827,-1.0922968214047324,-0.0326121456629002
169.278,11.5385,-4.9896,10.0,-47.3798,25.7736,1.0112951945080222,0.20228944597261106,-1.0460734661060522,-0.24390002694568827,-1.0938411409384328,-0.18379216255568473
169.328,11.8503,6.237,10.0,-47.4724,35.6632,1.361986270022784,0.2817403331520488,1.2934923492892014,-0.24390002694568827,-1.0957007506760226,0.7202530031613803
169.378,11.7256,-2.4948,10.0,-47.5586,28.2756,-3.5925446224255295,0.24996507455270323,-0.5261699515737737,-0.24390002694568827,-1.0974318344706255,0.044924975106515753
169.428,11.9751,4.9896,10.0,-47.6574,34.9761,-1.6759771167045938,0.3135410731135425,1.033540592023062,-0.24390002694568827,-1.0994159537154837,0.6574426333421565
169.478,11.8503,-2.4948,10.0,-47.7499,28.5979,0.04077803203651739,0.2817403331520488,-0.5261699515737737,-0.24390002694568827,-1.1012735552352142,0.07438761837930824
169.528,11.9751,2.4948,10.0,-47.8487,32.9575,-1.5087871853547712,0.3135410731135425,0.5136370774907836,-0.24390002694568827,-1.1032576744800724,0.47291488990294095
169.578,11.9127,-1.2474,10.0,-47.9443,29.7684,-4.134892448512342,0.29764070313279545,-0.2662181943076343,-0.24390002694568827,-1.105177530753437,0.18138738242151667
169.628,11.8503,-1.2474,10.0,-48.0368,29.6072,2.936018306636292,0.2817403331520488,-0.2662181943076343,-0.24390002694568827,-1.1070351322731677,0.166651490098916
169.678,11.788,-1.2474,10.0,-48.1262,29.4461,4.3795606407322625,0.2658654445334503,-0.2662181943076343,-0.24390002694568827,-1.108830479039264,0.1519247391487242
169.728,11.6632,-2.4948,10.0,-48.2094,28.1145,4.179748283752593,0.23406470457195616,-0.5261699515737737,-0.24390002694568827,-1.110501316298092,0.03019822415632362
169.778,11.9127,4.9896,10.0,-48.305,34.815,-1.9655011441650416,0.29764070313279545,1.033540592023062,-0.24390002694568827,-1.1124211725714566,0.6427158823919641
169.828,11.6009,-6.237,10.0,-48.3851,24.9254,-1.0112951945080086,0.21818981595335768,-1.3060252233721914,-0.24390002694568827,-1.1140297550766505,-0.26132928332510036
169.878,11.6632,1.2474,10.0,-48.4682,31.1424,0.5015697940504135,0.23406470457195616,0.25368532022464424,-0.24390002694568827,-1.1156985841176192,0.3069898393151469
169.928,11.6632,0.0,10.0,-48.5514,30.1331,1.4394645308924687,0.23406470457195616,-0.006266437041495043,-0.24390002694568827,-1.1173694213764471,0.21472596759553916
169.978,11.9127,4.9896,10.0,-48.647,34.815,1.374219679633927,0.29764070313279545,1.033540592023062,-0.24390002694568827,-1.1192892776498118,0.6427158823919641
170.028,11.5385,-7.4844,10.0,-48.7239,23.7549,-1.1295514874140882,0.20228944597261106,-1.5659769806383308,-0.24390002694568827,-1.1208335971835122,-0.3683290473673088
170.078,11.788,4.9896,10.0,-48.8133,34.4927,1.0561510297483696,0.2658654445334503,1.033540592023062,-0.24390002694568827,-1.1226289439496084,0.6132532391191715
170.128,11.9127,2.4948,10.0,-48.909,32.7963,0.5219588100686098,0.29764070313279545,0.5136370774907836,-0.24390002694568827,-1.1245508084408324,0.4581789975803403
170.178,12.0375,2.4948,10.0,-49.0108,33.1186,5.325610983981403,0.3294414430942896,0.5136370774907836,-0.24390002694568827,-1.1265951742214657,0.4876416408531328
170.228,12.0375,0.0,10.0,-49.1127,31.1,-3.241853546910806,0.3294414430942896,-0.006266437041495043,-0.24390002694568827,-1.1286415482199579,0.30311389741391725
170.278,11.788,-4.9896,10.0,-49.2021,26.4181,-3.3437986270020983,0.2658654445334503,-1.0460734661060522,-0.24390002694568827,-1.1304368949860544,-0.12487601738250798
170.328,11.7256,-1.2474,10.0,-49.2884,29.2849,-2.5894050343249186,0.24996507455270323,-0.2662181943076343,-0.24390002694568827,-1.1321699869985165,0.1371888468261235
170.378,11.7256,0.0,10.0,-49.3747,30.2943,-5.798636155606456,0.24996507455270323,-0.006266437041495043,-0.24390002694568827,-1.1339030790109785,0.22946185991813983
170.428,11.7256,0.0,10.0,-49.461,30.2943,-3.1929199084667683,0.24996507455270323,-0.006266437041495043,-0.24390002694568827,-1.1356361710234406,0.22946185991813983
170.478,11.6632,-1.2474,10.0,-49.5441,29.1238,-0.18757894736830427,0.23406470457195616,-0.2662181943076343,-0.24390002694568827,-1.1373050000644094,0.12246209587593139
170.528,11.7256,1.2474,10.0,-49.6304,31.3036,-4.0411029748283775,0.24996507455270323,0.25368532022464424,-0.24390002694568827,-1.1390380920768717,0.3217257316377476
170.578,11.788,1.2474,10.0,-49.7198,31.4647,-7.66627002288318,0.2658654445334503,0.25368532022464424,-0.24390002694568827,-1.140833438842968,0.33645248258793975
170.628,11.8503,1.2474,10.0,-49.8123,31.6259,5.49687871853547,0.2817403331520488,0.25368532022464424,-0.24390002694568827,-1.1426910403626984,0.3511883749105404
170.678,11.788,-1.2474,10.0,-49.9017,29.4461,5.529501144164757,0.2658654445334503,-0.2662181943076343,-0.24390002694568827,-1.1444863871287947,0.1519247391487242
170.728,11.3514,-8.7318,10.0,-49.9693,22.2622,4.253148741418789,0.15461381739251842,-1.82592873790447,-0.24390002694568827,-1.1458439424015925,-0.5047823133099012
170.778,11.6009,4.9896,10.0,-50.0493,34.0093,2.3528924485123857,0.21818981595335768,1.033540592023062,-0.24390002694568827,-1.147450516688927,0.5690638448961872
170.828,11.4761,-2.4948,10.0,-50.1231,27.6311,-4.824041189931379,0.18638907599186397,-0.5261699515737737,-0.24390002694568827,-1.1489325814689932,-0.013991170066660999
170.878,11.5385,1.2474,10.0,-50.2001,30.8202,-3.1195194508008584,0.20228944597261106,0.25368532022464424,-0.24390002694568827,-1.1504789092205525,0.27753633741476297
170.928,11.3514,-3.7422,10.0,-50.2676,26.2994,-3.347876430205826,0.15461381739251842,-0.7861217088399128,-0.24390002694568827,-1.1518344562754912,-0.1357268264314701
170.978,11.4761,2.4948,10.0,-50.3414,31.6684,-1.0969290617849181,0.18638907599186397,0.5136370774907836,-0.24390002694568827,-1.1533165210555572,0.3550734581841786
171.028,11.3514,-2.4948,10.0,-50.409,27.3088,1.0357620137299173,0.15461381739251842,-0.5261699515737737,-0.24390002694568827,-1.154674076328355,-0.04345381333945348
171.078,11.4138,1.2474,10.0,-50.4797,30.4979,-0.8522608695650691,0.17051418737326549,0.25368532022464424,-0.24390002694568827,-1.156093886354787,0.2480736941419705
171.128,11.5385,2.4948,10.0,-50.5566,31.8295,3.6251670480549434,0.20228944597261106,0.5136370774907836,-0.24390002694568827,-1.157638205888487,0.3698002091343707
171.178,11.289,-4.9896,10.0,-50.6211,25.129,1.9410343249428375,0.13871344741177133,-1.0460734661060522,-0.24390002694568827,-1.1589335064076505,-0.2427174491012697
171.228,11.4138,2.4948,10.0,-50.6918,31.5072,-6.186027459954296,0.17051418737326549,0.5136370774907836,-0.24390002694568827,-1.1603533164340825,0.34033756586157826
171.278,11.2266,-3.7422,10.0,-50.7531,25.9772,-0.6035148741420138,0.12281307743102426,-0.7861217088399128,-0.24390002694568827,-1.1615843539817527,-0.16518032833185406
171.328,11.0395,-3.7422,10.0,-50.8051,25.4938,0.6075926773455986,0.07513744885093208,-0.7861217088399128,-0.24390002694568827,-1.16262862726852,-0.20936972255483868
171.378,11.1019,1.2474,10.0,-50.8602,29.6922,-4.293926773455224,0.09103781883167915,0.25368532022464424,-0.24390002694568827,-1.1637351553089217,0.17442165664619308
171.428,10.9772,-2.4948,10.0,-50.909,26.342,-1.0602288329519816,0.05926256023233358,-0.5261699515737737,-0.24390002694568827,-1.1647151656241956,-0.13183260178542305
171.478,11.1643,3.7422,10.0,-50.9672,31.872,1.5862654462241421,0.10693818881242623,0.7735888347569227,-0.24390002694568827,-1.1658839484182315,0.3736852924080093
171.528,10.8524,-6.237,10.0,-51.0099,22.9917,0.05301144164760352,0.02746182027083944,-1.3060252233721914,-0.24390002694568827,-1.1667414574440964,-0.43809600158944734
171.578,10.9148,1.2474,10.0,-51.0556,29.2088,-1.627043478260839,0.04336219025158651,0.25368532022464424,-0.24390002694568827,-1.1676592130057362,0.13023226242320846
171.628,10.9148,0.0,10.0,-51.1013,28.1995,0.9664393592679055,0.04336219025158651,-0.006266437041495043,-0.24390002694568827,-1.1685769685673761,0.03796839070360068
171.678,10.7901,-2.4948,10.0,-51.1408,25.8585,-0.004077803203643704,0.011586931652241395,-0.5261699515737737,-0.24390002694568827,-1.1693702146217475,-0.1760311373808162
171.728,10.8524,1.2474,10.0,-51.1835,29.0477,0.9175057208237769,0.02746182027083944,0.25368532022464424,-0.24390002694568827,-1.1702277236476124,0.11550551147301631
171.778,10.7277,-2.4948,10.0,-51.2198,25.6974,0.44448054919914215,-0.004313438328505676,-0.5261699515737737,-0.24390002694568827,-1.1709567067304905,-0.19075788833100832
171.828,10.5406,-3.7422,10.0,-51.2469,24.2047,-3.4457437070938757,-0.051989066908598315,-0.7861217088399128,-0.24390002694568827,-1.1715009337703248,-0.3272111542736007
171.878,10.6029,1.2474,10.0,-51.277,28.4031,-0.6769153318077858,-0.03611417828999982,0.25368532022464424,-0.24390002694568827,-1.1721054073459347,0.056580224927431026
171.928,10.6653,1.2474,10.0,-51.3103,28.5642,0.3873913043478239,-0.020213808309252748,0.25368532022464424,-0.24390002694568827,-1.1727741438930375,0.07130697587762316
171.978,10.4782,-3.7422,10.0,-51.3342,24.0435,2.3080366132723573,-0.06788943688934539,-0.7861217088399128,-0.24390002694568827,-1.1732541079613787,-0.34194704659620107
172.028,10.3535,-2.4948,10.0,-51.3519,24.7306,2.018512585812291,-0.0996646954886905,-0.5261699515737737,-0.24390002694568827,-1.1736095625224516,-0.27913667677697757
172.078,10.2911,-1.2474,10.0,-51.3664,25.5788,-1.3782974828375738,-0.11556506546943758,-0.2662181943076343,-0.24390002694568827,-1.173900754112031,-0.2015995560075616
172.128,10.2287,-1.2474,10.0,-51.3779,25.4176,2.5527048054920387,-0.13146543545018466,-0.2662181943076343,-0.24390002694568827,-1.1741316991658353,-0.21633544833016227
172.178,10.3535,2.4948,10.0,-51.3955,28.7679,1.484320366132691,-0.0996646954886905,0.5136370774907836,-0.24390002694568827,-1.1744851455090488,0.08992795147386237
172.228,10.1664,-3.7422,10.0,-51.4039,23.2378,0.3751578947369183,-0.14734032406878314,-0.7861217088399128,-0.24390002694568827,-1.1746538358092191,-0.4155990840919785
172.278,10.2287,1.2474,10.0,-51.4153,27.4363,2.5200823798627146,-0.13146543545018466,0.25368532022464424,-0.24390002694568827,-1.1748827726451643,-0.03179856351853821
172.328,10.1664,-1.2474,10.0,-51.4236,25.2565,1.0479954233408195,-0.14734032406878314,-0.2662181943076343,-0.24390002694568827,-1.1750494547274752,-0.2310621992803544
172.378,10.1664,0.0,10.0,-51.4319,26.2658,2.2427917620136433,-0.14734032406878314,-0.006266437041495043,-0.24390002694568827,-1.175216136809786,-0.13879832756074664
172.428,10.104,-1.2474,10.0,-51.4371,25.0953,3.7556567505721614,-0.1632406940495302,-0.2662181943076343,-0.24390002694568827,-1.1753205641384628,-0.24579809160295477
172.478,10.104,0.0,10.0,-51.4423,26.1047,4.18382608695641,-0.1632406940495302,-0.006266437041495043,-0.24390002694568827,-1.1754249914671397,-0.15352507851093847
172.528,10.104,0.0,10.0,-51.4475,26.1047,-3.225542334096101,-0.1632406940495302,-0.006266437041495043,-0.24390002694568827,-1.1755294187958163,-0.15352507851093847
172.578,9.9792,-2.4948,10.0,-51.4465,23.7637,-3.4294324942790966,-0.19504143401102392,-0.5261699515737737,-0.24390002694568827,-1.1755093366172247,-0.36752460659535535
172.628,10.0416,1.2474,10.0,-51.4486,26.9528,1.5903432494278125,-0.17914106403027683,0.25368532022464424,-0.24390002694568827,-1.1755515091922673,-0.07599709911393136
172.678,9.9792,-1.2474,10.0,-51.4475,24.7731,0.872649885583602,-0.19504143401102392,-0.2662181943076343,-0.24390002694568827,-1.1755294187958163,-0.27525159350333905
172.728,9.9792,0.0,10.0,-51.4465,25.7824,1.6678215102974474,-0.19504143401102392,-0.006266437041495043,-0.24390002694568827,-1.1755093366172247,-0.18298772178373127
172.778,10.104,2.4948,10.0,-51.4517,28.1233,1.1377070938214344,-0.1632406940495302,0.5136370774907836,-0.24390002694568827,-1.1756137639459014,0.031002664928277076
172.828,10.0416,-1.2474,10.0,-51.4538,24.9342,2.389592677345499,-0.17914106403027683,-0.2662181943076343,-0.24390002694568827,-1.175655936520944,-0.2605248425531469
172.878,9.9792,-1.2474,10.0,-51.4527,24.7731,1.8594782608694964,-0.19504143401102392,-0.2662181943076343,-0.24390002694568827,-1.175633846124493,-0.27525159350333905
172.928,9.9169,-1.2474,10.0,-51.4486,24.6119,-1.149940503432448,-0.2109163226296224,-0.2662181943076343,-0.24390002694568827,-1.1755515091922673,-0.2899874858259397
172.978,10.0416,2.4948,10.0,-51.4507,27.9621,-2.956407322654334,-0.17914106403027683,0.5136370774907836,-0.24390002694568827,-1.1755936817673096,0.0162667726056764
173.028,9.7298,-6.237,10.0,-51.4371,20.0912,3.0216521739129796,-0.25859195120971507,-1.3060252233721914,-0.24390002694568827,-1.1753205641384628,-0.703241508299764
173.078,10.104,7.4844,10.0,-51.4423,32.1606,1.1621739130433701,-0.1632406940495302,1.5534441065553406,-0.24390002694568827,-1.1754249914671397,0.400067293179117
173.128,9.9169,-3.7422,10.0,-51.4382,22.5933,0.6973043478260151,-0.2109163226296224,-0.7861217088399128,-0.24390002694568827,-1.1753426545349137,-0.4745152292651552
173.178,9.9792,1.2474,10.0,-51.4372,26.7917,-0.693226544622397,-0.19504143401102392,0.25368532022464424,-0.24390002694568827,-1.1753225723563219,-0.09072385006412349
173.228,10.0416,1.2474,10.0,-51.4392,26.9528,-0.9582837528604334,-0.17914106403027683,0.25368532022464424,-0.24390002694568827,-1.1753627367135053,-0.07599709911393136
173.278,9.9792,-1.2474,10.0,-51.4382,24.7731,1.0276064073227096,-0.19504143401102392,-0.2662181943076343,-0.24390002694568827,-1.1753426545349137,-0.27525159350333905
173.328,9.9792,0.0,10.0,-51.4372,25.7824,-1.7860778032034919,-0.19504143401102392,-0.006266437041495043,-0.24390002694568827,-1.1753225723563219,-0.18298772178373127
173.378,9.9169,-1.2474,10.0,-51.433,24.6119,0.5872036613271551,-0.2109163226296224,-0.2662181943076343,-0.24390002694568827,-1.175238227206237,-0.2899874858259397
173.428,9.8545,-1.2474,10.0,-51.4257,24.4508,-2.010356979405036,-0.22681669261036946,-0.2662181943076343,-0.24390002694568827,-1.1750916273025176,-0.3047142367761315
173.478,9.9792,2.4948,10.0,-51.4247,27.801,2.2917254004576284,-0.19504143401102392,0.5136370774907836,-0.24390002694568827,-1.175071545123926,0.001540021655484267
173.528,10.104,2.4948,10.0,-51.4299,28.1233,-0.07747826086973664,-0.1632406940495302,0.5136370774907836,-0.24390002694568827,-1.1751759724526027,0.031002664928277076
173.578,9.9169,-3.7422,10.0,-51.4257,22.5933,-4.069647597253831,-0.2109163226296224,-0.7861217088399128,-0.24390002694568827,-1.1750916273025176,-0.4745152292651552
173.628,9.9792,1.2474,10.0,-51.4247,26.7917,0.9786727688788377,-0.19504143401102392,0.25368532022464424,-0.24390002694568827,-1.175071545123926,-0.09072385006412349
173.678,9.7921,-3.7422,10.0,-51.4143,22.271,3.4579771167045745,-0.24271706259111656,-0.7861217088399128,-0.24390002694568827,-1.1748626904665724,-0.5039778725379477
173.728,9.9792,3.7422,10.0,-51.4132,28.8104,2.9523295194507773,-0.19504143401102392,0.7735888347569227,-0.24390002694568827,-1.1748406000701217,0.0938130347475009
173.778,9.7298,-4.9896,10.0,-51.3997,21.1005,-2.54047139588087,-0.25859195120971507,-1.0460734661060522,-0.24390002694568827,-1.174569490659134,-0.6109776365801561
173.828,9.9792,4.9896,10.0,-51.3987,29.8197,-2.259102974828292,-0.19504143401102392,1.033540592023062,-0.24390002694568827,-1.1745494084805421,0.18607690646710867
173.878,9.9792,0.0,10.0,-51.3977,25.7824,1.3456750572081582,-0.19504143401102392,-0.006266437041495043,-0.24390002694568827,-1.1745293263019505,-0.18298772178373127
173.928,9.9169,-1.2474,10.0,-51.3935,24.6119,-0.6769153318078569,-0.2109163226296224,-0.2662181943076343,-0.24390002694568827,-1.1744449811518656,-0.2899874858259397
173.978,10.0416,2.4948,10.0,-51.3956,27.9621,-0.06116704805488565,-0.17914106403027683,0.5136370774907836,-0.24390002694568827,-1.1744871537269082,0.0162667726056764
174.028,9.8545,-3.7422,10.0,-51.3883,22.4321,6.181949656750541,-0.22681669261036946,-0.7861217088399128,-0.24390002694568827,-1.1743405538231888,-0.4892511215877559
174.078,9.7921,-1.2474,10.0,-51.3779,24.2896,0.8767276887871542,-0.24271706259111656,-0.2662181943076343,-0.24390002694568827,-1.1741316991658353,-0.3194501290987322
174.128,10.104,6.237,10.0,-51.3831,31.1513,-0.9419725400457996,-0.1632406940495302,1.2934923492892014,-0.24390002694568827,-1.174236126494512,0.3078034214595089
174.178,9.9792,-2.4948,10.0,-51.3821,23.7637,-3.4987551487413784,-0.19504143401102392,-0.5261699515737737,-0.24390002694568827,-1.1742160443159204,-0.36752460659535535
174.228,9.7921,-3.7422,10.0,-51.3717,22.271,-3.0705858123568666,-0.24271706259111656,-0.7861217088399128,-0.24390002694568827,-1.1740071896585669,-0.5039778725379477
174.278,9.8545,1.2474,10.0,-51.3644,26.4694,-0.9419725400457996,-0.22681669261036946,0.25368532022464424,-0.24390002694568827,-1.1738605897548477,-0.12018649333691599
174.328,9.9792,2.4948,10.0,-51.3634,27.801,0.986828375285953,-0.19504143401102392,0.5136370774907836,-0.24390002694568827,-1.173840507576256,0.001540021655484267
174.378,10.0416,1.2474,10.0,-51.3654,26.9528,4.55082837528603,-0.17914106403027683,0.25368532022464424,-0.24390002694568827,-1.1738806719334394,-0.07599709911393136
174.428,9.9169,-2.4948,10.0,-51.3613,23.6026,-1.4516979405034158,-0.2109163226296224,-0.5261699515737737,-0.24390002694568827,-1.1737983350012133,-0.38225135754554745
174.478,9.9792,1.2474,10.0,-51.3602,26.7917,-1.5984988558351094,-0.19504143401102392,0.25368532022464424,-0.24390002694568827,-1.1737762446047626,-0.09072385006412349
174.528,9.9792,0.0,10.0,-51.3592,25.7824,-2.095990846681851,-0.19504143401102392,-0.006266437041495043,-0.24390002694568827,-1.1737561624261708,-0.18298772178373127
174.578,9.8545,-2.4948,10.0,-51.3519,23.4414,0.14272311212792224,-0.22681669261036946,-0.5261699515737737,-0.24390002694568827,-1.1736095625224516,-0.3969872498681478
174.628,9.9169,1.2474,10.0,-51.3478,26.6306,4.204215102974815,-0.2109163226296224,0.25368532022464424,-0.24390002694568827,-1.1735272255902256,-0.1054506010143153
174.678,9.7921,-2.4948,10.0,-51.3374,23.2803,1.9655011441648573,-0.24271706259111656,-0.5261699515737737,-0.24390002694568827,-1.1733183709328723,-0.41171400081834
174.728,9.9792,3.7422,10.0,-51.3363,28.8104,-3.029807780320476,-0.19504143401102392,0.7735888347569227,-0.24390002694568827,-1.1732962805364213,0.0938130347475009
174.778,9.9792,0.0,10.0,-51.3353,25.7824,-3.963624713958803,-0.19504143401102392,-0.006266437041495043,-0.24390002694568827,-1.1732761983578295,-0.18298772178373127
174.828,9.9792,0.0,10.0,-51.3343,25.7824,0.11010068649894789,-0.19504143401102392,-0.006266437041495043,-0.24390002694568827,-1.1732561161792379,-0.18298772178373127
174.878,9.8545,-2.4948,10.0,-51.327,23.4414,1.904334096109918,-0.22681669261036946,-0.5261699515737737,-0.24390002694568827,-1.1731095162755187,-0.3969872498681478
174.928,9.8545,0.0,10.0,-51.3197,25.4601,-1.4190755148740923,-0.22681669261036946,-0.006266437041495043,-0.24390002694568827,-1.1729629163717994,-0.21245036505652376
174.978,9.8545,0.0,10.0,-51.3124,25.4601,1.8390892448511569,-0.22681669261036946,-0.006266437041495043,-0.24390002694568827,-1.17281631646808,-0.21245036505652376
175.028,10.0416,3.7422,10.0,-51.3145,28.9715,2.887084668192169,-0.17914106403027683,0.7735888347569227,-0.24390002694568827,-1.1728584890431226,0.10853978569769271
175.078,10.0416,0.0,10.0,-51.3166,25.9435,-4.200137299771072,-0.17914106403027683,-0.006266437041495043,-0.24390002694568827,-1.1729006616181652,-0.16826097083353914
175.128,9.7921,-4.9896,10.0,-51.3062,21.2617,-1.2518855835240223,-0.24271706259111656,-1.0460734661060522,-0.24390002694568827,-1.1726918069608117,-0.5962417442575555
175.178,9.9169,2.4948,10.0,-51.302,27.6399,2.850384439359069,-0.2109163226296224,0.5136370774907836,-0.24390002694568827,-1.1726074618107267,-0.013186729294707543
175.228,9.8545,-1.2474,10.0,-51.2948,24.4508,-0.8726498855834802,-0.22681669261036946,-0.2662181943076343,-0.24390002694568827,-1.1724628701248665,-0.3047142367761315
175.278,9.7921,-1.2474,10.0,-51.2844,24.2896,0.5341922196797634,-0.24271706259111656,-0.2662181943076343,-0.24390002694568827,-1.172254015467513,-0.3194501290987322
175.328,9.8545,1.2474,10.0,-51.2771,26.4694,0.8563386727688832,-0.22681669261036946,0.25368532022464424,-0.24390002694568827,-1.1721074155637936,-0.12018649333691599
175.378,9.8545,0.0,10.0,-51.2698,25.4601,-2.626105263157853,-0.22681669261036946,-0.006266437041495043,-0.24390002694568827,-1.1719608156600745,-0.21245036505652376
175.428,9.9169,1.2474,10.0,-51.2657,26.6306,-0.5341922196797128,-0.2109163226296224,0.25368532022464424,-0.24390002694568827,-1.1718784787278487,-0.1054506010143153
175.478,9.9792,1.2474,10.0,-51.2646,26.7917,1.0887734553774995,-0.19504143401102392,0.25368532022464424,-0.24390002694568827,-1.1718563883313977,-0.09072385006412349
175.528,9.7921,-3.7422,10.0,-51.2542,22.271,0.16311212814659679,-0.24271706259111656,-0.7861217088399128,-0.24390002694568827,-1.1716475336740442,-0.5039778725379477
175.578,9.8545,1.2474,10.0,-51.247,26.4694,3.47021052631587,-0.22681669261036946,0.25368532022464424,-0.24390002694568827,-1.1715029419881842,-0.12018649333691599
175.628,9.9792,2.4948,10.0,-51.2459,27.801,1.3008192219677805,-0.19504143401102392,0.5136370774907836,-0.24390002694568827,-1.1714808515917332,0.001540021655484267
175.678,9.9169,-1.2474,10.0,-51.2418,24.6119,-0.7992494279176762,-0.2109163226296224,-0.2662181943076343,-0.24390002694568827,-1.1713985146595074,-0.2899874858259397
175.728,9.6674,-4.9896,10.0,-51.2251,20.9394,-0.10194508009147463,-0.2744923211904617,-1.0460734661060522,-0.24390002694568827,-1.1710631422770263,-0.6257043875303483
175.778,9.9169,4.9896,10.0,-51.221,29.6585,-2.622027459954226,-0.2109163226296224,1.033540592023062,-0.24390002694568827,-1.1709808053448003,0.171341014144508
175.828,9.7921,-2.4948,10.0,-51.2106,23.2803,-2.3161922196795524,-0.24271706259111656,-0.5261699515737737,-0.24390002694568827,-1.170771950687447,-0.41171400081834
175.878,9.9169,2.4948,10.0,-51.2064,27.6399,2.638338672768814,-0.2109163226296224,0.5136370774907836,-0.24390002694568827,-1.1706876055373618,-0.013186729294707543
175.928,9.9169,0.0,10.0,-51.2023,25.6212,3.8698352402744884,-0.2109163226296224,-0.006266437041495043,-0.24390002694568827,-1.170605268605136,-0.1977236141063316
175.978,9.8545,-1.2474,10.0,-51.195,24.4508,1.3497528604119693,-0.22681669261036946,-0.2662181943076343,-0.24390002694568827,-1.1704586687014167,-0.3047142367761315
176.028,9.7921,-1.2474,10.0,-51.1846,24.2896,-1.1295514874142076,-0.24271706259111656,-0.2662181943076343,-0.24390002694568827,-1.1702498140440634,-0.3194501290987322
176.078,10.0416,4.9896,10.0,-51.1867,29.9808,-2.0266681922197023,-0.17914106403027683,1.033540592023062,-0.24390002694568827,-1.1702919866191057,0.20080365741730047
176.128,9.9169,-2.4948,10.0,-51.1825,23.6026,2.6220274599542726,-0.2109163226296224,-0.5261699515737737,-0.24390002694568827,-1.1702076414690206,-0.38225135754554745
176.178,9.8545,-1.2474,10.0,-51.1753,24.4508,2.352892448512573,-0.22681669261036946,-0.2662181943076343,-0.24390002694568827,-1.1700630497831606,-0.3047142367761315
176.228,9.8545,0.0,10.0,-51.168,25.4601,-5.713002288329531,-0.22681669261036946,-0.006266437041495043,-0.24390002694568827,-1.1699164498794412,-0.21245036505652376
176.278,9.9169,1.2474,10.0,-51.1638,26.6306,-1.2641189931350079,-0.2109163226296224,0.25368532022464424,-0.24390002694568827,-1.1698321047293563,-0.1054506010143153
176.328,9.9169,0.0,10.0,-51.1597,25.6212,1.5210205949656697,-0.2109163226296224,-0.006266437041495043,-0.24390002694568827,-1.1697497677971305,-0.1977236141063316
176.378,10.104,3.7422,10.0,-51.1649,29.1326,-2.434448512585737,-0.1632406940495302,0.7735888347569227,-0.24390002694568827,-1.1698541951258072,0.12326653664788484
176.428,9.8545,-4.9896,10.0,-51.1576,21.4228,1.945112128146467,-0.22681669261036946,-1.0460734661060522,-0.24390002694568827,-1.169707595222088,-0.5815149933073637
176.478,9.9169,1.2474,10.0,-51.1534,26.6306,0.08155606407317303,-0.2109163226296224,0.25368532022464424,-0.24390002694568827,-1.1696232500720027,-0.1054506010143153
176.528,9.9169,0.0,10.0,-51.1493,25.6212,-2.6383386727689038,-0.2109163226296224,-0.006266437041495043,-0.24390002694568827,-1.1695409131397767,-0.1977236141063316
176.578,9.9169,0.0,10.0,-51.1451,25.6212,2.010356979405071,-0.2109163226296224,-0.006266437041495043,-0.24390002694568827,-1.1694565679896918,-0.1977236141063316
176.628,9.9169,0.0,10.0,-51.141,25.6212,0.7747826086957438,-0.2109163226296224,-0.006266437041495043,-0.24390002694568827,-1.169374231057466,-0.1977236141063316
176.678,9.9169,0.0,10.0,-51.1368,25.6212,-3.1399084668192154,-0.2109163226296224,-0.006266437041495043,-0.24390002694568827,-1.1692898859073808,-0.1977236141063316
176.728,9.8545,-1.2474,10.0,-51.1295,24.4508,1.965501144164609,-0.22681669261036946,-0.2662181943076343,-0.24390002694568827,-1.1691432860036615,-0.3047142367761315
176.778,9.9792,2.4948,10.0,-51.1285,27.801,2.3814370709381287,-0.19504143401102392,0.5136370774907836,-0.24390002694568827,-1.1691232038250698,0.001540021655484267
176.828,9.8545,-2.4948,10.0,-51.1212,23.4414,-1.223340961098323,-0.22681669261036946,-0.5261699515737737,-0.24390002694568827,-1.1689766039213507,-0.3969872498681478
176.878,9.9169,1.2474,10.0,-51.1171,26.6306,-0.167189931349932,-0.2109163226296224,0.25368532022464424,-0.24390002694568827,-1.1688942669891247,-0.1054506010143153
176.928,9.9792,1.2474,10.0,-51.116,26.7917,0.42001372997710934,-0.19504143401102392,0.25368532022464424,-0.24390002694568827,-1.168872176592674,-0.09072385006412349
176.978,9.9169,-1.2474,10.0,-51.1119,24.6119,-1.2151853546911475,-0.2109163226296224,-0.2662181943076343,-0.24390002694568827,-1.168789839660448,-0.2899874858259397
177.028,9.9169,0.0,10.0,-51.1077,25.6212,1.1010068649885725,-0.2109163226296224,-0.006266437041495043,-0.24390002694568827,-1.168705494510363,-0.1977236141063316
177.078,9.9169,0.0,10.0,-51.1036,25.6212,2.0225903890159507,-0.2109163226296224,-0.006266437041495043,-0.24390002694568827,-1.168623157578137,-0.1977236141063316
177.128,9.9169,0.0,10.0,-51.0994,25.6212,0.7340045766590211,-0.2109163226296224,-0.006266437041495043,-0.24390002694568827,-1.168538812428052,-0.1977236141063316
177.178,10.0416,2.4948,10.0,-51.1015,27.9621,2.6628054919907362,-0.17914106403027683,0.5136370774907836,-0.24390002694568827,-1.1685809850030946,0.0162667726056764
177.228,10.0416,0.0,10.0,-51.1036,25.9435,0.21204576659030389,-0.17914106403027683,-0.006266437041495043,-0.24390002694568827,-1.168623157578137,-0.16826097083353914
177.278,9.8545,-3.7422,10.0,-51.0963,22.4321,-1.9981235697939506,-0.22681669261036946,-0.7861217088399128,-0.24390002694568827,-1.1684765576744176,-0.4892511215877559
177.328,9.8545,0.0,10.0,-51.089,25.4601,-0.13456750572084758,-0.22681669261036946,-0.006266437041495043,-0.24390002694568827,-1.1683299577706985,-0.21245036505652376
177.378,9.9169,1.2474,10.0,-51.0849,26.6306,-2.691350114416463,-0.2109163226296224,0.25368532022464424,-0.24390002694568827,-1.1682476208384724,-0.1054506010143153
177.428,10.104,3.7422,10.0,-51.0901,29.1326,-2.8381510297481043,-0.1632406940495302,0.7735888347569227,-0.24390002694568827,-1.1683520481671492,0.12326653664788484
177.478,9.9792,-2.4948,10.0,-51.089,23.7637,-3.563999999999856,-0.19504143401102392,-0.5261699515737737,-0.24390002694568827,-1.1683299577706985,-0.36752460659535535
177.528,10.104,2.4948,10.0,-51.0942,28.1233,-2.3610480549198596,-0.1632406940495302,0.5136370774907836,-0.24390002694568827,-1.1684343850993753,0.031002664928277076
177.578,10.0416,-1.2474,10.0,-51.0963,24.9342,1.4680091533180113,-0.17914106403027683,-0.2662181943076343,-0.24390002694568827,-1.1684765576744176,-0.2605248425531469
177.628,10.0416,0.0,10.0,-51.0984,25.9435,2.6179496567504477,-0.17914106403027683,-0.006266437041495043,-0.24390002694568827,-1.1685187302494602,-0.16826097083353914
177.678,10.0416,0.0,10.0,-51.1005,25.9435,4.546750572082278,-0.17914106403027683,-0.006266437041495043,-0.24390002694568827,-1.1685609028245028,-0.16826097083353914
177.728,9.8545,-3.7422,10.0,-51.0932,22.4321,1.3701418764302753,-0.22681669261036946,-0.7861217088399128,-0.24390002694568827,-1.1684143029207836,-0.4892511215877559
177.778,9.8545,0.0,10.0,-51.0859,25.4601,-2.1938581235698305,-0.22681669261036946,-0.006266437041495043,-0.24390002694568827,-1.1682677030170643,-0.21245036505652376
177.828,9.9169,1.2474,10.0,-51.0818,26.6306,-0.03262242562948825,-0.2109163226296224,0.25368532022464424,-0.24390002694568827,-1.1681853660848385,-0.1054506010143153
177.878,9.7298,-3.7422,10.0,-51.0683,22.1098,-1.0072173913043474,-0.25859195120971507,-0.7861217088399128,-0.24390002694568827,-1.1679142566738507,-0.5187137648605484
177.928,9.8545,2.4948,10.0,-51.061,27.4788,-1.382375286040976,-0.22681669261036946,0.5136370774907836,-0.24390002694568827,-1.1677676567701314,-0.027913480244899678
177.978,9.9169,1.2474,10.0,-51.0568,26.6306,1.9288009153317838,-0.2109163226296224,0.25368532022464424,-0.24390002694568827,-1.1676833116200465,-0.1054506010143153
178.028,10.104,3.7422,10.0,-51.062,29.1326,0.7013821510297276,-0.1632406940495302,0.7735888347569227,-0.24390002694568827,-1.167787738948723,0.12326653664788484
178.078,10.104,0.0,10.0,-51.0672,26.1047,-2.805528604118793,-0.1632406940495302,-0.006266437041495043,-0.24390002694568827,-1.1678921662773998,-0.15352507851093847
178.128,10.104,0.0,10.0,-51.0724,26.1047,1.5536430205948963,-0.1632406940495302,-0.006266437041495043,-0.24390002694568827,-1.1679965936060765,-0.15352507851093847
178.178,9.9792,-2.4948,10.0,-51.0714,23.7637,1.7208329519450454,-0.19504143401102392,-0.5261699515737737,-0.24390002694568827,-1.1679765114274847,-0.36752460659535535
178.228,9.9169,-1.2474,10.0,-51.0672,24.6119,-4.8933638443935195,-0.2109163226296224,-0.2662181943076343,-0.24390002694568827,-1.1678921662773998,-0.2899874858259397
178.278,10.0416,2.4948,10.0,-51.0693,27.9621,-4.42033867276887,-0.17914106403027683,0.5136370774907836,-0.24390002694568827,-1.1679343388524424,0.0162667726056764
178.328,9.9169,-2.4948,10.0,-51.0652,23.6026,0.6606041189931106,-0.2109163226296224,-0.5261699515737737,-0.24390002694568827,-1.1678520019202163,-0.38225135754554745
178.378,9.7298,-3.7422,10.0,-51.0517,22.1098,-3.2907871853547124,-0.25859195120971507,-0.7861217088399128,-0.24390002694568827,-1.1675808925092286,-0.5187137648605484
178.428,9.7921,1.2474,10.0,-51.0413,26.3083,-2.9808741418764453,-0.24271706259111656,0.25368532022464424,-0.24390002694568827,-1.1673720378518753,-0.1349132442871081
178.478,9.9169,2.4948,10.0,-51.0371,27.6399,1.7901556064073165,-0.2109163226296224,0.5136370774907836,-0.24390002694568827,-1.1672876927017901,-0.013186729294707543
178.528,9.6674,-4.9896,10.0,-51.0205,20.9394,2.5404713958810863,-0.2744923211904617,-1.0460734661060522,-0.24390002694568827,-1.1669543285371682,-0.6257043875303483
178.578,9.7921,2.4948,10.0,-51.0101,27.3176,2.446681922196916,-0.24271706259111656,0.5136370774907836,-0.24390002694568827,-1.1667454738798149,-0.04264937256750035
178.628,9.9169,2.4948,10.0,-51.0059,27.6399,4.016636155606361,-0.2109163226296224,0.5136370774907836,-0.24390002694568827,-1.1666611287297297,-0.013186729294707543
178.678,9.6674,-4.9896,10.0,-50.9893,20.9394,4.840352402745808,-0.2744923211904617,-1.0460734661060522,-0.24390002694568827,-1.1663277645651078,-0.6257043875303483
178.728,9.7921,2.4948,10.0,-50.9789,27.3176,-2.6709610983981267,-0.24271706259111656,0.5136370774907836,-0.24390002694568827,-1.1661189099077545,-0.04264937256750035
178.778,9.7921,0.0,10.0,-50.9685,25.299,2.263180778032071,-0.24271706259111656,-0.006266437041495043,-0.24390002694568827,-1.1659100552504007,-0.2271771160067159
178.828,9.8545,1.2474,10.0,-50.9612,26.4694,7.038288329519244,-0.22681669261036946,0.25368532022464424,-0.24390002694568827,-1.1657634553466816,-0.12018649333691599
178.878,9.7298,-2.4948,10.0,-50.9477,23.1192,-5.631446224256265,-0.25859195120971507,-0.5261699515737737,-0.24390002694568827,-1.1654923459356938,-0.4264407517685321
178.928,9.8545,2.4948,10.0,-50.9404,27.4788,-5.89650343249414,-0.22681669261036946,0.5136370774907836,-0.24390002694568827,-1.1653457460319745,-0.027913480244899678
178.978,9.7298,-2.4948,10.0,-50.9269,23.1192,4.689473684210484,-0.25859195120971507,-0.5261699515737737,-0.24390002694568827,-1.165074636620987,-0.4264407517685321
179.028,9.7921,1.2474,10.0,-50.9165,26.3083,-2.479304347826066,-0.24271706259111656,0.25368532022464424,-0.24390002694568827,-1.1648657819636334,-0.1349132442871081
179.078,9.7921,0.0,10.0,-50.9061,25.299,-3.604778032036578,-0.24271706259111656,-0.006266437041495043,-0.24390002694568827,-1.16465692730628,-0.2271771160067159
179.128,9.9792,3.7422,10.0,-50.9051,28.8104,5.076864988558342,-0.19504143401102392,0.7735888347569227,-0.24390002694568827,-1.164636845127688,0.0938130347475009
179.178,9.7921,-3.7422,10.0,-50.8947,22.271,0.34661327231111494,-0.24271706259111656,-0.7861217088399128,-0.24390002694568827,-1.1644279904703347,-0.5039778725379477
179.228,9.7298,-1.2474,10.0,-50.8812,24.1285,-0.6279816933639532,-0.25859195120971507,-0.2662181943076343,-0.24390002694568827,-1.164156881059347,-0.3341768800489243
179.278,9.9169,3.7422,10.0,-50.877,28.6492,1.1173180778032057,-0.2109163226296224,0.7735888347569227,-0.24390002694568827,-1.164072535909262,0.07907714242490023
179.328,9.7921,-2.4948,10.0,-50.8666,23.2803,0.23651258581236845,-0.24271706259111656,-0.5261699515737737,-0.24390002694568827,-1.1638636812519083,-0.41171400081834
179.378,9.5427,-4.9896,10.0,-50.8438,20.6171,-2.7729061784896682,-0.30626757978980723,-1.0460734661060522,-0.24390002694568827,-1.1634058075800182,-0.6551670308031408
179.428,9.8545,6.237,10.0,-50.8365,30.5067,-2.8340732265445494,-0.22681669261036946,1.2934923492892014,-0.24390002694568827,-1.1632592076762989,0.24887813491392363
179.478,9.7921,-1.2474,10.0,-50.8261,24.2896,-1.7697665903889874,-0.24271706259111656,-0.2662181943076343,-0.24390002694568827,-1.1630503530189453,-0.3194501290987322
179.528,9.7298,-1.2474,10.0,-50.8126,24.1285,-2.915629290617833,-0.25859195120971507,-0.2662181943076343,-0.24390002694568827,-1.1627792436079578,-0.3341768800489243
179.578,9.8545,2.4948,10.0,-50.8053,27.4788,-1.113240274599509,-0.22681669261036946,0.5136370774907836,-0.24390002694568827,-1.1626326437042385,-0.027913480244899678
179.628,9.8545,0.0,10.0,-50.7981,25.4601,0.9297391304348729,-0.22681669261036946,-0.006266437041495043,-0.24390002694568827,-1.1624880520183782,-0.21245036505652376
179.678,9.7921,-1.2474,10.0,-50.7877,24.2896,-1.247807780320287,-0.24271706259111656,-0.2662181943076343,-0.24390002694568827,-1.1622791973610247,-0.3194501290987322
179.728,9.7298,-1.2474,10.0,-50.7741,24.1285,-2.658727688787276,-0.25859195120971507,-0.2662181943076343,-0.24390002694568827,-1.1620060797321778,-0.3341768800489243
179.778,9.605,-2.4948,10.0,-50.7544,22.7969,3.409043478260799,-0.29039269117120875,-0.5261699515737737,-0.24390002694568827,-1.1616104608139217,-0.4559033950413246
179.828,9.605,0.0,10.0,-50.7346,24.8155,0.06932265446229491,-0.29039269117120875,-0.006266437041495043,-0.24390002694568827,-1.1612128336778065,-0.271375651602109
179.878,9.4803,-2.4948,10.0,-50.7087,22.4746,-6.993432494279213,-0.3221679497705543,-0.5261699515737737,-0.24390002694568827,-1.160692705252282,-0.4853660383141174
179.928,9.5427,1.2474,10.0,-50.6858,25.6637,-0.10602288329522036,-0.30626757978980723,0.25368532022464424,-0.24390002694568827,-1.1602328233625323,-0.1938385308326934
179.978,9.4803,-1.2474,10.0,-50.6598,23.4839,0.39962471395896815,-0.3221679497705543,-0.2662181943076343,-0.24390002694568827,-1.1597106867191487,-0.39310216659450964
180.028,9.4803,0.0,10.0,-50.6338,24.4933,-2.6179496567505476,-0.3221679497705543,-0.006266437041495043,-0.24390002694568827,-1.159188550075765,-0.300829153502493
180.078,9.4179,-1.2474,10.0,-50.6047,23.3228,2.809606407322607,-0.33806831975130136,-0.2662181943076343,-0.24390002694568827,-1.158604158678747,-0.4078289175447014
180.128,9.4179,0.0,10.0,-50.5756,24.3321,2.662805491990897,-0.33806831975130136,-0.006266437041495043,-0.24390002694568827,-1.1580197672817292,-0.31556504582509365
180.178,9.4179,0.0,10.0,-50.5465,24.3321,0.815560640732278,-0.33806831975130136,-0.006266437041495043,-0.24390002694568827,-1.1574353758847111,-0.31556504582509365
180.228,9.4803,1.2474,10.0,-50.5205,25.5026,-0.06524485125858126,-0.3221679497705543,0.25368532022464424,-0.24390002694568827,-1.1569132392413275,-0.20856528178288522
180.278,9.2932,-3.7422,10.0,-50.4852,20.9819,-1.4149977116704937,-0.36984357835064646,-0.7861217088399128,-0.24390002694568827,-1.156204338337041,-0.6218193042567097
180.328,9.2308,-1.2474,10.0,-50.4467,22.8394,-2.418137299771106,-0.3857439483313936,-0.2662181943076343,-0.24390002694568827,-1.1554311744612613,-0.45201831176768603
180.378,9.2308,0.0,10.0,-50.4083,23.8487,0.10194508009147007,-0.3857439483313936,-0.006266437041495043,-0.24390002694568827,-1.1546600188033407,-0.3597544400480783
180.428,9.1684,-1.2474,10.0,-50.3667,22.6782,1.7656887871852545,-0.40164431831214065,-0.2662181943076343,-0.24390002694568827,-1.1538246001739267,-0.46675420409028673
180.478,9.0437,-2.4948,10.0,-50.3189,21.3466,-0.3629244851258173,-0.4334195769114862,-0.5261699515737737,-0.24390002694568827,-1.1528646720372444,-0.5884807190826873
180.528,9.2308,3.7422,10.0,-50.2804,26.8767,-2.2917254004575827,-0.3857439483313936,0.7735888347569227,-0.24390002694568827,-1.1520915081614647,-0.08295368351684644
180.578,9.0437,-3.7422,10.0,-50.2326,20.3373,0.7380823798626635,-0.4334195769114862,-0.7861217088399128,-0.24390002694568827,-1.1511315800247823,-0.6807445908022951
180.628,9.0437,0.0,10.0,-50.1848,23.3653,0.4322471395880767,-0.4334195769114862,-0.006266437041495043,-0.24390002694568827,-1.1501716518881,-0.4039438342710629
180.678,8.9813,-1.2474,10.0,-50.1338,22.1948,-0.79924942791753,-0.44931994689223326,-0.2662181943076343,-0.24390002694568827,-1.1491474607799241,-0.5109435983132713
180.728,8.9813,0.0,10.0,-50.0829,23.2041,3.1276750572082532,-0.44931994689223326,-0.006266437041495043,-0.24390002694568827,-1.1481252778896076,-0.4186797265936636
180.778,8.919,-1.2474,10.0,-50.0289,22.0337,0.1141784897025322,-0.4651948355108313,-0.2662181943076343,-0.24390002694568827,-1.1470408402456567,-0.5256703492634635
180.828,8.919,0.0,10.0,-49.9748,23.043,-1.3171304347826662,-0.4651948355108313,-0.006266437041495043,-0.24390002694568827,-1.1459543943838468,-0.4334064775438557
180.878,8.9813,1.2474,10.0,-49.9239,24.2135,1.4720869565216887,-0.44931994689223326,0.25368532022464424,-0.24390002694568827,-1.1449322114935303,-0.32640671350164724
180.928,8.7942,-3.7422,10.0,-49.8636,19.6928,-1.0072173913042837,-0.4969955754723255,-0.7861217088399128,-0.24390002694568827,-1.1437212561244516,-0.7396607359754718
180.978,8.7318,-1.2474,10.0,-49.8002,21.5503,-2.44260411899312,-0.5128959454530725,-0.2662181943076343,-0.24390002694568827,-1.142448046001739,-0.5698597434864481
181.028,8.7318,0.0,10.0,-49.7368,22.5596,1.8554004576659466,-0.5128959454530725,-0.006266437041495043,-0.24390002694568827,-1.1411748358790266,-0.4775958717668403
181.078,8.7942,1.2474,10.0,-49.6765,23.73,0.1468009153319172,-0.4969955754723255,0.25368532022464424,-0.24390002694568827,-1.1399638805099481,-0.3706052490970404
181.128,8.6071,-3.7422,10.0,-49.6068,19.2093,2.4589153318076487,-0.5446712040524176,-0.7861217088399128,-0.24390002694568827,-1.138564152662108,-0.783859271570865
181.178,8.6695,1.2474,10.0,-49.5403,23.4078,4.102270022883173,-0.528770834071671,0.25368532022464424,-0.24390002694568827,-1.1372286877857611,-0.4000587509974244
181.228,8.6695,0.0,10.0,-49.4738,22.3985,1.871711670480517,-0.528770834071671,-0.006266437041495043,-0.24390002694568827,-1.135893222909414,-0.4923226227170325
181.278,8.6071,-1.2474,10.0,-49.4041,21.228,3.94323569794038,-0.5446712040524176,-0.2662181943076343,-0.24390002694568827,-1.134493495061574,-0.5993223867592405
181.328,8.6695,1.2474,10.0,-49.3376,23.4078,-0.06932265446220359,-0.528770834071671,0.25368532022464424,-0.24390002694568827,-1.1331580301852273,-0.4000587509974244
181.378,8.5447,-2.4948,10.0,-49.2648,20.0575,2.5894050343249946,-0.5605715740331647,-0.5261699515737737,-0.24390002694568827,-1.1316960475837528,-0.706322150801449
181.428,8.5447,0.0,10.0,-49.1921,22.0762,2.569016018306548,-0.5605715740331647,-0.006266437041495043,-0.24390002694568827,-1.1302360732001375,-0.5217852659898249
181.478,8.6071,1.2474,10.0,-49.1224,23.2466,-2.3814370709382424,-0.5446712040524176,0.25368532022464424,-0.24390002694568827,-1.1288363453522972,-0.414794643320025
181.528,8.6071,0.0,10.0,-49.0528,22.2373,-1.170329519450763,-0.5446712040524176,-0.006266437041495043,-0.24390002694568827,-1.1274386257223161,-0.5070585150396328
181.578,8.6695,1.2474,10.0,-48.9863,23.4078,2.638338672768865,-0.528770834071671,0.25368532022464424,-0.24390002694568827,-1.1261031608459695,-0.4000587509974244
181.628,8.8566,3.7422,10.0,-48.9291,25.9098,-1.190718535469115,-0.48109520549157836,0.7735888347569227,-0.24390002694568827,-1.1249544602305253,-0.1713416133352242
181.678,8.6071,-4.9896,10.0,-48.8595,18.2,-2.5812494279175984,-0.5446712040524176,-1.0460734661060522,-0.24390002694568827,-1.123556740600544,-0.8761231432904727
181.728,8.7318,2.4948,10.0,-48.796,24.5783,1.8023890160182872,-0.5128959454530725,0.5136370774907836,-0.24390002694568827,-1.1222815222599725,-0.29305898695521626
181.778,8.6071,-2.4948,10.0,-48.7264,20.2187,-0.32622425629293966,-0.5446712040524176,-0.5261699515737737,-0.24390002694568827,-1.1208838026299912,-0.6915862584788487
181.828,8.5447,-1.2474,10.0,-48.6536,21.0668,-1.3293638443935392,-0.5605715740331647,-0.2662181943076343,-0.24390002694568827,-1.1194218200285169,-0.6140582790818412
181.878,8.6695,2.4948,10.0,-48.5871,24.4171,-1.945112128146426,-0.528770834071671,0.5136370774907836,-0.24390002694568827,-1.11808635515217,-0.30779487927781657
181.928,8.6071,-1.2474,10.0,-48.5175,21.228,-0.9786727688788175,-0.5446712040524176,-0.2662181943076343,-0.24390002694568827,-1.116688635522189,-0.5993223867592405
181.978,8.5447,-1.2474,10.0,-48.4447,21.0668,-0.7095377574370482,-0.5605715740331647,-0.2662181943076343,-0.24390002694568827,-1.1152266529207147,-0.6140582790818412
182.028,8.6071,1.2474,10.0,-48.3751,23.2466,-1.6351990846681081,-0.5446712040524176,0.25368532022464424,-0.24390002694568827,-1.1138289332907336,-0.414794643320025
182.078,8.6071,0.0,10.0,-48.3054,22.2373,1.0439176201372926,-0.5446712040524176,-0.006266437041495043,-0.24390002694568827,-1.1124292054428933,-0.5070585150396328
182.128,8.5447,-1.2474,10.0,-48.2326,21.0668,4.191981693363909,-0.5605715740331647,-0.2662181943076343,-0.24390002694568827,-1.110967222841419,-0.6140582790818412
182.178,8.6071,1.2474,10.0,-48.163,23.2466,1.5658764302059136,-0.5446712040524176,0.25368532022464424,-0.24390002694568827,-1.1095695032114379,-0.414794643320025
182.228,8.6071,0.0,10.0,-48.0934,22.2373,0.13456750572077875,-0.5446712040524176,-0.006266437041495043,-0.24390002694568827,-1.1081717835814568,-0.5070585150396328
182.278,8.5447,-1.2474,10.0,-48.0206,21.0668,1.5699542334095957,-0.5605715740331647,-0.2662181943076343,-0.24390002694568827,-1.1067098009799825,-0.6140582790818412
182.328,8.5447,0.0,10.0,-47.9478,22.0762,-0.371080091533294,-0.5605715740331647,-0.006266437041495043,-0.24390002694568827,-1.105247818378508,-0.5217852659898249
182.378,8.6071,1.2474,10.0,-47.8782,23.2466,0.5953592677345765,-0.5446712040524176,0.25368532022464424,-0.24390002694568827,-1.103850098748527,-0.414794643320025
182.428,8.6071,0.0,10.0,-47.8085,22.2373,0.3670022883295762,-0.5446712040524176,-0.006266437041495043,-0.24390002694568827,-1.1024503709006868,-0.5070585150396328
182.478,8.4824,-2.4948,10.0,-47.7327,19.8964,-2.112302059496559,-0.5764464626517632,-0.5261699515737737,-0.24390002694568827,-1.1009281417634373,-0.7210489017516412
182.528,8.6071,2.4948,10.0,-47.663,24.256,0.3262242562928931,-0.5446712040524176,0.5136370774907836,-0.24390002694568827,-1.099528413915597,-0.3225216302280087
182.578,8.6071,0.0,10.0,-47.5934,22.2373,2.7647505720823196,-0.5446712040524176,-0.006266437041495043,-0.24390002694568827,-1.0981306942856162,-0.5070585150396328
182.628,8.6071,0.0,10.0,-47.5237,22.2373,-1.2681967963386687,-0.5446712040524176,-0.006266437041495043,-0.24390002694568827,-1.0967309664377758,-0.5070585150396328
182.678,8.6695,1.2474,10.0,-47.4572,23.4078,-0.5708924485125729,-0.528770834071671,0.25368532022464424,-0.24390002694568827,-1.095395501561429,-0.4000587509974244
182.728,8.6071,-1.2474,10.0,-47.3875,21.228,1.2518855835240208,-0.5446712040524176,-0.2662181943076343,-0.24390002694568827,-1.0939957737135888,-0.5993223867592405
182.778,8.6695,1.2474,10.0,-47.321,23.4078,-3.009418764301984,-0.528770834071671,0.25368532022464424,-0.24390002694568827,-1.092660308837242,-0.4000587509974244
182.828,8.6071,-1.2474,10.0,-47.2514,21.228,-2.6220274599541846,-0.5446712040524176,-0.2662181943076343,-0.24390002694568827,-1.0912625892072607,-0.5993223867592405
182.878,8.5447,-1.2474,10.0,-47.1786,21.0668,4.077803203661184,-0.5605715740331647,-0.2662181943076343,-0.24390002694568827,-1.0898006066057866,-0.6140582790818412
182.928,8.6071,1.2474,10.0,-47.109,23.2466,0.04485583524030917,-0.5446712040524176,0.25368532022464424,-0.24390002694568827,-1.0884028869758053,-0.414794643320025
182.978,8.6071,0.0,10.0,-47.0393,22.2373,-5.611057208237864,-0.5446712040524176,-0.006266437041495043,-0.24390002694568827,-1.0870031591279652,-0.5070585150396328
183.028,8.6695,1.2474,10.0,-46.9728,23.4078,0.8196384439358636,-0.528770834071671,0.25368532022464424,-0.24390002694568827,-1.0856676942516184,-0.4000587509974244
183.078,8.6071,-1.2474,10.0,-46.9032,21.228,1.125473684210565,-0.5446712040524176,-0.2662181943076343,-0.24390002694568827,-1.0842699746216373,-0.5993223867592405
183.128,8.5447,-1.2474,10.0,-46.8304,21.0668,-0.6198260869564848,-0.5605715740331647,-0.2662181943076343,-0.24390002694568827,-1.0828079920201628,-0.6140582790818412
183.178,8.6071,1.2474,10.0,-46.7607,23.2466,2.593482837528572,-0.5446712040524176,0.25368532022464424,-0.24390002694568827,-1.0814082641723226,-0.414794643320025
183.228,8.5447,-1.2474,10.0,-46.688,21.0668,2.471148741418695,-0.5605715740331647,-0.2662181943076343,-0.24390002694568827,-1.0799482897887074,-0.6140582790818412
183.278,8.5447,0.0,10.0,-46.6152,22.0762,1.264118993134992,-0.5605715740331647,-0.006266437041495043,-0.24390002694568827,-1.078486307187233,-0.5217852659898249
183.328,8.6695,2.4948,10.0,-46.5487,24.4171,0.4852585812357152,-0.528770834071671,0.5136370774907836,-0.24390002694568827,-1.077150842310886,-0.30779487927781657
183.378,8.6695,0.0,10.0,-46.4822,22.3985,-0.7625491990847145,-0.528770834071671,-0.006266437041495043,-0.24390002694568827,-1.0758153774345394,-0.4923226227170325
183.428,8.42,-4.9896,10.0,-46.4032,17.7166,1.125473684210478,-0.5923468326325103,-1.0460734661060522,-0.24390002694568827,-1.0742288853257964,-0.9203125375134573
183.478,8.6695,4.9896,10.0,-46.3366,26.4358,2.356970251716194,-0.528770834071671,1.033540592023062,-0.24390002694568827,-1.0728914122315905,-0.12325799446619252
183.528,8.6695,0.0,10.0,-46.2701,22.3985,1.8880228832951673,-0.528770834071671,-0.006266437041495043,-0.24390002694568827,-1.0715559473552436,-0.4923226227170325
183.578,8.6071,-1.2474,10.0,-46.2005,21.228,-1.6759771167047255,-0.5446712040524176,-0.2662181943076343,-0.24390002694568827,-1.0701582277252626,-0.5993223867592405
183.628,8.7318,2.4948,10.0,-46.1371,24.5783,-3.457977116704766,-0.5128959454530725,0.5136370774907836,-0.24390002694568827,-1.06888501760255,-0.29305898695521626
183.678,8.7318,0.0,10.0,-46.0736,22.5596,-1.0194508009153165,-0.5128959454530725,-0.006266437041495043,-0.24390002694568827,-1.0676097992619782,-0.4775958717668403
183.728,8.7318,0.0,10.0,-46.0102,22.5596,-1.7983112128146002,-0.5128959454530725,-0.006266437041495043,-0.24390002694568827,-1.0663365891392655,-0.4775958717668403
183.778,8.6695,-1.2474,10.0,-45.9437,21.3891,-2.6179496567505534,-0.528770834071671,-0.2662181943076343,-0.24390002694568827,-1.0650011242629187,-0.5845956358090487
183.828,8.7318,1.2474,10.0,-45.8803,23.5689,1.2518855835240372,-0.5128959454530725,0.25368532022464424,-0.24390002694568827,-1.063727914140206,-0.38533200004723256
183.878,8.7318,0.0,10.0,-45.8169,22.5596,1.9858901601830807,-0.5128959454530725,-0.006266437041495043,-0.24390002694568827,-1.0624547040174934,-0.4775958717668403
183.928,8.7318,0.0,10.0,-45.7535,22.5596,-4.648695652173939,-0.5128959454530725,-0.006266437041495043,-0.24390002694568827,-1.061181493894781,-0.4775958717668403
183.978,8.6695,-1.2474,10.0,-45.687,21.3891,0.4159359267733666,-0.528770834071671,-0.2662181943076343,-0.24390002694568827,-1.059846029018434,-0.5845956358090487
184.028,8.6071,-1.2474,10.0,-45.6173,21.228,3.20107551487416,-0.5446712040524176,-0.2662181943076343,-0.24390002694568827,-1.0584463011705938,-0.5993223867592405
184.078,8.5447,-1.2474,10.0,-45.5445,21.0668,-2.495615560640701,-0.5605715740331647,-0.2662181943076343,-0.24390002694568827,-1.0569843185691195,-0.6140582790818412
184.128,8.6695,2.4948,10.0,-45.478,24.4171,-0.28544622425625016,-0.528770834071671,0.5136370774907836,-0.24390002694568827,-1.0556488536927726,-0.30779487927781657
184.178,8.6071,-1.2474,10.0,-45.4084,21.228,0.9582837528604885,-0.5446712040524176,-0.2662181943076343,-0.24390002694568827,-1.0542511340627916,-0.5993223867592405
184.228,8.6695,1.2474,10.0,-45.3419,23.4078,3.1684530892447547,-0.528770834071671,0.25368532022464424,-0.24390002694568827,-1.0529156691864447,-0.4000587509974244
184.278,8.6695,0.0,10.0,-45.2753,22.3985,1.9247231121280333,-0.528770834071671,-0.006266437041495043,-0.24390002694568827,-1.0515781960922388,-0.4923226227170325
184.328,8.7318,1.2474,10.0,-45.2119,23.5689,-2.026668192219586,-0.5128959454530725,0.25368532022464424,-0.24390002694568827,-1.0503049859695262,-0.38533200004723256
184.378,8.6695,-1.2474,10.0,-45.1454,21.3891,-0.004077803203579311,-0.528770834071671,-0.2662181943076343,-0.24390002694568827,-1.0489695210931793,-0.5845956358090487
184.428,8.7318,1.2474,10.0,-45.082,23.5689,2.2468695652173434,-0.5128959454530725,0.25368532022464424,-0.24390002694568827,-1.0476963109704667,-0.38533200004723256
184.478,8.7318,0.0,10.0,-45.0186,22.5596,0.7340045766589937,-0.5128959454530725,-0.006266437041495043,-0.24390002694568827,-1.046423100847754,-0.4775958717668403
184.528,8.6071,-2.4948,10.0,-44.9489,20.2187,-1.904334096109852,-0.5446712040524176,-0.5261699515737737,-0.24390002694568827,-1.0450233729999139,-0.6915862584788487
184.578,8.6695,1.2474,10.0,-44.8824,23.4078,-3.4987551487414006,-0.528770834071671,0.25368532022464424,-0.24390002694568827,-1.0436879081235668,-0.4000587509974244
184.628,8.6695,0.0,10.0,-44.8159,22.3985,-0.016311212814637127,-0.528770834071671,-0.006266437041495043,-0.24390002694568827,-1.0423524432472202,-0.4923226227170325
184.678,8.7318,1.2474,10.0,-44.7525,23.5689,0.9868283752860159,-0.5128959454530725,0.25368532022464424,-0.24390002694568827,-1.0410792331245076,-0.38533200004723256
184.728,8.7942,1.2474,10.0,-44.6922,23.73,-0.8767276887871794,-0.4969955754723255,0.25368532022464424,-0.24390002694568827,-1.0398682777554291,-0.3706052490970404
184.778,8.6071,-3.7422,10.0,-44.6225,19.2093,-0.4893363844393096,-0.5446712040524176,-0.7861217088399128,-0.24390002694568827,-1.038468549907589,-0.783859271570865
184.828,8.6071,0.0,10.0,-44.5529,22.2373,0.3262242562929432,-0.5446712040524176,-0.006266437041495043,-0.24390002694568827,-1.037070830277608,-0.5070585150396328
184.878,8.7318,2.4948,10.0,-44.4895,24.5783,1.4109199084667703,-0.5128959454530725,0.5136370774907836,-0.24390002694568827,-1.0357976201548953,-0.29305898695521626
184.928,8.7318,0.0,10.0,-44.4261,22.5596,1.6800549199083994,-0.5128959454530725,-0.006266437041495043,-0.24390002694568827,-1.0345244100321827,-0.4775958717668403
184.978,8.6695,-1.2474,10.0,-44.3595,21.3891,1.333441647597256,-0.528770834071671,-0.2662181943076343,-0.24390002694568827,-1.0331869369379767,-0.5845956358090487
185.028,8.6695,0.0,10.0,-44.293,22.3985,-3.971780320366063,-0.528770834071671,-0.006266437041495043,-0.24390002694568827,-1.0318514720616299,-0.4923226227170325
185.078,8.6695,0.0,10.0,-44.2265,22.3985,-1.4516979405034438,-0.528770834071671,-0.006266437041495043,-0.24390002694568827,-1.030516007185283,-0.4923226227170325
185.128,8.7318,1.2474,10.0,-44.1631,23.5689,3.1195194508007997,-0.5128959454530725,0.25368532022464424,-0.24390002694568827,-1.0292427970625704,-0.38533200004723256
185.178,8.6695,-1.2474,10.0,-44.0966,21.3891,-2.1857025171623503,-0.528770834071671,-0.2662181943076343,-0.24390002694568827,-1.0279073321862235,-0.5845956358090487
185.228,8.6695,0.0,10.0,-44.03,22.3985,-1.047995423340792,-0.528770834071671,-0.006266437041495043,-0.24390002694568827,-1.0265698590920176,-0.4923226227170325
185.278,8.6695,0.0,10.0,-43.9635,22.3985,-0.15087871853552287,-0.528770834071671,-0.006266437041495043,-0.24390002694568827,-1.0252343942156708,-0.4923226227170325
185.328,8.7318,1.2474,10.0,-43.9001,23.5689,-2.8707734553776088,-0.5128959454530725,0.25368532022464424,-0.24390002694568827,-1.023961184092958,-0.38533200004723256
185.378,8.7318,0.0,10.0,-43.8367,22.5596,2.3936704805491837,-0.5128959454530725,-0.006266437041495043,-0.24390002694568827,-1.0226879739702455,-0.4775958717668403
185.428,8.6695,-1.2474,10.0,-43.7702,21.3891,4.52228375286034,-0.528770834071671,-0.2662181943076343,-0.24390002694568827,-1.0213525090938986,-0.5845956358090487
185.478,8.6071,-1.2474,10.0,-43.7005,21.228,-0.20796796338674434,-0.5446712040524176,-0.2662181943076343,-0.24390002694568827,-1.0199527812460585,-0.5993223867592405
185.528,8.6071,0.0,10.0,-43.6309,22.2373,-2.7280503432493473,-0.5446712040524176,-0.006266437041495043,-0.24390002694568827,-1.0185550616160772,-0.5070585150396328
185.578,8.7318,2.4948,10.0,-43.5675,24.5783,1.182562929061748,-0.5128959454530725,0.5136370774907836,-0.24390002694568827,-1.0172818514933648,-0.29305898695521626
185.628,8.6071,-2.4948,10.0,-43.4978,20.2187,2.144924485125841,-0.5446712040524176,-0.5261699515737737,-0.24390002694568827,-1.0158821236455244,-0.6915862584788487
185.678,8.4824,-2.4948,10.0,-43.4219,19.8964,1.3252860411899083,-0.5764464626517632,-0.5261699515737737,-0.24390002694568827,-1.014357886290416,-0.7210489017516412
185.728,8.7318,4.9896,10.0,-43.3585,26.5969,1.4720869565216432,-0.5128959454530725,1.033540592023062,-0.24390002694568827,-1.0130846761677033,-0.10853124351600038
185.778,8.7318,0.0,10.0,-43.2951,22.5596,0.5341922196796092,-0.5128959454530725,-0.006266437041495043,-0.24390002694568827,-1.0118114660449906,-0.4775958717668403
185.828,8.7318,0.0,10.0,-43.2317,22.5596,-0.9011945080090555,-0.5128959454530725,-0.006266437041495043,-0.24390002694568827,-1.010538255922278,-0.4775958717668403
185.878,8.7942,1.2474,10.0,-43.1714,23.73,0.30175743707101355,-0.4969955754723255,0.25368532022464424,-0.24390002694568827,-1.0093273005531995,-0.3706052490970404
185.928,8.7318,-1.2474,10.0,-43.108,21.5503,2.002201372997613,-0.5128959454530725,-0.2662181943076343,-0.24390002694568827,-1.0080540904304869,-0.5698597434864481
185.978,8.6695,-1.2474,10.0,-43.0415,21.3891,-1.8839450800915507,-0.528770834071671,-0.2662181943076343,-0.24390002694568827,-1.0067186255541403,-0.5845956358090487
186.028,8.7318,1.2474,10.0,-42.9781,23.5689,-0.3833135011442351,-0.5128959454530725,0.25368532022464424,-0.24390002694568827,-1.0054454154314276,-0.38533200004723256
186.078,8.8566,2.4948,10.0,-42.9209,24.9005,0.8889610983981902,-0.48109520549157836,0.5136370774907836,-0.24390002694568827,-1.0042967148159834,-0.263605485054832
186.128,8.7318,-2.4948,10.0,-42.8575,20.5409,-3.723034324942657,-0.5128959454530725,-0.5261699515737737,-0.24390002694568827,-1.0030235046932707,-0.6621327565784644
186.178,8.8566,2.4948,10.0,-42.8003,24.9005,-4.97084210526321,-0.48109520549157836,0.5136370774907836,-0.24390002694568827,-1.0018748040778265,-0.263605485054832
186.228,8.7318,-2.4948,10.0,-42.7369,20.5409,1.8757894736841312,-0.5128959454530725,-0.5261699515737737,-0.24390002694568827,-1.0006015939551138,-0.6621327565784644
186.278,8.7318,0.0,10.0,-42.6735,22.5596,0.8277940503433581,-0.5128959454530725,-0.006266437041495043,-0.24390002694568827,-0.9993283838324013,-0.4775958717668403
186.328,8.6695,-1.2474,10.0,-42.607,21.3891,-2.189780320366055,-0.528770834071671,-0.2662181943076343,-0.24390002694568827,-0.9979929189560545,-0.5845956358090487
186.378,8.8566,3.7422,10.0,-42.5498,25.9098,1.1458627002288329,-0.48109520549157836,0.7735888347569227,-0.24390002694568827,-0.9968442183406103,-0.1713416133352242
186.428,8.7942,-1.2474,10.0,-42.4895,21.7114,-0.2487459954233194,-0.4969955754723255,-0.2662181943076343,-0.24390002694568827,-0.9956332629715319,-0.5551329925362559
186.478,8.7318,-1.2474,10.0,-42.4261,21.5503,-0.7176933638444727,-0.5128959454530725,-0.2662181943076343,-0.24390002694568827,-0.9943600528488192,-0.5698597434864481
186.528,8.7942,1.2474,10.0,-42.3658,23.73,-1.2274187643020387,-0.4969955754723255,0.25368532022464424,-0.24390002694568827,-0.9931490974797409,-0.3706052490970404
186.578,8.6071,-3.7422,10.0,-42.2962,19.2093,3.1521418764302234,-0.5446712040524176,-0.7861217088399128,-0.24390002694568827,-0.9917513778497599,-0.783859271570865
186.628,8.7318,2.4948,10.0,-42.2328,24.5783,3.849446224256149,-0.5128959454530725,0.5136370774907836,-0.24390002694568827,-0.9904781677270472,-0.29305898695521626
186.678,8.7942,1.2474,10.0,-42.1725,23.73,-0.4893363844393292,-0.4969955754723255,0.25368532022464424,-0.24390002694568827,-0.9892672123579688,-0.3706052490970404
186.728,8.7318,-1.2474,10.0,-42.1091,21.5503,-2.4181372997710415,-0.5128959454530725,-0.2662181943076343,-0.24390002694568827,-0.9879940022352561,-0.5698597434864481
186.778,8.6071,-2.4948,10.0,-42.0394,20.2187,-1.9491899313501126,-0.5446712040524176,-0.5261699515737737,-0.24390002694568827,-0.986594274387416,-0.6915862584788487
186.828,8.7942,3.7422,10.0,-41.9791,25.7487,0.061167048054854706,-0.4969955754723255,0.7735888347569227,-0.24390002694568827,-0.9853833190183376,-0.18606836428541634
186.878,8.7318,-1.2474,10.0,-41.9157,21.5503,1.8023890160183231,-0.5128959454530725,-0.2662181943076343,-0.24390002694568827,-0.984110108895625,-0.5698597434864481
186.928,8.7942,1.2474,10.0,-41.8554,23.73,2.6587276887872067,-0.4969955754723255,0.25368532022464424,-0.24390002694568827,-0.9828991535265467,-0.3706052490970404
186.978,8.7942,0.0,10.0,-41.7951,22.7207,-0.20796796338678716,-0.4969955754723255,-0.006266437041495043,-0.24390002694568827,-0.9816881981574681,-0.46286912081664816
187.028,8.7318,-1.2474,10.0,-41.7317,21.5503,0.7992494279175973,-0.5128959454530725,-0.2662181943076343,-0.24390002694568827,-0.9804149880347555,-0.5698597434864481
187.078,8.8566,2.4948,10.0,-41.6746,24.9005,-2.495615560640734,-0.48109520549157836,0.5136370774907836,-0.24390002694568827,-0.9792682956371704,-0.263605485054832
187.128,8.7318,-2.4948,10.0,-41.6111,20.5409,-3.62108924485119,-0.5128959454530725,-0.5261699515737737,-0.24390002694568827,-0.9779930772965988,-0.6621327565784644
187.178,8.6071,-2.4948,10.0,-41.5415,20.2187,2.581249427917648,-0.5446712040524176,-0.5261699515737737,-0.24390002694568827,-0.9765953576666176,-0.6915862584788487
187.228,8.7318,2.4948,10.0,-41.4781,24.5783,-0.20796796338670126,-0.5128959454530725,0.5136370774907836,-0.24390002694568827,-0.975322147543905,-0.29305898695521626
187.278,8.7942,1.2474,10.0,-41.4178,23.73,-3.1969977116705044,-0.4969955754723255,0.25368532022464424,-0.24390002694568827,-0.9741111921748267,-0.3706052490970404
187.328,8.7942,0.0,10.0,-41.3575,22.7207,2.3365812356978597,-0.4969955754723255,-0.006266437041495043,-0.24390002694568827,-0.9729002368057483,-0.46286912081664816
187.378,8.7318,-1.2474,10.0,-41.2941,21.5503,1.5577208237986486,-0.5128959454530725,-0.2662181943076343,-0.24390002694568827,-0.9716270266830357,-0.5698597434864481
187.428,8.7942,1.2474,10.0,-41.2338,23.73,-0.5341922196796047,-0.4969955754723255,0.25368532022464424,-0.24390002694568827,-0.9704160713139572,-0.3706052490970404
187.478,8.7318,-1.2474,10.0,-41.1704,21.5503,3.0705858123569163,-0.5128959454530725,-0.2662181943076343,-0.24390002694568827,-0.9691428611912446,-0.5698597434864481
187.528,8.7318,0.0,10.0,-41.107,22.5596,-0.9215835240274589,-0.5128959454530725,-0.006266437041495043,-0.24390002694568827,-0.967869651068532,-0.4775958717668403
187.578,8.6695,-1.2474,10.0,-41.0405,21.3891,-1.1499405034323724,-0.528770834071671,-0.2662181943076343,-0.24390002694568827,-0.9665341861921852,-0.5845956358090487
187.628,8.7318,1.2474,10.0,-40.9771,23.5689,1.4883981693363653,-0.5128959454530725,0.25368532022464424,-0.24390002694568827,-0.9652609760694726,-0.38533200004723256
187.678,8.7942,1.2474,10.0,-40.9168,23.73,-1.6596659038902912,-0.4969955754723255,0.25368532022464424,-0.24390002694568827,-0.9640500207003943,-0.3706052490970404
187.728,8.7318,-1.2474,10.0,-40.8534,21.5503,0.8481830663614649,-0.5128959454530725,-0.2662181943076343,-0.24390002694568827,-0.9627768105776815,-0.5698597434864481
187.778,8.8566,2.4948,10.0,-40.7962,24.9005,0.15087871853557552,-0.48109520549157836,0.5136370774907836,-0.24390002694568827,-0.9616281099622374,-0.263605485054832
187.828,8.7942,-1.2474,10.0,-40.7359,21.7114,-0.30583524027453207,-0.4969955754723255,-0.2662181943076343,-0.24390002694568827,-0.9604171545931589,-0.5551329925362559
187.878,8.7318,-1.2474,10.0,-40.6725,21.5503,0.4730251716246489,-0.5128959454530725,-0.2662181943076343,-0.24390002694568827,-0.9591439444704463,-0.5698597434864481
187.928,8.7942,1.2474,10.0,-40.6122,23.73,-2.3528924485124914,-0.4969955754723255,0.25368532022464424,-0.24390002694568827,-0.9579329891013679,-0.3706052490970404
187.978,8.7942,0.0,10.0,-40.5519,22.7207,-0.061167048054916184,-0.4969955754723255,-0.006266437041495043,-0.24390002694568827,-0.9567220337322896,-0.46286912081664816
188.028,8.6695,-2.4948,10.0,-40.4854,20.3798,0.24874599542326895,-0.528770834071671,-0.5261699515737737,-0.24390002694568827,-0.9553865688559426,-0.6768595075286565
188.078,8.7942,2.4948,10.0,-40.4251,24.7394,-3.0461189931349697,-0.4969955754723255,0.5136370774907836,-0.24390002694568827,-0.9541756134868643,-0.2783322360050241
188.128,8.8566,1.2474,10.0,-40.3679,23.8912,-4.012558352402614,-0.48109520549157836,0.25368532022464424,-0.24390002694568827,-0.95302691287142,-0.35586935677443976
188.178,8.7942,-1.2474,10.0,-40.3076,21.7114,1.8798672768878855,-0.4969955754723255,-0.2662181943076343,-0.24390002694568827,-0.9518159575023417,-0.5551329925362559
188.228,8.7318,-1.2474,10.0,-40.2442,21.5503,3.5803112128145007,-0.5128959454530725,-0.2662181943076343,-0.24390002694568827,-0.9505427473796291,-0.5698597434864481
188.278,8.6071,-2.4948,10.0,-40.1746,20.2187,1.3293638443935953,-0.5446712040524176,-0.5261699515737737,-0.24390002694568827,-0.9491450277496479,-0.6915862584788487
188.328,8.7942,3.7422,10.0,-40.1143,25.7487,-0.29360183066351353,-0.4969955754723255,0.7735888347569227,-0.24390002694568827,-0.9479340723805696,-0.18606836428541634
188.378,8.6695,-2.4948,10.0,-40.0478,20.3798,0.7910938215102031,-0.528770834071671,-0.5261699515737737,-0.24390002694568827,-0.9465986075042229,-0.6768595075286565
188.428,8.6695,0.0,10.0,-39.9812,22.3985,2.3732814645308054,-0.528770834071671,-0.006266437041495043,-0.24390002694568827,-0.9452611344100168,-0.4923226227170325
188.478,8.7942,2.4948,10.0,-39.9209,24.7394,1.2478077803203826,-0.4969955754723255,0.5136370774907836,-0.24390002694568827,-0.9440501790409385,-0.2783322360050241
188.528,8.6695,-2.4948,10.0,-39.8544,20.3798,0.43224713958798605,-0.528770834071671,-0.5261699515737737,-0.24390002694568827,-0.9427147141645915,-0.6768595075286565
188.578,8.6695,0.0,10.0,-39.7879,22.3985,-2.862617848970148,-0.528770834071671,-0.006266437041495043,-0.24390002694568827,-0.9413792492882447,-0.4923226227170325
188.628,8.7318,1.2474,10.0,-39.7245,23.5689,1.37014187643032,-0.5128959454530725,0.25368532022464424,-0.24390002694568827,-0.940106039165532,-0.38533200004723256
188.678,8.919,3.7422,10.0,-39.6704,26.071,2.964562929061714,-0.4651948355108313,0.7735888347569227,-0.24390002694568827,-0.9390195933037221,-0.15660572101262354
188.728,8.7942,-2.4948,10.0,-39.6101,20.7021,-1.4149977116704862,-0.4969955754723255,-0.5261699515737737,-0.24390002694568827,-0.9378086379346438,-0.6473968642558637
188.778,8.7318,-1.2474,10.0,-39.5467,21.5503,-4.053336384439349,-0.5128959454530725,-0.2662181943076343,-0.24390002694568827,-0.9365354278119311,-0.5698597434864481
188.828,8.7942,1.2474,10.0,-39.4864,23.73,-0.5301144164759293,-0.4969955754723255,0.25368532022464424,-0.24390002694568827,-0.9353244724428528,-0.3706052490970404
188.878,8.919,2.4948,10.0,-39.4324,25.0617,1.5984988558352087,-0.4651948355108313,0.5136370774907836,-0.24390002694568827,-0.9342400347989019,-0.24886959273223164
188.928,8.7318,-3.7422,10.0,-39.369,19.5316,-2.516004576659062,-0.5128959454530725,-0.7861217088399128,-0.24390002694568827,-0.9329668246761893,-0.7543966282980722
188.978,8.7942,1.2474,10.0,-39.3087,23.73,1.7045217391304275,-0.4969955754723255,0.25368532022464424,-0.24390002694568827,-0.9317558693071109,-0.3706052490970404
189.028,8.7318,-1.2474,10.0,-39.2453,21.5503,-1.5128649885583079,-0.5128959454530725,-0.2662181943076343,-0.24390002694568827,-0.9304826591843982,-0.5698597434864481
189.078,8.6071,-2.4948,10.0,-39.1756,20.2187,-4.073725400457629,-0.5446712040524176,-0.5261699515737737,-0.24390002694568827,-0.9290829313365581,-0.6915862584788487
189.128,8.8566,4.9896,10.0,-39.1185,26.9192,3.282631578947223,-0.48109520549157836,1.033540592023062,-0.24390002694568827,-0.9279362389389729,-0.0790686002432079
189.178,8.7318,-2.4948,10.0,-39.0551,20.5409,1.8880228832952946,-0.5128959454530725,-0.5261699515737737,-0.24390002694568827,-0.9266630288162605,-0.6621327565784644
189.228,8.7318,0.0,10.0,-38.9917,22.5596,0.07747826086964955,-0.5128959454530725,-0.006266437041495043,-0.24390002694568827,-0.9253898186935477,-0.4775958717668403
189.278,8.7318,0.0,10.0,-38.9282,22.5596,-0.2691350114417626,-0.5128959454530725,-0.006266437041495043,-0.24390002694568827,-0.9241146003529759,-0.4775958717668403
189.328,8.7942,1.2474,10.0,-38.868,23.73,-1.0846956521738758,-0.4969955754723255,0.25368532022464424,-0.24390002694568827,-0.9229056532017568,-0.3706052490970404
189.378,8.7942,0.0,10.0,-38.8077,22.7207,3.4171990846682254,-0.4969955754723255,-0.006266437041495043,-0.24390002694568827,-0.9216946978326783,-0.46286912081664816
189.428,8.7318,-1.2474,10.0,-38.7443,21.5503,1.7167551487413417,-0.5128959454530725,-0.2662181943076343,-0.24390002694568827,-0.9204214877099658,-0.5698597434864481
189.478,8.7942,1.2474,10.0,-38.684,23.73,-1.9247231121281498,-0.4969955754723255,0.25368532022464424,-0.24390002694568827,-0.9192105323408872,-0.3706052490970404
189.528,8.6695,-2.4948,10.0,-38.6174,20.3798,-1.1458627002287785,-0.528770834071671,-0.5261699515737737,-0.24390002694568827,-0.9178730592466814,-0.6768595075286565
189.578,8.8566,3.7422,10.0,-38.5603,25.9098,-3.3560320366133043,-0.48109520549157836,0.7735888347569227,-0.24390002694568827,-0.9167263668490963,-0.1713416133352242
189.628,8.7942,-1.2474,10.0,-38.5,21.7114,0.20796796338678536,-0.4969955754723255,-0.2662181943076343,-0.24390002694568827,-0.9155154114800179,-0.5551329925362559
189.678,8.6071,-3.7422,10.0,-38.4303,19.2093,2.8463066361555893,-0.5446712040524176,-0.7861217088399128,-0.24390002694568827,-0.9141156836321778,-0.783859271570865
189.728,8.8566,4.9896,10.0,-38.3732,26.9192,-2.5404713958809975,-0.48109520549157836,1.033540592023062,-0.24390002694568827,-0.9129689912345926,-0.0790686002432079
189.778,8.7318,-2.4948,10.0,-38.3098,20.5409,-0.06116704805493051,-0.5128959454530725,-0.5261699515737737,-0.24390002694568827,-0.9116957811118801,-0.6621327565784644
189.828,8.7318,0.0,10.0,-38.2463,22.5596,1.7208329519450511,-0.5128959454530725,-0.006266437041495043,-0.24390002694568827,-0.9104205627713082,-0.4775958717668403
189.878,8.7942,1.2474,10.0,-38.1861,23.73,0.3670022883295663,-0.4969955754723255,0.25368532022464424,-0.24390002694568827,-0.9092116156200891,-0.3706052490970404
189.928,8.7318,-1.2474,10.0,-38.1226,21.5503,0.4077803203660794,-0.5128959454530725,-0.2662181943076343,-0.24390002694568827,-0.9079363972795172,-0.5698597434864481
189.978,8.6695,-1.2474,10.0,-38.0561,21.3891,-1.3742196796337975,-0.528770834071671,-0.2662181943076343,-0.24390002694568827,-0.9066009324031704,-0.5845956358090487
190.028,8.7318,1.2474,10.0,-37.9927,23.5689,0.4077803203660692,-0.5128959454530725,0.25368532022464424,-0.24390002694568827,-0.9053277222804578,-0.38533200004723256
190.078,8.7318,0.0,10.0,-37.9293,22.5596,1.0643066361556115,-0.5128959454530725,-0.006266437041495043,-0.24390002694568827,-0.9040545121577451,-0.4775958717668403
190.128,8.7318,0.0,10.0,-37.8659,22.5596,2.6179496567505933,-0.5128959454530725,-0.006266437041495043,-0.24390002694568827,-0.9027813020350326,-0.4775958717668403
190.178,8.7942,1.2474,10.0,-37.8056,23.73,-2.499693363844475,-0.4969955754723255,0.25368532022464424,-0.24390002694568827,-0.9015703466659541,-0.3706052490970404
190.228,8.6695,-2.4948,10.0,-37.7391,20.3798,0.24874599542336007,-0.528770834071671,-0.5261699515737737,-0.24390002694568827,-0.9002348817896073,-0.6768595075286565
190.278,8.8566,3.7422,10.0,-37.6819,25.9098,1.8023890160183405,-0.48109520549157836,0.7735888347569227,-0.24390002694568827,-0.8990861811741631,-0.1713416133352242
190.328,8.6695,-3.7422,10.0,-37.6154,19.3705,-3.156219679633818,-0.528770834071671,-0.7861217088399128,-0.24390002694568827,-0.8977507162978163,-0.7691233792482642
190.378,8.7942,2.4948,10.0,-37.5551,24.7394,3.6251670480548204,-0.4969955754723255,0.5136370774907836,-0.24390002694568827,-0.896539760928738,-0.2783322360050241
190.428,8.7318,-1.2474,10.0,-37.4917,21.5503,0.33030205949655866,-0.5128959454530725,-0.2662181943076343,-0.24390002694568827,-0.8952665508060254,-0.5698597434864481
190.478,8.7318,0.0,10.0,-37.4283,22.5596,-4.3183935926772765,-0.5128959454530725,-0.006266437041495043,-0.24390002694568827,-0.8939933406833126,-0.4775958717668403
190.528,8.8566,2.4948,10.0,-37.3711,24.9005,-0.7136155606407291,-0.48109520549157836,0.5136370774907836,-0.24390002694568827,-0.8928446400678685,-0.263605485054832
190.578,8.6695,-3.7422,10.0,-37.3046,19.3705,0.37108009153319355,-0.528770834071671,-0.7861217088399128,-0.24390002694568827,-0.8915091751915216,-0.7691233792482642
190.628,8.8566,3.7422,10.0,-37.2474,25.9098,-1.023528604118963,-0.48109520549157836,0.7735888347569227,-0.24390002694568827,-0.8903604745760774,-0.1713416133352242
190.678,8.6695,-3.7422,10.0,-37.1809,19.3705,0.4893363844393926,-0.528770834071671,-0.7861217088399128,-0.24390002694568827,-0.8890250096997306,-0.7691233792482642
190.728,8.7942,2.4948,10.0,-37.1206,24.7394,-0.24874599542337616,-0.4969955754723255,0.5136370774907836,-0.24390002694568827,-0.8878140543306523,-0.2783322360050241
190.778,8.6695,-2.4948,10.0,-37.0541,20.3798,2.189780320366093,-0.528770834071671,-0.5261699515737737,-0.24390002694568827,-0.8864785894543054,-0.6768595075286565
190.828,8.7942,2.4948,10.0,-36.9938,24.7394,0.36700228832951404,-0.4969955754723255,0.5136370774907836,-0.24390002694568827,-0.885267634085227,-0.2783322360050241
190.878,8.7942,0.0,10.0,-36.9335,22.7207,-0.7584713958810236,-0.4969955754723255,-0.006266437041495043,-0.24390002694568827,-0.8840566787161486,-0.46286912081664816
190.928,8.6071,-3.7422,10.0,-36.8638,19.2093,0.32622425629294693,-0.5446712040524176,-0.7861217088399128,-0.24390002694568827,-0.8826569508683083,-0.783859271570865
190.978,8.7318,2.4948,10.0,-36.8004,24.5783,-1.8064668192219329,-0.5128959454530725,0.5136370774907836,-0.24390002694568827,-0.8813837407455958,-0.29305898695521626
191.028,8.7318,0.0,10.0,-36.737,22.5596,3.926924485125817,-0.5128959454530725,-0.006266437041495043,-0.24390002694568827,-0.8801105306228831,-0.4775958717668403
191.078,8.7318,0.0,10.0,-36.6736,22.5596,0.937894736842045,-0.5128959454530725,-0.006266437041495043,-0.24390002694568827,-0.8788373205001705,-0.4775958717668403
191.128,8.7318,0.0,10.0,-36.6102,22.5596,1.1662517162471058,-0.5128959454530725,-0.006266437041495043,-0.24390002694568827,-0.8775641103774579,-0.4775958717668403
191.178,8.7942,1.2474,10.0,-36.5499,23.73,2.8299954233408453,-0.4969955754723255,0.25368532022464424,-0.24390002694568827,-0.8763531550083795,-0.3706052490970404
191.228,8.7942,0.0,10.0,-36.4896,22.7207,-3.331565217391228,-0.4969955754723255,-0.006266437041495043,-0.24390002694568827,-0.8751421996393012,-0.46286912081664816
191.278,8.7942,0.0,10.0,-36.4293,22.7207,-3.5191441647595902,-0.4969955754723255,-0.006266437041495043,-0.24390002694568827,-0.8739312442702226,-0.46286912081664816
191.328,8.7318,-1.2474,10.0,-36.3659,21.5503,-0.8808054919908154,-0.5128959454530725,-0.2662181943076343,-0.24390002694568827,-0.8726580341475101,-0.5698597434864481
191.378,8.7942,1.2474,10.0,-36.3056,23.73,1.0194508009154086,-0.4969955754723255,0.25368532022464424,-0.24390002694568827,-0.8714470787784316,-0.3706052490970404
191.428,8.7318,-1.2474,10.0,-36.2422,21.5503,-0.8848832951946087,-0.5128959454530725,-0.2662181943076343,-0.24390002694568827,-0.870173868655719,-0.5698597434864481
191.478,8.8566,2.4948,10.0,-36.185,24.9005,0.8848832951943814,-0.48109520549157836,0.5136370774907836,-0.24390002694568827,-0.8690251680402749,-0.263605485054832
191.528,8.8566,0.0,10.0,-36.1279,22.8819,0.3751578947368825,-0.48109520549157836,-0.006266437041495043,-0.24390002694568827,-0.8678784756426897,-0.4481332284940475
191.578,8.7942,-1.2474,10.0,-36.0676,21.7114,-3.8086681922195367,-0.4969955754723255,-0.2662181943076343,-0.24390002694568827,-0.8666675202736114,-0.5551329925362559
191.628,8.7942,0.0,10.0,-36.0073,22.7207,1.2274187643019951,-0.4969955754723255,-0.006266437041495043,-0.24390002694568827,-0.865456564904533,-0.46286912081664816
191.678,8.7318,-1.2474,10.0,-35.9439,21.5503,2.499693363844324,-0.5128959454530725,-0.2662181943076343,-0.24390002694568827,-0.8641833547818204,-0.5698597434864481
191.728,8.5447,-3.7422,10.0,-35.8711,19.0482,1.3742196796338546,-0.5605715740331647,-0.7861217088399128,-0.24390002694568827,-0.862721372180346,-0.7985860225210568
191.778,8.7942,4.9896,10.0,-35.8108,26.758,0.3303020594965556,-0.4969955754723255,1.033540592023062,-0.24390002694568827,-0.8615104168112675,-0.09380449256580857
191.828,8.7318,-1.2474,10.0,-35.7474,21.5503,-2.4956155606406836,-0.5128959454530725,-0.2662181943076343,-0.24390002694568827,-0.8602372066885549,-0.5698597434864481
191.878,8.8566,2.4948,10.0,-35.6903,24.9005,-0.6320594965674937,-0.48109520549157836,0.5136370774907836,-0.24390002694568827,-0.8590905142909699,-0.263605485054832
191.928,8.8566,0.0,10.0,-35.6331,22.8819,-1.2885858123569398,-0.48109520549157836,-0.006266437041495043,-0.24390002694568827,-0.8579418136755257,-0.4481332284940475
191.978,8.7942,-1.2474,10.0,-35.5728,21.7114,-0.4322471395880301,-0.4969955754723255,-0.2662181943076343,-0.24390002694568827,-0.8567308583064474,-0.5551329925362559
192.028,8.6695,-2.4948,10.0,-35.5063,20.3798,3.331565217391306,-0.528770834071671,-0.5261699515737737,-0.24390002694568827,-0.8553953934301005,-0.6768595075286565
192.078,8.7942,2.4948,10.0,-35.446,24.7394,0.8522608695651852,-0.4969955754723255,0.5136370774907836,-0.24390002694568827,-0.8541844380610221,-0.2783322360050241
192.128,8.919,2.4948,10.0,-35.3919,25.0617,1.1213958810068025,-0.4651948355108313,0.5136370774907836,-0.24390002694568827,-0.8530979921992121,-0.24886959273223164
192.178,8.7318,-3.7422,10.0,-35.3285,19.5316,1.6596659038900512,-0.5128959454530725,-0.7861217088399128,-0.24390002694568827,-0.8518247820764995,-0.7543966282980722
192.228,8.7942,1.2474,10.0,-35.2682,23.73,-6.137093821510283,-0.4969955754723255,0.25368532022464424,-0.24390002694568827,-0.850613826707421,-0.3706052490970404
192.278,8.6695,-2.4948,10.0,-35.2017,20.3798,-4.008480549198931,-0.528770834071671,-0.5261699515737737,-0.24390002694568827,-0.8492783618310743,-0.6768595075286565
192.328,8.7318,1.2474,10.0,-35.1383,23.5689,2.9278627002288347,-0.5128959454530725,0.25368532022464424,-0.24390002694568827,-0.8480051517083617,-0.38533200004723256
192.378,8.7318,0.0,10.0,-35.0749,22.5596,3.2336979405033497,-0.5128959454530725,-0.006266437041495043,-0.24390002694568827,-0.846731941585649,-0.4775958717668403
192.428,8.7318,0.0,10.0,-35.0115,22.5596,1.839089244851312,-0.5128959454530725,-0.006266437041495043,-0.24390002694568827,-0.8454587314629364,-0.4775958717668403
192.478,8.7942,1.2474,10.0,-34.9512,23.73,-0.21204576659038007,-0.4969955754723255,0.25368532022464424,-0.24390002694568827,-0.844247776093858,-0.3706052490970404
192.528,8.8566,1.2474,10.0,-34.894,23.8912,-0.4118581235699151,-0.48109520549157836,0.25368532022464424,-0.24390002694568827,-0.8430990754784138,-0.35586935677443976
192.578,8.7942,-1.2474,10.0,-34.8337,21.7114,0.7421601830663003,-0.4969955754723255,-0.2662181943076343,-0.24390002694568827,-0.8418881201093354,-0.5551329925362559
192.628,8.8566,1.2474,10.0,-34.7766,23.8912,1.5984988558353814,-0.48109520549157836,0.25368532022464424,-0.24390002694568827,-0.8407414277117504,-0.35586935677443976
192.678,8.7318,-2.4948,10.0,-34.7131,20.5409,-0.6809931350114159,-0.5128959454530725,-0.5261699515737737,-0.24390002694568827,-0.8394662093711786,-0.6621327565784644
192.728,8.6695,-1.2474,10.0,-34.6466,21.3891,-0.411858123569854,-0.528770834071671,-0.2662181943076343,-0.24390002694568827,-0.8381307444948317,-0.5845956358090487
192.778,8.7942,2.4948,10.0,-34.5863,24.7394,0.08563386727681907,-0.4969955754723255,0.5136370774907836,-0.24390002694568827,-0.8369197891257534,-0.2783322360050241
192.828,8.919,2.4948,10.0,-34.5323,25.0617,-1.8961784897025349,-0.4651948355108313,0.5136370774907836,-0.24390002694568827,-0.8358353514818025,-0.24886959273223164
192.878,8.7942,-2.4948,10.0,-34.472,20.7021,-1.8961784897024385,-0.4969955754723255,-0.5261699515737737,-0.24390002694568827,-0.8346243961127241,-0.6473968642558637
192.928,8.7942,0.0,10.0,-34.4117,22.7207,-2.165313501144116,-0.4969955754723255,-0.006266437041495043,-0.24390002694568827,-0.8334134407436458,-0.46286912081664816
192.978,8.8566,1.2474,10.0,-34.3545,23.8912,-0.6524485125857682,-0.48109520549157836,0.25368532022464424,-0.24390002694568827,-0.8322647401282015,-0.35586935677443976
193.028,8.8566,0.0,10.0,-34.2974,22.8819,1.9858901601830803,-0.48109520549157836,-0.006266437041495043,-0.24390002694568827,-0.8311180477306166,-0.4481332284940475
193.078,8.7318,-2.4948,10.0,-34.2339,20.5409,0.6320594965674973,-0.5128959454530725,-0.5261699515737737,-0.24390002694568827,-0.8298428293900447,-0.6621327565784644
193.128,8.7318,0.0,10.0,-34.1705,22.5596,0.6728375286041102,-0.5128959454530725,-0.006266437041495043,-0.24390002694568827,-0.8285696192673321,-0.4775958717668403
193.178,8.8566,2.4948,10.0,-34.1134,24.9005,-0.41185812356981377,-0.48109520549157836,0.5136370774907836,-0.24390002694568827,-0.827422926869747,-0.263605485054832
193.228,8.7942,-1.2474,10.0,-34.0531,21.7114,-1.6963661327232207,-0.4969955754723255,-0.2662181943076343,-0.24390002694568827,-0.8262119715006687,-0.5551329925362559
193.278,8.7942,0.0,10.0,-33.9928,22.7207,-0.07340045766591044,-0.4969955754723255,-0.006266437041495043,-0.24390002694568827,-0.8250010161315903,-0.46286912081664816
193.328,8.6695,-2.4948,10.0,-33.9263,20.3798,2.6464942791762724,-0.528770834071671,-0.5261699515737737,-0.24390002694568827,-0.8236655512552434,-0.6768595075286565
193.378,8.7318,1.2474,10.0,-33.8629,23.5689,0.7584713958809963,-0.5128959454530725,0.25368532022464424,-0.24390002694568827,-0.8223923411325309,-0.38533200004723256
193.428,8.7318,0.0,10.0,-33.7994,22.5596,-5.162498855835107,-0.5128959454530725,-0.006266437041495043,-0.24390002694568827,-0.821117122791959,-0.4775958717668403
193.478,8.7942,1.2474,10.0,-33.7392,23.73,1.1621739130435005,-0.4969955754723255,0.25368532022464424,-0.24390002694568827,-0.8199081756407397,-0.3706052490970404
193.528,8.7942,0.0,10.0,-33.6789,22.7207,4.807729977116591,-0.4969955754723255,-0.006266437041495043,-0.24390002694568827,-0.8186972202716614,-0.46286912081664816
193.578,8.7942,0.0,10.0,-33.6186,22.7207,-2.0511350114416325,-0.4969955754723255,-0.006266437041495043,-0.24390002694568827,-0.817486264902583,-0.46286912081664816
193.628,8.7942,0.0,10.0,-33.5583,22.7207,-2.4385263157894714,-0.4969955754723255,-0.006266437041495043,-0.24390002694568827,-0.8162753095335047,-0.46286912081664816
193.678,8.7942,0.0,10.0,-33.498,22.7207,2.2509473684210604,-0.4969955754723255,-0.006266437041495043,-0.24390002694568827,-0.8150643541644261,-0.46286912081664816
193.728,8.7942,0.0,10.0,-33.4377,22.7207,1.9818123569794037,-0.4969955754723255,-0.006266437041495043,-0.24390002694568827,-0.8138533987953478,-0.46286912081664816
193.778,8.6695,-2.4948,10.0,-33.3712,20.3798,0.8971167048054383,-0.528770834071671,-0.5261699515737737,-0.24390002694568827,-0.812517933919001,-0.6768595075286565
193.828,8.7318,1.2474,10.0,-33.3078,23.5689,-1.7412219679634071,-0.5128959454530725,0.25368532022464424,-0.24390002694568827,-0.8112447237962883,-0.38533200004723256
193.878,8.6695,-1.2474,10.0,-33.2412,21.3891,-1.5128649885583614,-0.528770834071671,-0.2662181943076343,-0.24390002694568827,-0.8099072507020824,-0.5845956358090487
193.928,8.6695,0.0,10.0,-33.1747,22.3985,-1.1662517162470625,-0.528770834071671,-0.006266437041495043,-0.24390002694568827,-0.8085717858257355,-0.4923226227170325
193.978,8.919,4.9896,10.0,-33.1207,27.0803,1.3905308924485011,-0.4651948355108313,1.033540592023062,-0.24390002694568827,-0.8074873481817847,-0.06434184929301577
194.028,8.7318,-3.7422,10.0,-33.0573,19.5316,3.829057208237884,-0.5128959454530725,-0.7861217088399128,-0.24390002694568827,-0.806214138059072,-0.7543966282980722
194.078,8.7318,0.0,10.0,-32.9938,22.5596,-0.8604164759724889,-0.5128959454530725,-0.006266437041495043,-0.24390002694568827,-0.8049389197185003,-0.4775958717668403
194.128,8.7942,1.2474,10.0,-32.9336,23.73,-0.39146910755144854,-0.4969955754723255,0.25368532022464424,-0.24390002694568827,-0.803729972567281,-0.3706052490970404
194.178,8.7942,0.0,10.0,-32.8733,22.7207,2.128613272311146,-0.4969955754723255,-0.006266437041495043,-0.24390002694568827,-0.8025190171982026,-0.46286912081664816
194.228,8.7942,0.0,10.0,-32.813,22.7207,-2.1326910755147575,-0.4969955754723255,-0.006266437041495043,-0.24390002694568827,-0.8013080618291243,-0.46286912081664816
194.278,8.7942,0.0,10.0,-32.7527,22.7207,-3.1399084668191666,-0.4969955754723255,-0.006266437041495043,-0.24390002694568827,-0.8000971064600457,-0.46286912081664816
194.328,8.7318,-1.2474,10.0,-32.6893,21.5503,4.4448054919905955,-0.5128959454530725,-0.2662181943076343,-0.24390002694568827,-0.7988238963373333,-0.5698597434864481
194.378,8.7942,1.2474,10.0,-32.629,23.73,-0.9542059496567556,-0.4969955754723255,0.25368532022464424,-0.24390002694568827,-0.7976129409682547,-0.3706052490970404
194.428,8.7318,-1.2474,10.0,-32.5656,21.5503,-5.297066361555949,-0.5128959454530725,-0.2662181943076343,-0.24390002694568827,-0.7963397308455422,-0.5698597434864481
194.478,8.919,3.7422,10.0,-32.5115,26.071,2.4181372997712427,-0.4651948355108313,0.7735888347569227,-0.24390002694568827,-0.7952532849837322,-0.15660572101262354
194.528,8.7318,-3.7422,10.0,-32.4481,19.5316,1.8390892448512555,-0.5128959454530725,-0.7861217088399128,-0.24390002694568827,-0.7939800748610195,-0.7543966282980722
194.578,8.7318,0.0,10.0,-32.3847,22.5596,-0.840027459954349,-0.5128959454530725,-0.006266437041495043,-0.24390002694568827,-0.792706864738307,-0.4775958717668403
194.628,8.7942,1.2474,10.0,-32.3244,23.73,1.4802425629290197,-0.4969955754723255,0.25368532022464424,-0.24390002694568827,-0.7914959093692285,-0.3706052490970404
194.678,8.7942,0.0,10.0,-32.2641,22.7207,0.43632494279177564,-0.4969955754723255,-0.006266437041495043,-0.24390002694568827,-0.7902849540001502,-0.46286912081664816
194.728,8.6695,-2.4948,10.0,-32.1976,20.3798,-2.617949656750467,-0.528770834071671,-0.5261699515737737,-0.24390002694568827,-0.7889494891238034,-0.6768595075286565
194.778,8.9813,6.237,10.0,-32.1467,28.2508,-2.3773592677344477,-0.44931994689223326,1.2934923492892014,-0.24390002694568827,-0.7879273062334868,0.04265791474919267
194.828,8.8566,-2.4948,10.0,-32.0895,20.8632,1.9247231121280135,-0.48109520549157836,-0.5261699515737737,-0.24390002694568827,-0.7867786056180426,-0.6326701133056719
194.878,8.6071,-4.9896,10.0,-32.0199,18.2,-0.0163112128146653,-0.5446712040524176,-1.0460734661060522,-0.24390002694568827,-0.7853808859880616,-0.8761231432904727
194.928,8.7942,3.7422,10.0,-31.9596,25.7487,-4.546750572082203,-0.4969955754723255,0.7735888347569227,-0.24390002694568827,-0.784169930618983,-0.18606836428541634
194.978,8.7942,0.0,10.0,-31.8993,22.7207,3.209231121281449,-0.4969955754723255,-0.006266437041495043,-0.24390002694568827,-0.7829589752499047,-0.46286912081664816
195.028,8.8566,1.2474,10.0,-31.8421,23.8912,1.7738443935926431,-0.48109520549157836,0.25368532022464424,-0.24390002694568827,-0.7818102746344604,-0.35586935677443976
195.078,8.7942,-1.2474,10.0,-31.7818,21.7114,-3.735267734553749,-0.4969955754723255,-0.2662181943076343,-0.24390002694568827,-0.7805993192653821,-0.5551329925362559
195.128,8.7318,-1.2474,10.0,-31.7184,21.5503,3.270398169336304,-0.5128959454530725,-0.2662181943076343,-0.24390002694568827,-0.7793261091426694,-0.5698597434864481
195.178,8.6695,-1.2474,10.0,-31.6519,21.3891,2.3692036613272047,-0.528770834071671,-0.2662181943076343,-0.24390002694568827,-0.7779906442663226,-0.5845956358090487
195.228,8.6695,0.0,10.0,-31.5854,22.3985,-3.531377574370639,-0.528770834071671,-0.006266437041495043,-0.24390002694568827,-0.7766551793899759,-0.4923226227170325
195.278,8.7942,2.4948,10.0,-31.5251,24.7394,5.333766590388976,-0.4969955754723255,0.5136370774907836,-0.24390002694568827,-0.7754442240208973,-0.2783322360050241
195.328,8.8566,1.2474,10.0,-31.4679,23.8912,8.424741418764185,-0.48109520549157836,0.25368532022464424,-0.24390002694568827,-0.7742955234054533,-0.35586935677443976
195.378,8.6071,-4.9896,10.0,-31.3982,18.2,-4.534517162471446,-0.5446712040524176,-1.0460734661060522,-0.24390002694568827,-0.7728957955576129,-0.8761231432904727
195.428,8.7942,3.7422,10.0,-31.338,25.7487,-4.163437070938085,-0.4969955754723255,0.7735888347569227,-0.24390002694568827,-0.7716868484063938,-0.18606836428541634
195.478,8.919,2.4948,10.0,-31.2839,25.0617,3.572155606407353,-0.4651948355108313,0.5136370774907836,-0.24390002694568827,-0.7706004025445837,-0.24886959273223164
195.528,8.7942,-2.4948,10.0,-31.2236,20.7021,4.326549199084604,-0.4969955754723255,-0.5261699515737737,-0.24390002694568827,-0.7693894471755053,-0.6473968642558637
195.578,8.919,2.4948,10.0,-31.1696,25.0617,3.1399084668191635,-0.4651948355108313,0.5136370774907836,-0.24390002694568827,-0.7683050095315545,-0.24886959273223164
195.628,8.9813,1.2474,10.0,-31.1186,24.2135,-0.9949839816933692,-0.44931994689223326,0.25368532022464424,-0.24390002694568827,-0.7672808184233788,-0.32640671350164724
195.678,8.8566,-2.4948,10.0,-31.0615,20.8632,-3.0420411899313016,-0.48109520549157836,-0.5261699515737737,-0.24390002694568827,-0.7661341260257937,-0.6326701133056719
195.728,8.9813,2.4948,10.0,-31.0105,25.2228,-1.260041189931354,-0.44931994689223326,0.5136370774907836,-0.24390002694568827,-0.765109934917618,-0.23414284178203948
195.778,9.1061,2.4948,10.0,-30.9658,25.5451,1.912489702517175,-0.41751920693073913,0.5136370774907836,-0.24390002694568827,-0.7642122615345699,-0.20468019850924668
195.828,8.9813,-2.4948,10.0,-30.9149,21.1855,6.169716247139509,-0.44931994689223326,-0.5261699515737737,-0.24390002694568827,-0.7631900786442531,-0.6032074700328791
195.878,8.919,-1.2474,10.0,-30.8608,22.0337,-1.6718993135012072,-0.4651948355108313,-0.2662181943076343,-0.24390002694568827,-0.7621036327824432,-0.5256703492634635
195.928,9.0437,2.4948,10.0,-30.813,25.3839,-1.0316842105263624,-0.4334195769114862,0.5136370774907836,-0.24390002694568827,-0.7611437046457608,-0.21941609083184735
195.978,9.2308,3.7422,10.0,-30.7746,26.8767,4.14712585812363,-0.3857439483313936,0.7735888347569227,-0.24390002694568827,-0.7603725489878403,-0.08295368351684644
196.028,9.1684,-1.2474,10.0,-30.733,22.6782,0.7217711670480398,-0.40164431831214065,-0.2662181943076343,-0.24390002694568827,-0.7595371303584263,-0.46675420409028673
196.078,9.2308,1.2474,10.0,-30.6945,24.858,2.752517162471275,-0.3857439483313936,0.25368532022464424,-0.24390002694568827,-0.7587639664826465,-0.2674905683284705
196.128,9.1684,-1.2474,10.0,-30.653,22.6782,1.9940457665904665,-0.40164431831214065,-0.2662181943076343,-0.24390002694568827,-0.7579305560710918,-0.46675420409028673
196.178,9.3555,3.7422,10.0,-30.6207,27.199,-1.5944210526315405,-0.3539686897320484,0.7735888347569227,-0.24390002694568827,-0.7572819017025805,-0.05349104024405363
196.228,9.4179,1.2474,10.0,-30.5916,25.3414,-1.0846956521738638,-0.33806831975130136,0.25368532022464424,-0.24390002694568827,-0.7566975103055625,-0.2233011741054859
196.278,9.5427,2.4948,10.0,-30.5688,26.6731,4.110425629290679,-0.30626757978980723,0.5136370774907836,-0.24390002694568827,-0.7562396366336721,-0.10156551774067678
196.328,9.605,1.2474,10.0,-30.549,25.8249,0.5382700228833426,-0.29039269117120875,0.25368532022464424,-0.24390002694568827,-0.7558420094975569,-0.17910263851009273
196.378,9.5427,-1.2474,10.0,-30.5261,23.6451,1.0928512585810712,-0.30626757978980723,-0.2662181943076343,-0.24390002694568827,-0.7553821276078074,-0.37836627427190894
196.428,9.7298,3.7422,10.0,-30.5126,28.1658,6.940421052631309,-0.25859195120971507,0.7735888347569227,-0.24390002694568827,-0.7551110181968197,0.034887748201915605
196.478,9.6674,-1.2474,10.0,-30.496,23.9674,8.25755148741406,-0.2744923211904617,-0.2662181943076343,-0.24390002694568827,-0.7547776540321977,-0.34890363099911614
196.528,9.9169,4.9896,10.0,-30.4918,29.6585,2.646494279176177,-0.2109163226296224,1.033540592023062,-0.24390002694568827,-0.7546933088821127,0.171341014144508
196.578,9.8545,-1.2474,10.0,-30.4846,24.4508,0.2120457665903519,-0.22681669261036946,-0.2662181943076343,-0.24390002694568827,-0.7545487171962526,-0.3047142367761315
196.628,9.9169,1.2474,10.0,-30.4804,26.6306,-0.9501281464531197,-0.2109163226296224,0.25368532022464424,-0.24390002694568827,-0.7544643720461675,-0.1054506010143153
196.678,10.104,3.7422,10.0,-30.4856,29.1326,-1.3782974828374739,-0.1632406940495302,0.7735888347569227,-0.24390002694568827,-0.7545687993748442,0.12326653664788484
196.728,10.2287,2.4948,10.0,-30.4971,28.4456,3.2703981693363526,-0.13146543545018466,0.5136370774907836,-0.24390002694568827,-0.7547997444286486,0.06046530820106956
196.778,10.4782,4.9896,10.0,-30.521,31.1088,3.4987551487413304,-0.06788943688934539,1.033540592023062,-0.24390002694568827,-0.7552797084969899,0.3039183381858704
196.828,10.6029,2.4948,10.0,-30.5511,29.4124,-1.8880228832950596,-0.03611417828999982,0.5136370774907836,-0.24390002694568827,-0.7558841820725994,0.14884409664703913
196.878,10.9772,7.4844,10.0,-30.6,34.4165,-5.415322654462114,0.05926256023233358,1.5534441065553406,-0.24390002694568827,-0.7568662006057327,0.606287513343848
196.928,10.8524,-2.4948,10.0,-30.6426,26.0197,2.2060915331806497,0.02746182027083944,-0.5261699515737737,-0.24390002694568827,-0.7577217014137384,-0.16129524505821552
196.978,10.9148,1.2474,10.0,-30.6883,29.2088,-0.10194508009159886,0.04336219025158651,0.25368532022464424,-0.24390002694568827,-0.7586394569753782,0.13023226242320846
197.028,10.8524,-1.2474,10.0,-30.7309,27.029,-2.2509473684209924,0.02746182027083944,-0.2662181943076343,-0.24390002694568827,-0.7594949577833838,-0.06903137333860776
197.078,11.1019,4.9896,10.0,-30.786,32.7202,-1.1050846681922089,0.09103781883167915,1.033540592023062,-0.24390002694568827,-0.7606014858237855,0.4512224131774249
197.128,11.0395,-1.2474,10.0,-30.838,27.5124,-1.7126773455379163,0.07513744885093208,-0.2662181943076343,-0.24390002694568827,-0.761645759110553,-0.02484197911562314
197.178,11.289,4.9896,10.0,-30.9025,33.2036,-2.3202700228832818,0.13871344741177133,1.033540592023062,-0.24390002694568827,-0.7629410596297164,0.49541180740040985
197.228,11.3514,1.2474,10.0,-30.97,30.3368,-3.2663203661326046,0.15461381739251842,0.25368532022464424,-0.24390002694568827,-0.7642966066846549,0.23334694319177837
197.278,11.4138,1.2474,10.0,-31.0407,30.4979,0.2487459954234117,0.17051418737326549,0.25368532022464424,-0.24390002694568827,-0.7657164167110868,0.2480736941419705
197.328,11.3514,-1.2474,10.0,-31.1083,28.3181,1.2845080091534,0.15461381739251842,-0.2662181943076343,-0.24390002694568827,-0.7670739719838845,0.048810058380154286
197.378,11.788,8.7318,10.0,-31.1977,37.5207,9.183212814645229,0.2658654445334503,1.8133958638214798,-0.24390002694568827,-0.7688693187499808,0.8900539956504034
197.428,11.8503,1.2474,10.0,-31.2902,31.6259,7.935405034324758,0.2817403331520488,0.25368532022464424,-0.24390002694568827,-0.7707269202697113,0.3511883749105404
197.478,11.8503,0.0,10.0,-31.3827,30.6166,-3.4661327231121097,0.2817403331520488,-0.006266437041495043,-0.24390002694568827,-0.7725845217894419,0.2589245031909323
197.528,11.9751,2.4948,10.0,-31.4815,32.9575,0.4771029748281963,0.3135410731135425,0.5136370774907836,-0.24390002694568827,-0.7745686410343,0.47291488990294095
197.578,12.1622,3.7422,10.0,-31.5896,34.4502,-2.36104805491987,0.3612167016936351,0.7735888347569227,-0.24390002694568827,-0.7767395245400608,0.6093681558455334
197.628,12.2246,1.2474,10.0,-31.7008,32.5927,-9.02417848970218,0.3771170716743822,0.25368532022464424,-0.24390002694568827,-0.7789726627994559,0.43956716335650964
197.678,12.1622,-1.2474,10.0,-31.8089,30.413,1.7860778032035451,0.3612167016936351,-0.2662181943076343,-0.24390002694568827,-0.7811435463052167,0.24031266896710196
197.728,12.4117,4.9896,10.0,-31.9295,36.1041,7.4705354691072685,0.4247927002544744,1.033540592023062,-0.24390002694568827,-0.7835654570433734,0.7605573141107265
197.778,12.5364,2.4948,10.0,-32.0563,34.4077,-3.8861464530892276,0.45656795885381996,0.5136370774907836,-0.24390002694568827,-0.7861118772887987,0.6054830725718945
197.828,12.7235,3.7422,10.0,-32.1925,35.9005,-10.231208237986129,0.5042435874339122,0.7735888347569227,-0.24390002694568827,-0.7888470700129858,0.7419454798868957
197.878,12.9106,3.7422,10.0,-32.338,36.3839,0.09378947368419155,0.5519192160140048,0.7735888347569227,-0.24390002694568827,-0.7917690269980755,0.78613487410988
197.928,12.7859,-2.4948,10.0,-32.4773,31.015,0.6646819221968991,0.5201439574146592,-0.5261699515737737,-0.24390002694568827,-0.7945664744758967,0.2953437308666402
197.978,12.7859,0.0,10.0,-32.6166,33.0336,-2.670961098398268,0.5201439574146592,-0.006266437041495043,-0.24390002694568827,-0.797363921953718,0.4798714743058557
198.028,13.0354,4.9896,10.0,-32.7684,37.7155,-3.600700228833016,0.5837199559754985,1.033540592023062,-0.24390002694568827,-0.8004123966639353,0.9078613891022806
198.078,12.6612,-7.4844,10.0,-32.9015,26.6554,-3.3886544622425085,0.48836869881531364,-1.5659769806383308,-0.24390002694568827,-0.8030853346344881,-0.10318354065699223
198.128,13.1601,9.9792,10.0,-33.0595,42.0751,-5.598823798626896,0.615495214574844,2.073347621087619,-0.24390002694568827,-0.8062583188519737,1.306388660625913
198.178,13.3472,3.7422,10.0,-33.2268,37.5119,-15.083794050342958,0.6631708431549367,0.7735888347569227,-0.24390002694568827,-0.809618067330362,0.8892495548784499
198.228,13.1601,-3.7422,10.0,-33.3848,30.9725,-9.293313501143974,0.615495214574844,-0.7861217088399128,-0.24390002694568827,-0.8127910515478478,0.29145864759300166
198.278,12.9106,-4.9896,10.0,-33.5304,29.3186,-0.24466819221968417,0.5519192160140048,-1.0460734661060522,-0.24390002694568827,-0.8157150167507967,0.14026948932780858
198.328,13.1601,4.9896,10.0,-33.6884,38.0378,-2.1530800915331048,0.615495214574844,1.033540592023062,-0.24390002694568827,-0.8188880009682824,0.9373240323750731
198.378,13.1601,0.0,10.0,-33.8464,34.0005,-1.7942334096107948,0.615495214574844,-0.006266437041495043,-0.24390002694568827,-0.8220609851857681,0.5682594041242338
198.428,13.0354,-2.4948,10.0,-33.9981,31.6596,-2.0878352402745937,0.5837199559754985,-0.5261699515737737,-0.24390002694568827,-0.8251074516781262,0.3542690174122255
198.478,13.1601,2.4948,10.0,-34.1561,36.0191,-4.130814645309018,0.615495214574844,0.5136370774907836,-0.24390002694568827,-0.828280435895612,0.7527871475634493
198.528,12.7859,-7.4844,10.0,-34.2954,26.9777,-1.5903432494278147,0.5201439574146592,-1.5659769806383308,-0.24390002694568827,-0.8310778833734331,-0.07372089738419975
198.578,12.8483,1.2474,10.0,-34.4379,34.2041,-3.6170114416477093,0.5360443273954063,0.25368532022464424,-0.24390002694568827,-0.8339395938227477,0.5868712383480639
198.628,12.5364,-6.237,10.0,-34.5647,27.3425,-4.126736842105165,0.45656795885381996,-1.3060252233721914,-0.24390002694568827,-0.836486014068173,-0.0403731708377684
198.678,12.6612,2.4948,10.0,-34.6977,34.73,4.538594965675387,0.48836869881531364,0.5136370774907836,-0.24390002694568827,-0.8391569438208666,0.634945715844687
198.728,12.7859,2.4948,10.0,-34.837,35.0523,2.8626178489702325,0.5201439574146592,0.5136370774907836,-0.24390002694568827,-0.841954391298688,0.6644083591174801
198.778,12.7859,0.0,10.0,-34.9763,33.0336,-4.567139588100786,0.5201439574146592,-0.006266437041495043,-0.24390002694568827,-0.8447518387765093,0.4798714743058557
198.828,12.5364,-4.9896,10.0,-35.1031,28.3518,-0.8359496567505187,0.45656795885381996,-1.0460734661060522,-0.24390002694568827,-0.8472982590219343,0.05189070088183936
198.878,12.6612,2.4948,10.0,-35.2362,34.73,1.9777345537759583,0.48836869881531364,0.5136370774907836,-0.24390002694568827,-0.8499711969924872,0.634945715844687
198.928,12.5988,-1.2474,10.0,-35.3661,31.5409,6.026993135011239,0.472468328834567,-0.2662181943076343,-0.24390002694568827,-0.8525798719915467,0.3434182083632633
198.978,12.5364,-1.2474,10.0,-35.493,31.3798,3.0175743707094216,0.45656795885381996,-0.2662181943076343,-0.24390002694568827,-0.8551283004548311,0.3286914574130712
199.028,12.3493,-3.7422,10.0,-35.6104,28.8777,-3.747501144164623,0.40889233027372734,-0.7861217088399128,-0.24390002694568827,-0.8574859482214945,0.09996517837846251
199.078,12.474,2.4948,10.0,-35.7341,34.2466,1.9899679633865341,0.4406675888730729,0.5136370774907836,-0.24390002694568827,-0.8599701137132855,0.5907563216217027
199.128,12.0375,-8.7318,10.0,-35.836,24.0347,1.859478260869356,0.3294414430942896,-1.82592873790447,-0.24390002694568827,-0.8620164877117779,-0.34275148736815453
199.178,12.4117,7.4844,10.0,-35.9566,38.1227,-1.4476201372998598,0.4247927002544744,1.5534441065553406,-0.24390002694568827,-0.8644383984499348,0.945085057549942
199.228,12.2246,-3.7422,10.0,-36.0678,28.5554,0.49341418764322853,0.3771170716743822,-0.7861217088399128,-0.24390002694568827,-0.8666715367093297,0.0705025351056697
199.278,12.2869,1.2474,10.0,-36.1822,32.7539,2.0959908466820663,0.3929919602929802,0.25368532022464424,-0.24390002694568827,-0.8689689379402181,0.45430305567911033
199.328,12.0998,-3.7422,10.0,-36.2872,28.2332,1.7860778032035363,0.34531633171288806,-0.7861217088399128,-0.24390002694568827,-0.8710775666923447,0.04104903320528576
199.378,12.2869,3.7422,10.0,-36.4015,34.7725,0.807405034324919,0.3929919602929802,0.7735888347569227,-0.24390002694568827,-0.8733729597053739,0.6388307991183259
199.428,12.3493,1.2474,10.0,-36.519,32.915,3.9799359267734693,0.40889233027372734,0.25368532022464424,-0.24390002694568827,-0.8757326156898965,0.4690298066293021
199.478,11.9751,-7.4844,10.0,-36.6177,24.8829,1.027606407322667,0.3135410731135425,-1.5659769806383308,-0.24390002694568827,-0.8777147267168954,-0.26521436659873887
199.528,12.3493,7.4844,10.0,-36.7352,37.9616,1.7085995423339395,0.40889233027372734,1.5534441065553406,-0.24390002694568827,-0.880074382701418,0.9303583065997495
199.578,12.2869,-1.2474,10.0,-36.8495,30.7352,4.0125583524026,0.3929919602929802,-0.2662181943076343,-0.24390002694568827,-0.8823697757144473,0.2697661708674859
199.628,12.1622,-2.4948,10.0,-36.9576,29.4036,-10.035473684210318,0.3612167016936351,-0.5261699515737737,-0.24390002694568827,-0.8845406592202081,0.14803965587508566
199.678,11.9751,-3.7422,10.0,-37.0564,27.9108,0.02038901601825599,0.3135410731135425,-0.7861217088399128,-0.24390002694568827,-0.8865247784650662,0.011577248560084413
199.728,11.9751,0.0,10.0,-37.1552,30.9388,4.6079176201372745,0.3135410731135425,-0.006266437041495043,-0.24390002694568827,-0.8885088977099244,0.28837800509131656
199.778,12.1622,3.7422,10.0,-37.2633,34.4502,-2.2346361556063754,0.3612167016936351,0.7735888347569227,-0.24390002694568827,-0.8906797812156851,0.6093681558455334
199.828,12.1622,0.0,10.0,-37.3714,31.4223,-1.639276887871867,0.3612167016936351,-0.006266437041495043,-0.24390002694568827,-0.892850664721446,0.3325765406867097
199.878,12.0375,-2.4948,10.0,-37.4732,29.0813,-2.091913043478165,0.3294414430942896,-0.5261699515737737,-0.24390002694568827,-0.8948950305020791,0.11857701260229285
199.928,12.1622,2.4948,10.0,-37.5814,33.4409,6.606041189931335,0.3612167016936351,0.5136370774907836,-0.24390002694568827,-0.8970679222256992,0.5171042841259252
199.978,12.0375,-2.4948,10.0,-37.6832,29.0813,-1.912489702517275,0.3294414430942896,-0.5261699515737737,-0.24390002694568827,-0.8991122880063322,0.11857701260229285
200.028,12.2246,3.7422,10.0,-37.7945,34.6113,2.0062791762012986,0.3771170716743822,0.7735888347569227,-0.24390002694568827,-0.9013474344835865,0.6240949067957252
200.078,11.8503,-7.4844,10.0,-37.887,24.5606,4.232759725400605,0.2817403331520488,-1.5659769806383308,-0.24390002694568827,-0.903205036003317,-0.2946770098715314
200.128,11.9127,1.2474,10.0,-37.9826,31.787,0.6850709382150305,0.29764070313279545,0.25368532022464424,-0.24390002694568827,-0.9051248922766818,0.3659151258607322
200.178,12.2246,6.237,10.0,-38.0938,36.63,-1.5984988558353863,0.3771170716743822,1.2934923492892014,-0.24390002694568827,-0.9073580305360769,0.8086317916073495
200.228,11.8503,-7.4844,10.0,-38.1864,24.5606,-5.358233409610951,0.2817403331520488,-1.5659769806383308,-0.24390002694568827,-0.9092176402736665,-0.2946770098715314
200.278,12.0998,4.9896,10.0,-38.2913,35.2984,0.5790480549199933,0.34531633171288806,1.033540592023062,-0.24390002694568827,-0.9113242608079339,0.686905276614949
200.328,11.9127,-3.7422,10.0,-38.387,27.7497,1.0194508009154684,0.29764070313279545,-0.7861217088399128,-0.24390002694568827,-0.9132461252991578,-0.0031495023901073967
200.378,12.0998,3.7422,10.0,-38.492,34.2891,0.8726498855834364,0.34531633171288806,0.7735888347569227,-0.24390002694568827,-0.9153547540512844,0.5946414048953409
200.428,12.0998,0.0,10.0,-38.597,31.2611,0.5260366132723295,0.34531633171288806,-0.006266437041495043,-0.24390002694568827,-0.917463382803411,0.3178406483641091
200.478,12.0375,-1.2474,10.0,-38.6988,30.0906,0.9949839816933694,0.3294414430942896,-0.2662181943076343,-0.24390002694568827,-0.9195077485840442,0.21084088432190062
200.528,12.0375,0.0,10.0,-38.8007,31.1,3.943235697940455,0.3294414430942896,-0.006266437041495043,-0.24390002694568827,-0.9215541225825366,0.30311389741391725
200.578,11.9127,-2.4948,10.0,-38.8963,28.759,-1.8717116704805665,0.29764070313279545,-0.5261699515737737,-0.24390002694568827,-0.9234739788559013,0.08911436932950037
200.628,12.1622,4.9896,10.0,-39.0045,35.4596,-1.5740320366134892,0.3612167016936351,1.033540592023062,-0.24390002694568827,-0.9256468705795213,0.7016411689375497
200.678,11.8503,-6.237,10.0,-39.097,25.5699,7.527624713958749,0.2817403331520488,-1.3060252233721914,-0.24390002694568827,-0.9275044720992519,-0.2024131381519236
200.728,11.9751,2.4948,10.0,-39.1957,32.9575,-5.8720366132721145,0.3135410731135425,0.5136370774907836,-0.24390002694568827,-0.9294865831262509,0.47291488990294095
200.778,11.9127,-1.2474,10.0,-39.2914,29.7684,-4.1960594965674405,0.29764070313279545,-0.2662181943076343,-0.24390002694568827,-0.9314084476174749,0.18138738242151667
200.828,12.0375,2.4948,10.0,-39.3932,33.1186,2.6261052631578075,0.3294414430942896,0.5136370774907836,-0.24390002694568827,-0.9334528133981079,0.4876416408531328
200.878,12.0998,1.2474,10.0,-39.4982,32.2704,-2.022590389015959,0.34531633171288806,0.25368532022464424,-0.24390002694568827,-0.9355614421502345,0.4101045200837172
200.928,11.9751,-2.4948,10.0,-39.597,28.9202,1.8635560640733098,0.3135410731135425,-0.5261699515737737,-0.24390002694568827,-0.9375455613950927,0.10385026165210104
200.978,12.1622,3.7422,10.0,-39.7051,34.4502,-0.7625491990846485,0.3612167016936351,0.7735888347569227,-0.24390002694568827,-0.9397164449008535,0.6093681558455334
201.028,12.0375,-2.4948,10.0,-39.807,29.0813,-1.378297482837489,0.3294414430942896,-0.5261699515737737,-0.24390002694568827,-0.9417628188993459,0.11857701260229285
201.078,12.0998,1.2474,10.0,-39.912,32.2704,-2.116379862700225,0.34531633171288806,0.25368532022464424,-0.24390002694568827,-0.9438714476514724,0.4101045200837172
201.128,12.0998,0.0,10.0,-40.0169,31.2611,3.576233409610957,0.34531633171288806,-0.006266437041495043,-0.24390002694568827,-0.9459780681857398,0.3178406483641091
201.178,11.8503,-4.9896,10.0,-40.1095,26.5792,3.72303432494261,0.2817403331520488,-1.0460734661060522,-0.24390002694568827,-0.9478376779233295,-0.11014926643231583
201.228,11.788,-1.2474,10.0,-40.1989,29.4461,-4.15528146453089,0.2658654445334503,-0.2662181943076343,-0.24390002694568827,-0.9496330246894259,0.1519247391487242
201.278,12.0998,6.237,10.0,-40.3039,36.3077,0.024466819221972205,0.34531633171288806,1.2934923492892014,-0.24390002694568827,-0.9517416534415525,0.7791691483345564
201.328,11.9127,-3.7422,10.0,-40.3995,27.7497,2.422215102974737,0.29764070313279545,-0.7861217088399128,-0.24390002694568827,-0.9536615097149173,-0.0031495023901073967
201.378,11.9127,0.0,10.0,-40.4951,30.7777,2.4629931350114758,0.29764070313279545,-0.006266437041495043,-0.24390002694568827,-0.955581365988282,0.27365125414112446
201.428,11.9751,1.2474,10.0,-40.5939,31.9482,-0.9786727688787256,0.3135410731135425,0.25368532022464424,-0.24390002694568827,-0.9575654852331401,0.38065101818333286
201.478,11.9751,0.0,10.0,-40.6926,30.9388,-0.7747826086955634,0.3135410731135425,-0.006266437041495043,-0.24390002694568827,-0.9595475962601391,0.28837800509131656
201.528,12.0375,1.2474,10.0,-40.7945,32.1093,0.28544622425636823,0.3294414430942896,0.25368532022464424,-0.24390002694568827,-0.9615939702586315,0.3953777691335247
201.578,12.0998,1.2474,10.0,-40.8995,32.2704,-0.20796796338672485,0.34531633171288806,0.25368532022464424,-0.24390002694568827,-0.9637025990107582,0.4101045200837172
201.628,12.1622,1.2474,10.0,-41.0076,32.4316,2.475226544622418,0.3612167016936351,0.25368532022464424,-0.24390002694568827,-0.9658734825165188,0.4248404124063178
201.678,12.0998,-1.2474,10.0,-41.1126,30.2518,-5.696691075514801,0.34531633171288806,-0.2662181943076343,-0.24390002694568827,-0.9679821112686454,0.2255767766445013
201.728,11.9127,-3.7422,10.0,-41.2082,27.7497,-4.501894736842216,0.29764070313279545,-0.7861217088399128,-0.24390002694568827,-0.9699019675420102,-0.0031495023901073967
201.778,12.1622,4.9896,10.0,-41.3163,35.4596,2.854462242562937,0.3612167016936351,1.033540592023062,-0.24390002694568827,-0.972072851047771,0.7016411689375497
201.828,11.9127,-4.9896,10.0,-41.412,26.7404,1.888022883295192,0.29764070313279545,-1.0460734661060522,-0.24390002694568827,-0.9739947155389949,-0.09541337410971516
201.878,11.9751,1.2474,10.0,-41.5107,31.9482,-0.3996247139589916,0.3135410731135425,0.25368532022464424,-0.24390002694568827,-0.9759768265659939,0.38065101818333286
201.928,11.8503,-2.4948,10.0,-41.6032,28.5979,-4.6976292906176775,0.2817403331520488,-0.5261699515737737,-0.24390002694568827,-0.9778344280857245,0.07438761837930824
201.978,11.9127,1.2474,10.0,-41.6989,31.787,-4.954530892448292,0.29764070313279545,0.25368532022464424,-0.24390002694568827,-0.9797562925769484,0.3659151258607322
202.028,11.9127,0.0,10.0,-41.7945,30.7777,1.4476201372997621,0.29764070313279545,-0.006266437041495043,-0.24390002694568827,-0.9816761488503132,0.27365125414112446
202.078,11.9751,1.2474,10.0,-41.8933,31.9482,7.531702517162275,0.3135410731135425,0.25368532022464424,-0.24390002694568827,-0.9836602680951714,0.38065101818333286
202.128,11.9127,-1.2474,10.0,-41.9889,29.7684,5.056475972539977,0.29764070313279545,-0.2662181943076343,-0.24390002694568827,-0.9855801243685361,0.18138738242151667
202.178,11.9127,0.0,10.0,-42.0845,30.7777,-2.793295194507809,0.29764070313279545,-0.006266437041495043,-0.24390002694568827,-0.9874999806419008,0.27365125414112446
202.228,12.0998,3.7422,10.0,-42.1895,34.2891,-2.8585400457665964,0.34531633171288806,0.7735888347569227,-0.24390002694568827,-0.9896086093940275,0.5946414048953409
202.278,11.8503,-4.9896,10.0,-42.282,26.5792,3.2663203661326943,0.2817403331520488,-1.0460734661060522,-0.24390002694568827,-0.9914662109137579,-0.11014926643231583
202.328,12.0375,3.7422,10.0,-42.3839,34.1279,2.5690160183066024,0.3294414430942896,0.7735888347569227,-0.24390002694568827,-0.9935125849122503,0.5799055125727403
202.378,11.788,-4.9896,10.0,-42.4733,26.4181,0.5872036613271053,0.2658654445334503,-1.0460734661060522,-0.24390002694568827,-0.9953079316783467,-0.12487601738250798
202.428,11.7256,-1.2474,10.0,-42.5596,29.2849,-2.8299954233408764,0.24996507455270323,-0.2662181943076343,-0.24390002694568827,-0.9970410236908088,0.1371888468261235
202.478,11.9751,4.9896,10.0,-42.6584,34.9761,-0.7829382151029898,0.3135410731135425,1.033540592023062,-0.24390002694568827,-0.9990251429356669,0.6574426333421565
202.528,12.0998,2.4948,10.0,-42.7633,33.2798,5.366389016018119,0.34531633171288806,0.5136370774907836,-0.24390002694568827,-1.0011317634699344,0.5023775331757334
202.578,12.0375,-1.2474,10.0,-42.8652,30.0906,2.218324942791704,0.3294414430942896,-0.2662181943076343,-0.24390002694568827,-1.0031781374684268,0.21084088432190062
202.628,11.788,-4.9896,10.0,-42.9546,26.4181,-3.1276750572081147,0.2658654445334503,-1.0460734661060522,-0.24390002694568827,-1.004973484234523,-0.12487601738250798
202.678,11.8503,1.2474,10.0,-43.0471,31.6259,-1.9614233409610828,0.2817403331520488,0.25368532022464424,-0.24390002694568827,-1.0068310857542537,0.3511883749105404
202.728,12.0998,4.9896,10.0,-43.1521,35.2984,1.4149977116705752,0.34531633171288806,1.033540592023062,-0.24390002694568827,-1.00893971450638,0.686905276614949
202.778,11.9751,-2.4948,10.0,-43.2509,28.9202,-2.687272311212719,0.3135410731135425,-0.5261699515737737,-0.24390002694568827,-1.0109238337512383,0.10385026165210104
202.828,12.0998,2.4948,10.0,-43.3559,33.2798,-1.2151853546910472,0.34531633171288806,0.5136370774907836,-0.24390002694568827,-1.0130324625033649,0.5023775331757334
202.878,11.9751,-2.4948,10.0,-43.4546,28.9202,1.101006864988472,0.3135410731135425,-0.5261699515737737,-0.24390002694568827,-1.015014573530364,0.10385026165210104
202.928,11.9751,0.0,10.0,-43.5534,30.9388,-3.0665080091535026,0.3135410731135425,-0.006266437041495043,-0.24390002694568827,-1.0169986927752221,0.28837800509131656
202.978,12.1622,3.7422,10.0,-43.6615,34.4502,0.13456750572086737,0.3612167016936351,0.7735888347569227,-0.24390002694568827,-1.0191695762809827,0.6093681558455334
203.028,12.0375,-2.4948,10.0,-43.7634,29.0813,1.1458627002290727,0.3294414430942896,-0.5261699515737737,-0.24390002694568827,-1.021215950279475,0.11857701260229285
203.078,11.8503,-3.7422,10.0,-43.8559,27.5886,4.987153318077704,0.2817403331520488,-0.7861217088399128,-0.24390002694568827,-1.0230735517992058,-0.01787625334029953
203.128,11.8503,0.0,10.0,-43.9484,30.6166,-0.7992494279178262,0.2817403331520488,-0.006266437041495043,-0.24390002694568827,-1.0249311533189362,0.2589245031909323
203.178,11.9751,2.4948,10.0,-44.0472,32.9575,-6.626430205949601,0.3135410731135425,0.5136370774907836,-0.24390002694568827,-1.0269152725637944,0.47291488990294095
203.228,11.8503,-2.4948,10.0,-44.1397,28.5979,2.4018260869566186,0.2817403331520488,-0.5261699515737737,-0.24390002694568827,-1.028772874083525,0.07438761837930824
203.278,12.0375,3.7422,10.0,-44.2415,34.1279,2.9074736842105118,0.3294414430942896,0.7735888347569227,-0.24390002694568827,-1.0308172398641582,0.5799055125727403
203.328,12.0375,0.0,10.0,-44.3434,31.1,1.1254736842104962,0.3294414430942896,-0.006266437041495043,-0.24390002694568827,-1.0328636138626506,0.30311389741391725
203.378,12.1622,2.4948,10.0,-44.4515,33.4409,-4.799574370709144,0.3612167016936351,0.5136370774907836,-0.24390002694568827,-1.0350344973684114,0.5171042841259252
203.428,11.9751,-3.7422,10.0,-44.5503,27.9108,-0.0734004576659622,0.3135410731135425,-0.7861217088399128,-0.24390002694568827,-1.0370186166132696,0.011577248560084413
203.478,11.9751,0.0,10.0,-44.649,30.9388,8.983400457665716,0.3135410731135425,-0.006266437041495043,-0.24390002694568827,-1.0390007276402684,0.28837800509131656
203.528,11.9751,0.0,10.0,-44.7478,30.9388,2.3895926773455556,0.3135410731135425,-0.006266437041495043,-0.24390002694568827,-1.0409848468851266,0.28837800509131656
203.578,12.2869,6.237,10.0,-44.8621,36.7911,-3.1969977116705652,0.3929919602929802,1.2934923492892014,-0.24390002694568827,-1.0432802398981558,0.8233585425575414
203.628,11.8503,-8.7318,10.0,-44.9547,23.5513,-0.8481830663617329,0.2817403331520488,-1.82592873790447,-0.24390002694568827,-1.0451398496357456,-0.38694088159113915
203.678,12.0375,3.7422,10.0,-45.0565,34.1279,-2.1734691075513903,0.3294414430942896,0.7735888347569227,-0.24390002694568827,-1.0471842154163788,0.5799055125727403
203.728,11.9751,-1.2474,10.0,-45.1553,29.9295,-5.619212814645152,0.3135410731135425,-0.2662181943076343,-0.24390002694568827,-1.0491683346612368,0.1961141333717088
203.778,12.0998,2.4948,10.0,-45.2603,33.2798,-0.5015697940503466,0.34531633171288806,0.5136370774907836,-0.24390002694568827,-1.0512769634133634,0.5023775331757334
203.828,11.9127,-3.7422,10.0,-45.3559,27.7497,1.7493775743707396,0.29764070313279545,-0.7861217088399128,-0.24390002694568827,-1.0531968196867283,-0.0031495023901073967
203.878,12.0375,2.4948,10.0,-45.4578,33.1186,1.6433546910755394,0.3294414430942896,0.5136370774907836,-0.24390002694568827,-1.0552431936852207,0.4876416408531328
203.928,12.3493,6.237,10.0,-45.5752,36.9523,-3.8086681922195567,0.40889233027372734,1.2934923492892014,-0.24390002694568827,-1.057600841451884,0.838094434880142
203.978,12.0998,-4.9896,10.0,-45.6802,27.2238,-5.778247139588011,0.34531633171288806,-1.0460734661060522,-0.24390002694568827,-1.0597094702040106,-0.051223979886730546
204.028,12.0375,-1.2474,10.0,-45.7821,30.0906,2.047057208237867,0.3294414430942896,-0.2662181943076343,-0.24390002694568827,-1.061755844202503,0.21084088432190062
204.078,12.0998,1.2474,10.0,-45.8871,32.2704,8.13113958810059,0.34531633171288806,0.25368532022464424,-0.24390002694568827,-1.0638644729546296,0.4101045200837172
204.128,11.9751,-2.4948,10.0,-45.9859,28.9202,-0.4281693363844996,0.3135410731135425,-0.5261699515737737,-0.24390002694568827,-1.0658485921994878,0.10385026165210104
204.178,11.788,-3.7422,10.0,-46.0753,27.4274,-6.895565217391244,0.2658654445334503,-0.7861217088399128,-0.24390002694568827,-1.067643938965584,-0.0326121456629002
204.228,11.9751,3.7422,10.0,-46.174,33.9668,-0.9582837528603144,0.3135410731135425,0.7735888347569227,-0.24390002694568827,-1.069626049992583,0.5651787616225484
204.278,11.9751,0.0,10.0,-46.2728,30.9388,-0.33030205949650837,0.3135410731135425,-0.006266437041495043,-0.24390002694568827,-1.0716101692374411,0.28837800509131656
204.328,11.9127,-1.2474,10.0,-46.3684,29.7684,-0.5994370709382341,0.29764070313279545,-0.2662181943076343,-0.24390002694568827,-1.073530025510806,0.18138738242151667
204.378,11.9127,0.0,10.0,-46.464,30.7777,0.7136155606406386,0.29764070313279545,-0.006266437041495043,-0.24390002694568827,-1.0754498817841707,0.27365125414112446
204.428,11.8503,-1.2474,10.0,-46.5566,29.6072,10.17411899313497,0.2817403331520488,-0.2662181943076343,-0.24390002694568827,-1.0773094915217605,0.166651490098916
204.478,12.0998,4.9896,10.0,-46.6615,35.2984,4.0655697940503375,0.34531633171288806,1.033540592023062,-0.24390002694568827,-1.0794161120560277,0.686905276614949
204.528,12.0998,0.0,10.0,-46.7665,31.2611,-4.371405034324916,0.34531633171288806,-0.006266437041495043,-0.24390002694568827,-1.0815247408081545,0.3178406483641091
204.578,11.9751,-2.4948,10.0,-46.8653,28.9202,0.09378947368427565,0.3135410731135425,-0.5261699515737737,-0.24390002694568827,-1.0835088600530125,0.10385026165210104
204.628,11.8503,-2.4948,10.0,-46.9578,28.5979,2.6546498855834297,0.2817403331520488,-0.5261699515737737,-0.24390002694568827,-1.0853664615727432,0.07438761837930824
204.678,11.8503,0.0,10.0,-47.0503,30.6166,-3.050196796338791,0.2817403331520488,-0.006266437041495043,-0.24390002694568827,-1.0872240630924737,0.2589245031909323
204.728,11.9751,2.4948,10.0,-47.1491,32.9575,-1.8554004576658758,0.3135410731135425,0.5136370774907836,-0.24390002694568827,-1.0892081823373319,0.47291488990294095
204.778,11.9751,0.0,10.0,-47.2478,30.9388,1.4802425629291245,0.3135410731135425,-0.006266437041495043,-0.24390002694568827,-1.0911902933643307,0.28837800509131656
204.828,12.0998,2.4948,10.0,-47.3528,33.2798,-2.352892448512546,0.34531633171288806,0.5136370774907836,-0.24390002694568827,-1.0932989221164575,0.5023775331757334
204.878,12.0375,-1.2474,10.0,-47.4547,30.0906,0.4363249427916583,0.3294414430942896,-0.2662181943076343,-0.24390002694568827,-1.09534529611495,0.21084088432190062
204.928,12.0375,0.0,10.0,-47.5566,31.1,-1.8921006864988956,0.3294414430942896,-0.006266437041495043,-0.24390002694568827,-1.097391670113442,0.30311389741391725
204.978,11.8503,-3.7422,10.0,-47.6491,27.5886,1.4476201372997954,0.2817403331520488,-0.7861217088399128,-0.24390002694568827,-1.0992492716331725,-0.01787625334029953
205.028,11.9751,2.4948,10.0,-47.7478,32.9575,2.630183066361643,0.3135410731135425,0.5136370774907836,-0.24390002694568827,-1.1012313826601716,0.47291488990294095
205.078,11.9751,0.0,10.0,-47.8466,30.9388,-3.005340961098351,0.3135410731135425,-0.006266437041495043,-0.24390002694568827,-1.1032155019050298,0.28837800509131656
205.128,12.0998,2.4948,10.0,-47.9516,33.2798,-5.664068649885574,0.34531633171288806,0.5136370774907836,-0.24390002694568827,-1.1053241306571564,0.5023775331757334
205.178,11.8503,-4.9896,10.0,-48.0441,26.5792,-4.143048054919922,0.2817403331520488,-1.0460734661060522,-0.24390002694568827,-1.1071817321768869,-0.11014926643231583
205.228,11.9751,2.4948,10.0,-48.1429,32.9575,2.108224256292813,0.3135410731135425,0.5136370774907836,-0.24390002694568827,-1.109165851421745,0.47291488990294095
205.278,11.8503,-2.4948,10.0,-48.2354,28.5979,-0.04077803203659691,0.2817403331520488,-0.5261699515737737,-0.24390002694568827,-1.1110234529414755,0.07438761837930824
205.328,11.9751,2.4948,10.0,-48.3341,32.9575,-1.8268558352401476,0.3135410731135425,0.5136370774907836,-0.24390002694568827,-1.1130055639684746,0.47291488990294095
205.378,11.9127,-1.2474,10.0,-48.4298,29.7684,-1.9777345537756152,0.29764070313279545,-0.2662181943076343,-0.24390002694568827,-1.1149274284596986,0.18138738242151667
205.428,11.788,-2.4948,10.0,-48.5192,28.4368,-1.162173913043466,0.2658654445334503,-0.5261699515737737,-0.24390002694568827,-1.1167227752257949,0.05966086742911643
205.478,11.788,0.0,10.0,-48.6086,30.4554,-2.05929061784905,0.2658654445334503,-0.006266437041495043,-0.24390002694568827,-1.1185181219918914,0.24418861086833196
205.528,11.6632,-2.4948,10.0,-48.6917,28.1145,-2.956407322654436,0.23406470457195616,-0.5261699515737737,-0.24390002694568827,-1.12018695103286,0.03019822415632362
205.578,11.7256,1.2474,10.0,-48.778,31.3036,1.7738443935926684,0.24996507455270323,0.25368532022464424,-0.24390002694568827,-1.121920043045322,0.3217257316377476
205.628,11.6632,-1.2474,10.0,-48.8612,29.1238,3.062430205949634,0.23406470457195616,-0.2662181943076343,-0.24390002694568827,-1.1235908803041499,0.12246209587593139
205.678,11.7256,1.2474,10.0,-48.9474,31.3036,-1.7289885583524156,0.24996507455270323,0.25368532022464424,-0.24390002694568827,-1.125321964098753,0.3217257316377476
205.728,11.6009,-2.4948,10.0,-49.0275,27.9534,-1.1703295194508645,0.21818981595335768,-0.5261699515737737,-0.24390002694568827,-1.1269305466039468,0.015471473206131485
205.778,11.4138,-3.7422,10.0,-49.0982,26.4606,-3.27855377574359,0.17051418737326549,-0.7861217088399128,-0.24390002694568827,-1.1283503566303785,-0.12099093410886944
205.828,11.4138,0.0,10.0,-49.1689,29.4886,-5.027931350114195,0.17051418737326549,-0.006266437041495043,-0.24390002694568827,-1.1297701666568105,0.15580982242236271
205.878,11.4138,0.0,10.0,-49.2396,29.4886,0.8196384439360127,0.17051418737326549,-0.006266437041495043,-0.24390002694568827,-1.1311899766832425,0.15580982242236271
205.928,11.4761,1.2474,10.0,-49.3134,30.659,1.6188878718534006,0.18638907599186397,0.25368532022464424,-0.24390002694568827,-1.1326720414633085,0.2628004450921623
205.978,11.3514,-2.4948,10.0,-49.3809,27.3088,-2.0022013729976806,0.15461381739251842,-0.5261699515737737,-0.24390002694568827,-1.134027588518247,-0.04345381333945348
206.028,11.289,-1.2474,10.0,-49.4454,28.157,-2.5567826086956003,0.13871344741177133,-0.2662181943076343,-0.24390002694568827,-1.1353228890374105,0.03408330742996215
206.078,11.289,0.0,10.0,-49.5098,29.1663,0.45263615560638293,0.13871344741177133,-0.006266437041495043,-0.24390002694568827,-1.1366161813387148,0.12634717914956992
206.128,11.1019,-3.7422,10.0,-49.5649,25.6549,1.680054919908458,0.09103781883167915,-0.7861217088399128,-0.24390002694568827,-1.1377227093791165,-0.19464297160464653
206.178,11.0395,-1.2474,10.0,-49.6169,27.5124,2.291725400457665,0.07513744885093208,-0.2662181943076343,-0.24390002694568827,-1.138766982665884,-0.02484197911562314
206.228,10.9148,-2.4948,10.0,-49.6626,26.1808,1.162173913043505,0.04336219025158651,-0.5261699515737737,-0.24390002694568827,-1.1396847382275237,-0.1465684941080234
206.278,10.7277,-3.7422,10.0,-49.699,24.6881,-2.6464942791762325,-0.004313438328505676,-0.7861217088399128,-0.24390002694568827,-1.1404157295282609,-0.2830217600506161
206.328,10.8524,2.4948,10.0,-49.7416,30.057,-0.8808054919908948,0.02746182027083944,0.5136370774907836,-0.24390002694568827,-1.1412712303362664,0.20776938319262409
206.378,10.9148,1.2474,10.0,-49.7874,29.2088,3.0950526315788762,0.04336219025158651,0.25368532022464424,-0.24390002694568827,-1.1421909941157655,0.13023226242320846
206.428,10.8524,-1.2474,10.0,-49.83,27.029,2.6220274599542703,0.02746182027083944,-0.2662181943076343,-0.24390002694568827,-1.143046494923771,-0.06903137333860776
206.478,10.6029,-4.9896,10.0,-49.8601,23.3565,1.5740320366132876,-0.03611417828999982,-1.0460734661060522,-0.24390002694568827,-1.143650968499381,-0.40474827504301636
206.528,10.7901,3.7422,10.0,-49.8997,30.9052,-0.9868283752860141,0.011586931652241395,0.7735888347569227,-0.24390002694568827,-1.1444462227716115,0.28530650396204005
206.578,10.6029,-3.7422,10.0,-49.9298,24.3658,-0.9501281464529499,-0.03611417828999982,-0.7861217088399128,-0.24390002694568827,-1.1450506963472211,-0.3124844033234086
206.628,10.6653,1.2474,10.0,-49.9631,28.5642,2.181624713958724,-0.020213808309252748,0.25368532022464424,-0.24390002694568827,-1.145719432894324,0.07130697587762316
206.678,10.4782,-3.7422,10.0,-49.987,24.0435,0.6524485125857016,-0.06788943688934539,-0.7861217088399128,-0.24390002694568827,-1.1461993969626654,-0.34194704659620107
206.728,10.5406,1.2474,10.0,-50.014,28.242,-2.2713363844393353,-0.051989066908598315,0.25368532022464424,-0.24390002694568827,-1.1467416157846406,0.041853473977239215
206.778,10.4158,-2.4948,10.0,-50.0348,24.8917,-5.545812356979387,-0.083789806870092,-0.5261699515737737,-0.24390002694568827,-1.1471593250993475,-0.2644099258267854
206.828,10.4782,1.2474,10.0,-50.0587,28.0808,0.0897116704805001,-0.06788943688934539,0.25368532022464424,-0.24390002694568827,-1.1476392891676888,0.027117581654638543
206.878,10.2911,-3.7422,10.0,-50.0733,23.5601,5.537656750572039,-0.11556506546943758,-0.7861217088399128,-0.24390002694568827,-1.1479324889751275,-0.386136440819186
206.928,10.2287,-1.2474,10.0,-50.0847,25.4176,-3.3804988558349978,-0.13146543545018466,-0.2662181943076343,-0.24390002694568827,-1.1481614258110726,-0.21633544833016227
206.978,10.1664,-1.2474,10.0,-50.093,25.2565,-5.170654462242488,-0.14734032406878314,-0.2662181943076343,-0.24390002694568827,-1.1483281078933836,-0.2310621992803544
207.028,10.104,-1.2474,10.0,-50.0982,25.0953,1.6678215102974625,-0.1632406940495302,-0.2662181943076343,-0.24390002694568827,-1.1484325352220601,-0.24579809160295477
207.078,10.104,0.0,10.0,-50.1034,26.1047,5.517267734553662,-0.1632406940495302,-0.006266437041495043,-0.24390002694568827,-1.1485369625507371,-0.15352507851093847
207.128,10.2287,2.4948,10.0,-50.1148,28.4456,1.7697665903889725,-0.13146543545018466,0.5136370774907836,-0.24390002694568827,-1.1487658993866823,0.06046530820106956
207.178,9.9169,-6.237,10.0,-50.1107,20.5746,0.9297391304347757,-0.2109163226296224,-1.3060252233721914,-0.24390002694568827,-1.1486835624544562,-0.6590521140767793
207.228,9.9792,1.2474,10.0,-50.1097,26.7917,1.8309336384438923,-0.19504143401102392,0.25368532022464424,-0.24390002694568827,-1.1486634802758646,-0.09072385006412349
207.278,9.8545,-2.4948,10.0,-50.1024,23.4414,-0.09786727688777752,-0.22681669261036946,-0.5261699515737737,-0.24390002694568827,-1.1485168803721453,-0.3969872498681478
207.328,9.9792,2.4948,10.0,-50.1013,27.801,5.101331807780218,-0.19504143401102392,0.5136370774907836,-0.24390002694568827,-1.1484947899756945,0.001540021655484267
207.378,9.6674,-6.237,10.0,-50.0847,19.93,2.8911624713958295,-0.2744923211904617,-1.3060252233721914,-0.24390002694568827,-1.1481614258110726,-0.7179774006223646
207.428,9.6674,0.0,10.0,-50.0681,24.9767,-0.48525858123574017,-0.2744923211904617,-0.006266437041495043,-0.24390002694568827,-1.1478280616464507,-0.2566397592795084
207.478,9.9169,4.9896,10.0,-50.0639,29.6585,1.4435423340960585,-0.2109163226296224,1.033540592023062,-0.24390002694568827,-1.1477437164963655,0.171341014144508
207.528,9.8545,-1.2474,10.0,-50.0566,24.4508,-0.5831258581235471,-0.22681669261036946,-0.2662181943076343,-0.24390002694568827,-1.1475971165926464,-0.3047142367761315
207.578,9.9169,1.2474,10.0,-50.0525,26.6306,1.3415972540045622,-0.2109163226296224,0.25368532022464424,-0.24390002694568827,-1.1475147796604204,-0.1054506010143153
207.628,9.6674,-4.9896,10.0,-50.0359,20.9394,4.081881006865044,-0.2744923211904617,-1.0460734661060522,-0.24390002694568827,-1.1471814154957984,-0.6257043875303483
207.678,9.8545,3.7422,10.0,-50.0286,28.4881,0.26913501144163215,-0.22681669261036946,0.7735888347569227,-0.24390002694568827,-1.147034815592079,0.06435039147470809
207.728,9.6674,-3.7422,10.0,-50.012,21.9487,2.140846681922001,-0.2744923211904617,-0.7861217088399128,-0.24390002694568827,-1.1467014514274574,-0.5334405158107405
207.778,9.7921,2.4948,10.0,-50.0016,27.3176,1.7616109839816119,-0.24271706259111656,0.5136370774907836,-0.24390002694568827,-1.1464925967701038,-0.04264937256750035
207.828,9.8545,1.2474,10.0,-49.9943,26.4694,0.22835697940505995,-0.22681669261036946,0.25368532022464424,-0.24390002694568827,-1.1463459968663845,-0.12018649333691599
207.878,9.6674,-3.7422,10.0,-49.9777,21.9487,-0.9949839816934639,-0.2744923211904617,-0.7861217088399128,-0.24390002694568827,-1.1460126327017626,-0.5334405158107405
207.928,9.7921,2.4948,10.0,-49.9673,27.3176,-9.896828375285946,-0.24271706259111656,0.5136370774907836,-0.24390002694568827,-1.1458037780444092,-0.04264937256750035
207.978,9.6674,-2.4948,10.0,-49.9506,22.958,-0.11010068649872223,-0.2744923211904617,-0.5261699515737737,-0.24390002694568827,-1.145468405661928,-0.4411766440911328
208.028,9.7298,1.2474,10.0,-49.9371,26.1471,1.9695789473684922,-0.25859195120971507,0.25368532022464424,-0.24390002694568827,-1.1451972962509402,-0.1496491366097088
208.078,9.7298,0.0,10.0,-49.9236,25.1378,-2.4222151029746746,-0.25859195120971507,-0.006266437041495043,-0.24390002694568827,-1.1449261868399527,-0.24191300832931656
208.128,9.7298,0.0,10.0,-49.9101,25.1378,-0.9705171624714604,-0.25859195120971507,-0.006266437041495043,-0.24390002694568827,-1.144655077428965,-0.24191300832931656
208.178,9.7921,1.2474,10.0,-49.8997,26.3083,2.291725400457528,-0.24271706259111656,0.25368532022464424,-0.24390002694568827,-1.1444462227716115,-0.1349132442871081
208.228,9.7921,0.0,10.0,-49.8893,25.299,1.2926636155605797,-0.24271706259111656,-0.006266437041495043,-0.24390002694568827,-1.144237368114258,-0.2271771160067159
208.278,9.5427,-4.9896,10.0,-49.8664,20.6171,-1.7167551487414068,-0.30626757978980723,-1.0460734661060522,-0.24390002694568827,-1.1437774862245085,-0.6551670308031408
208.328,9.605,1.2474,10.0,-49.8467,25.8249,2.6831945080092106,-0.29039269117120875,0.25368532022464424,-0.24390002694568827,-1.1433818673062524,-0.17910263851009273
208.378,9.4803,-2.4948,10.0,-49.8207,22.4746,0.18350114416468555,-0.3221679497705543,-0.5261699515737737,-0.24390002694568827,-1.1428597306628687,-0.4853660383141174
208.428,9.3555,-2.4948,10.0,-49.7885,22.1524,0.7421601830662863,-0.3539686897320484,-0.5261699515737737,-0.24390002694568827,-1.1422130845122165,-0.5148195402145013
208.478,9.605,4.9896,10.0,-49.7687,28.8528,0.6850709382150671,-0.29039269117120875,1.033540592023062,-0.24390002694568827,-1.1418154573761012,0.09768897664873057
208.528,9.4179,-3.7422,10.0,-49.7396,21.3041,-2.467070938215065,-0.33806831975130136,-0.7861217088399128,-0.24390002694568827,-1.1412310659790832,-0.5923658023563259
208.578,9.605,3.7422,10.0,-49.7199,27.8435,-2.511926773455222,-0.29039269117120875,0.7735888347569227,-0.24390002694568827,-1.140835447060827,0.0054251049291228
208.628,9.6674,1.2474,10.0,-49.7033,25.986,0.3506910755148823,-0.2744923211904617,0.25368532022464424,-0.24390002694568827,-1.1405020828962051,-0.1643758875599006
208.678,9.605,-1.2474,10.0,-49.6835,23.8062,1.7004439359267953,-0.29039269117120875,-0.2662181943076343,-0.24390002694568827,-1.14010445576009,-0.3636395233217168
208.728,9.4803,-2.4948,10.0,-49.6575,22.4746,3.131752860411897,-0.3221679497705543,-0.5261699515737737,-0.24390002694568827,-1.139582319116706,-0.4853660383141174
208.778,9.4803,0.0,10.0,-49.6315,24.4933,-2.764750572082398,-0.3221679497705543,-0.006266437041495043,-0.24390002694568827,-1.1390601824733224,-0.300829153502493
208.828,9.4803,0.0,10.0,-49.6055,24.4933,-4.440727688787134,-0.3221679497705543,-0.006266437041495043,-0.24390002694568827,-1.1385380458299388,-0.300829153502493
208.878,9.4803,0.0,10.0,-49.5796,24.4933,-1.0806178489702623,-0.3221679497705543,-0.006266437041495043,-0.24390002694568827,-1.138017917404414,-0.300829153502493
208.928,9.3555,-2.4948,10.0,-49.5473,22.1524,-4.045180778032118,-0.3539686897320484,-0.5261699515737737,-0.24390002694568827,-1.137369263035903,-0.5148195402145013
208.978,9.2932,-1.2474,10.0,-49.512,23.0005,-0.06932265446220831,-0.36984357835064646,-0.2662181943076343,-0.24390002694568827,-1.1366603621316165,-0.4372915608174942
209.028,9.1684,-2.4948,10.0,-49.4704,21.6689,-2.2468695652172754,-0.40164431831214065,-0.5261699515737737,-0.24390002694568827,-1.1358249435022025,-0.5590180758098945
209.078,9.2308,1.2474,10.0,-49.432,24.858,-0.12233409610983403,-0.3857439483313936,0.25368532022464424,-0.24390002694568827,-1.135053787844282,-0.2674905683284705
209.128,9.2932,1.2474,10.0,-49.3966,25.0192,6.345061784897011,-0.36984357835064646,0.25368532022464424,-0.24390002694568827,-1.1343428787221363,-0.2527546760058698
209.178,9.1684,-2.4948,10.0,-49.355,21.6689,2.8177620137299617,-0.40164431831214065,-0.5261699515737737,-0.24390002694568827,-1.1335074600927224,-0.5590180758098945
209.228,9.2308,1.2474,10.0,-49.3166,24.858,-0.13048970251720748,-0.3857439483313936,0.25368532022464424,-0.24390002694568827,-1.1327363044348018,-0.2674905683284705
209.278,9.0437,-3.7422,10.0,-49.2688,20.3373,-0.6402151029748238,-0.4334195769114862,-0.7861217088399128,-0.24390002694568827,-1.1317763762981194,-0.6807445908022951
209.328,9.1684,2.4948,10.0,-49.2272,25.7062,2.144924485125849,-0.40164431831214065,0.5136370774907836,-0.24390002694568827,-1.1309409576687055,-0.18995344755905488
209.378,9.1061,-1.2474,10.0,-49.1825,22.5171,4.542672768878618,-0.41751920693073913,-0.2662181943076343,-0.24390002694568827,-1.1300432842856574,-0.48148095504047883
209.428,9.1061,0.0,10.0,-49.1378,23.5264,0.08155606407320659,-0.41751920693073913,-0.006266437041495043,-0.24390002694568827,-1.1291456109026092,-0.38921708332087107
209.478,8.9813,-2.4948,10.0,-49.0869,21.1855,-3.2540869565216943,-0.44931994689223326,-0.5261699515737737,-0.24390002694568827,-1.1281234280122925,-0.6032074700328791
209.528,9.0437,1.2474,10.0,-49.039,24.3746,-2.3692036613272673,-0.4334195769114862,0.25368532022464424,-0.24390002694568827,-1.127161491657751,-0.31167996255145514
209.578,9.1061,1.2474,10.0,-48.9943,24.5357,-2.2224027459953977,-0.41751920693073913,0.25368532022464424,-0.24390002694568827,-1.126263818274703,-0.2969532116012633
209.628,9.0437,-1.2474,10.0,-48.9465,22.356,-0.36292448512573294,-0.4334195769114862,-0.2662181943076343,-0.24390002694568827,-1.1253038901380206,-0.49620770599067066
209.678,8.9813,-1.2474,10.0,-48.8956,22.1948,-0.9827505720823482,-0.44931994689223326,-0.2662181943076343,-0.24390002694568827,-1.1242817072477038,-0.5109435983132713
209.728,8.9813,0.0,10.0,-48.8447,23.2041,0.020389016018294015,-0.44931994689223326,-0.006266437041495043,-0.24390002694568827,-1.1232595243573873,-0.4186797265936636
209.778,8.919,-1.2474,10.0,-48.7906,22.0337,-1.9247231121281394,-0.4651948355108313,-0.2662181943076343,-0.24390002694568827,-1.1221730784955772,-0.5256703492634635
209.828,8.9813,1.2474,10.0,-48.7397,24.2135,-1.003139588100681,-0.44931994689223326,0.25368532022464424,-0.24390002694568827,-1.1211508956052607,-0.32640671350164724
209.878,8.8566,-2.4948,10.0,-48.6825,20.8632,2.513409610983861,-0.48109520549157836,-0.5261699515737737,-0.24390002694568827,-1.1200021949898165,-0.6326701133056719
209.928,8.7318,-2.4948,10.0,-48.6191,20.5409,-0.28989473684222,-0.5128959454530725,-0.5261699515737737,-0.24390002694568827,-1.118728984867104,-0.6621327565784644
209.978,8.7318,0.0,10.0,-48.5557,22.5596,-0.0752540045766592,-0.5128959454530725,-0.006266437041495043,-0.24390002694568827,-1.1174557747443914,-0.4775958717668403
210.028,8.7318,0.0,10.0,-48.4923,22.5596,0.20685583524027829,-0.5128959454530725,-0.006266437041495043,-0.24390002694568827,-1.1161825646216788,-0.4775958717668403
210.078,8.6071,-2.4948,10.0,-48.4226,20.2187,0.5564347826086979,-0.5446712040524176,-0.5261699515737737,-0.24390002694568827,-1.1147828367738386,-0.6915862584788487
210.128,8.6695,1.2474,10.0,-48.3561,23.4078,0.9734828375286064,-0.528770834071671,0.25368532022464424,-0.24390002694568827,-1.1134473718974915,-0.4000587509974244
210.178,8.6695,0.0,10.0,-48.2896,22.3985,1.4580000000000042,-0.528770834071671,-0.006266437041495043,-0.24390002694568827,-1.1121119070211447,-0.4923226227170325
210.228,8.6695,0.0,10.0,-48.2231,22.3985,2.0099862700228837,-0.528770834071671,-0.006266437041495043,-0.24390002694568827,-1.110776442144798,-0.4923226227170325
210.278,8.6071,-1.2474,10.0,-48.1534,21.228,2.629441647597255,-0.5446712040524176,-0.2662181943076343,-0.24390002694568827,-1.1093767142969577,-0.5993223867592405
210.328,8.6695,1.2474,10.0,-48.0869,23.4078,3.31636613272312,-0.528770834071671,0.25368532022464424,-0.24390002694568827,-1.1080412494206109,-0.4000587509974244
210.378,8.6071,-1.2474,10.0,-48.0172,21.228,3.6766956521739234,-0.5446712040524176,-0.2662181943076343,-0.24390002694568827,-1.1066415215727707,-0.5993223867592405
