tempo_s,posicao_cm,velocidade_cms,x_ref_cm,e_int,u_K
103.230,14.1580,-3.7422,0.0000,-0.7079,33.5507
103.280,13.9709,-3.7422,0.0000,-1.4064,33.0673
103.330,14.3451,7.4844,0.0000,-2.1237,43.1181
103.380,14.2828,-1.2474,0.0000,-2.8378,35.8917
103.430,14.0957,-3.7422,0.0000,-3.5426,33.3896
103.480,14.4699,7.4844,0.0000,-4.2661,43.4403
103.530,14.6570,3.7422,0.0000,-4.9990,40.8958
103.580,14.3451,-6.2370,0.0000,-5.7162,32.0155
103.630,14.5946,4.9896,0.0000,-6.4460,41.7440
103.680,14.0957,-9.9792,0.0000,-7.1507,28.3430
103.730,14.4075,6.2370,0.0000,-7.8711,42.2699
103.780,14.5323,2.4948,0.0000,-8.5977,39.5642
103.830,14.5946,1.2474,0.0000,-9.3275,38.7160
103.880,14.4075,-3.7422,0.0000,-10.0478,34.1953
103.930,14.2828,-2.4948,0.0000,-10.7620,34.8824
103.980,14.2828,0.0000,0.0000,-11.4761,36.9010
104.030,14.1580,-2.4948,0.0000,-12.1840,34.5600
104.080,14.2828,2.4948,0.0000,-12.8982,38.9196
104.130,14.2204,-1.2474,0.0000,-13.6092,35.7305
104.180,14.2828,1.2474,0.0000,-14.3233,37.9103
104.230,14.4699,3.7422,0.0000,-15.0468,40.4124
104.280,14.1580,-6.2370,0.0000,-15.7547,31.5321
104.330,14.9065,14.9688,0.0000,-16.5000,50.6243
104.380,14.5946,-6.2370,0.0000,-17.2298,32.6600
104.430,14.5946,0.0000,0.0000,-17.9595,37.7067
104.480,14.2828,-6.2370,0.0000,-18.6736,31.8544
104.530,14.4699,3.7422,0.0000,-19.3971,40.4124
104.580,14.4699,0.0000,0.0000,-20.1206,37.3844
104.630,14.3451,-2.4948,0.0000,-20.8379,35.0435
104.680,14.0957,-4.9896,0.0000,-21.5427,32.3802
104.730,14.2828,3.7422,0.0000,-22.2568,39.9290
104.780,14.5946,6.2370,0.0000,-22.9865,42.7533
104.830,14.1580,-8.7318,0.0000,-23.6944,29.5134
104.880,14.5323,7.4844,0.0000,-24.4211,43.6015
104.930,14.1580,-7.4844,0.0000,-25.1290,30.5228
104.980,14.7817,12.4740,0.0000,-25.8680,48.2833
105.030,14.2828,-9.9792,0.0000,-26.5822,28.8264
105.080,14.4075,2.4948,0.0000,-27.3026,39.2419
105.130,14.2204,-3.7422,0.0000,-28.0136,33.7119
105.180,14.5323,6.2370,0.0000,-28.7402,42.5922
105.230,14.5946,1.2474,0.0000,-29.4699,38.7160
105.280,14.5946,0.0000,0.0000,-30.1996,37.7067
105.330,14.5946,0.0000,0.0000,-30.9294,37.7067
105.380,15.0936,9.9792,0.0000,-31.6841,47.0704
105.430,14.8441,-4.9896,0.0000,-32.4263,34.3139
105.480,14.6570,-3.7422,0.0000,-33.1591,34.8398
105.530,14.8441,3.7422,0.0000,-33.9013,41.3792
105.580,15.1560,6.2370,0.0000,-34.6591,44.2035
105.630,14.9688,-3.7422,0.0000,-35.4076,35.6456
105.680,14.7817,-3.7422,0.0000,-36.1466,35.1621
105.730,14.8441,1.2474,0.0000,-36.8888,39.3606
105.780,15.2183,7.4844,0.0000,-37.6498,45.3740
105.830,14.9065,-6.2370,0.0000,-38.3951,33.4658
105.880,15.2183,6.2370,0.0000,-39.1560,44.3647
105.930,15.0312,-3.7422,0.0000,-39.9076,35.8067
105.980,14.9065,-2.4948,0.0000,-40.6529,36.4937
106.030,14.9688,1.2474,0.0000,-41.4013,39.6828
106.080,15.2807,6.2370,0.0000,-42.1654,44.5258
106.130,15.1560,-2.4948,0.0000,-42.9232,37.1383
106.180,15.4054,4.9896,0.0000,-43.6934,43.8388
106.230,15.4678,1.2474,0.0000,-44.4668,40.9720
106.280,14.9688,-9.9792,0.0000,-45.2153,30.5989
106.330,15.5925,12.4740,0.0000,-45.9949,50.3781
106.380,15.4678,-2.4948,0.0000,-46.7683,37.9440
106.430,15.4678,0.0000,0.0000,-47.5417,39.9626
106.480,15.7173,4.9896,0.0000,-48.3275,44.6445
106.530,15.7173,0.0000,0.0000,-49.1134,40.6072
106.580,15.7797,1.2474,0.0000,-49.9024,41.7777
106.630,15.9044,2.4948,0.0000,-50.6976,43.1093
106.680,16.0291,2.4948,0.0000,-51.4991,43.4315
106.730,15.9668,-1.2474,0.0000,-52.2974,40.2424
106.780,16.2162,4.9896,0.0000,-53.1082,45.9336
106.830,15.5925,-12.4740,0.0000,-53.8878,30.1916
106.880,15.7173,2.4948,0.0000,-54.6737,42.6258
106.930,16.2786,11.2266,0.0000,-55.4876,51.1414
106.980,15.8420,-8.7318,0.0000,-56.2797,33.8642
107.030,16.0915,4.9896,0.0000,-57.0843,45.6113
107.080,15.7173,-7.4844,0.0000,-57.8702,34.5512
107.130,16.0291,6.2370,0.0000,-58.6716,46.4595
107.180,16.5281,9.9792,0.0000,-59.4980,50.7766
107.230,15.8420,-13.7214,0.0000,-60.2901,29.8269
107.280,16.0291,3.7422,0.0000,-61.0916,44.4409
107.330,17.5884,31.1850,0.0000,-61.9710,70.6745
107.380,16.7776,-16.2162,0.0000,-62.8099,30.2253
107.430,16.5281,-4.9896,0.0000,-63.6363,38.6647
107.480,17.0894,11.2266,0.0000,-64.4908,53.2361
107.530,16.4034,-13.7214,0.0000,-65.3109,31.2771
107.580,16.4657,1.2474,0.0000,-66.1342,43.5502
107.630,16.5281,1.2474,0.0000,-66.9606,43.7113
107.680,16.6528,2.4948,0.0000,-67.7933,45.0429
107.730,16.5281,-2.4948,0.0000,-68.6197,40.6834
107.780,16.5905,1.2474,0.0000,-69.4492,43.8724
107.830,16.9023,6.2370,0.0000,-70.2943,48.7154
107.880,17.0271,2.4948,0.0000,-71.1457,46.0098
107.930,17.0271,0.0000,0.0000,-71.9970,43.9911
107.980,16.8399,-3.7422,0.0000,-72.8390,40.4797
108.030,17.9002,21.2058,0.0000,-73.7340,63.4056
108.080,17.4013,-9.9792,0.0000,-74.6041,36.8833
108.130,17.4013,0.0000,0.0000,-75.4741,44.9579
108.180,17.6508,4.9896,0.0000,-76.3567,49.6398
108.230,18.1497,9.9792,0.0000,-77.2642,54.9662
108.280,17.4013,-14.9688,0.0000,-78.1342,32.8460
108.330,18.0873,13.7214,0.0000,-79.0386,57.8331
108.380,17.7755,-6.2370,0.0000,-79.9274,40.8782
108.430,17.9002,2.4948,0.0000,-80.8224,48.2657
108.480,18.0250,2.4947,0.0000,-81.7236,48.5879
108.530,18.5863,11.2266,0.0000,-82.6530,57.1035
108.580,18.2745,-6.2370,0.0000,-83.5667,42.1673
108.630,17.9002,-7.4844,0.0000,-84.4617,40.1911
108.680,18.8358,18.7110,0.0000,-85.4035,63.8040
108.730,18.3368,-9.9792,0.0000,-86.3203,39.3004
108.780,18.2121,-2.4948,0.0000,-87.2309,45.0341
108.830,18.3368,2.4948,0.0000,-88.1478,49.3937
108.880,18.6487,6.2370,0.0000,-89.0802,53.2273
108.930,18.1497,-9.9792,0.0000,-89.9877,38.8170
108.980,18.6487,9.9792,0.0000,-90.9201,56.2553
109.030,18.7110,1.2474,0.0000,-91.8557,49.3512
109.080,18.9605,4.9896,0.0000,-92.8037,53.0237
109.130,18.3368,-12.4740,0.0000,-93.7205,37.2818
109.180,18.5863,4.9896,0.0000,-94.6498,52.0569
109.230,18.5239,-1.2474,0.0000,-95.5760,46.8491
109.280,18.4616,-1.2474,0.0000,-96.4991,46.6880
109.330,18.5863,2.4948,0.0000,-97.4284,50.0382
109.380,18.3992,-3.7422,0.0000,-98.3484,44.5082
109.430,18.8358,8.7318,0.0000,-99.2902,55.7294
109.480,19.0229,3.7422,0.0000,-100.2413,52.1756
109.530,19.0853,1.2474,0.0000,-101.1956,50.3180
109.580,18.5863,-9.9792,0.0000,-102.1249,39.9450
109.630,18.8982,6.2370,0.0000,-103.0698,53.8719
109.680,18.8982,0.0000,0.0000,-104.0147,48.8253
109.730,18.2121,-13.7214,0.0000,-104.9253,35.9502
109.780,17.6508,-11.2266,0.0000,-105.8079,36.5186
109.830,18.2745,12.4740,0.0000,-106.7216,57.3071
109.880,17.9002,-7.4844,0.0000,-107.6166,40.1911
109.930,18.7734,17.4636,0.0000,-108.5553,62.6335
109.980,18.7734,0.0000,0.0000,-109.4939,48.5030
110.030,18.7110,-1.2474,0.0000,-110.4295,47.3325
110.080,19.1476,8.7318,0.0000,-111.3869,56.5351
110.130,19.4595,6.2370,0.0000,-112.3599,55.3222
110.180,18.2121,-24.9480,0.0000,-113.2705,26.8663
110.230,18.7110,9.9792,0.0000,-114.2060,56.4164
110.280,18.0250,-13.7214,0.0000,-115.1073,35.4667
110.330,18.2745,4.9896,0.0000,-116.0210,51.2512
110.380,18.5239,4.9896,0.0000,-116.9472,51.8958
110.430,17.9626,-11.2266,0.0000,-117.8453,37.3243
110.480,18.5863,12.4740,0.0000,-118.7746,58.1128
110.530,18.8358,4.9896,0.0000,-119.7164,52.7015
110.580,18.2745,-11.2266,0.0000,-120.6301,38.1300
110.630,17.7755,-9.9792,0.0000,-121.5189,37.8502
110.680,18.4616,13.7214,0.0000,-122.4420,58.7999
110.730,18.7110,4.9896,0.0000,-123.3775,52.3792
110.780,18.3992,-6.2370,0.0000,-124.2975,42.4895
110.830,18.0873,-6.2370,0.0000,-125.2019,41.6839
110.880,17.9002,-3.7422,0.0000,-126.0969,43.2191
110.930,17.9002,0.0000,0.0000,-126.9919,46.2471
110.980,17.9626,1.2474,0.0000,-127.8900,47.4175
111.030,17.6508,-6.2370,0.0000,-128.7726,40.5559
111.080,18.0873,8.7318,0.0000,-129.6769,53.7957
111.130,17.6508,-8.7318,0.0000,-130.5595,38.5372
111.180,17.4636,-3.7422,0.0000,-131.4326,42.0911
111.230,17.2765,-3.7422,0.0000,-132.2965,41.6077
111.280,17.5884,6.2370,0.0000,-133.1759,50.4880
111.330,17.4636,-2.4948,0.0000,-134.0491,43.1005
111.380,16.8399,-12.4740,0.0000,-134.8911,33.4144
111.430,16.6528,-3.7422,0.0000,-135.7237,39.9963
111.480,17.0271,7.4844,0.0000,-136.5751,50.0471
111.530,16.8399,-3.7422,0.0000,-137.4171,40.4797
111.580,17.0894,4.9896,0.0000,-138.2715,48.1895
111.630,17.2765,3.7422,0.0000,-139.1354,47.6637
111.680,16.9647,-6.2370,0.0000,-139.9836,38.7833
111.730,16.9023,-1.2474,0.0000,-140.8287,42.6595
111.780,17.3389,8.7318,0.0000,-141.6956,51.8621
111.830,16.5905,-14.9688,0.0000,-142.5252,30.7512
111.880,16.9023,6.2370,0.0000,-143.3703,48.7154
111.930,16.6528,-4.9896,0.0000,-144.2029,38.9870
111.980,16.3410,-6.2370,0.0000,-145.0200,37.1720
112.030,16.0915,-4.9896,0.0000,-145.8245,37.5367
112.080,15.9044,-3.7422,0.0000,-146.6198,38.0626
112.130,16.7152,16.2162,0.0000,-147.4555,56.3066
112.180,16.4657,-4.9896,0.0000,-148.2788,38.5036
112.230,16.0915,-7.4844,0.0000,-149.0834,35.5181
112.280,16.4034,6.2370,0.0000,-149.9036,47.4263
112.330,16.2786,-2.4948,0.0000,-150.7175,40.0388
112.380,16.4034,2.4948,0.0000,-151.5377,44.3984
112.430,15.7797,-12.4740,0.0000,-152.3266,30.6751
112.480,15.9668,3.7422,0.0000,-153.1250,44.2797
112.530,15.9668,0.0000,0.0000,-153.9233,41.2517
112.580,15.9668,0.0000,0.0000,-154.7217,41.2517
112.630,15.5302,-8.7318,0.0000,-155.4982,33.0585
112.680,15.9668,8.7318,0.0000,-156.2965,48.3170
112.730,15.3431,-12.4740,0.0000,-157.0637,29.5471
112.780,15.3431,0.0000,0.0000,-157.8308,39.6403
112.830,15.2183,-2.4948,0.0000,-158.5917,37.2994
112.880,14.9688,-4.9896,0.0000,-159.3402,34.6362
112.930,15.5302,11.2266,0.0000,-160.1167,49.2077
112.980,15.1560,-7.4844,0.0000,-160.8745,33.1010
113.030,14.8441,-6.2370,0.0000,-161.6167,33.3046
113.080,14.9065,1.2474,0.0000,-162.3620,39.5217
113.130,14.4699,-8.7318,0.0000,-163.0855,30.3191
113.180,14.7817,6.2370,0.0000,-163.8246,43.2367
113.230,14.5946,-3.7422,0.0000,-164.5543,34.6787
113.280,14.7194,2.4948,0.0000,-165.2903,40.0476
113.330,14.6570,-1.2474,0.0000,-166.0231,36.8585
113.380,14.4075,-4.9896,0.0000,-166.7435,33.1859
113.430,14.4075,0.0000,0.0000,-167.4639,37.2233
113.480,14.1580,-4.9896,0.0000,-168.1718,32.5414
113.530,14.2204,1.2474,0.0000,-168.8828,37.7492
113.580,14.4075,3.7422,0.0000,-169.6032,40.2512
113.630,13.9086,-9.9792,0.0000,-170.2986,27.8596
113.680,14.0333,2.4948,0.0000,-171.0003,38.2751
113.730,13.7214,-6.2370,0.0000,-171.6864,30.4041
113.780,13.8462,2.4948,0.0000,-172.3787,37.7916
113.830,13.7838,-1.2474,0.0000,-173.0679,34.6025
113.880,13.6591,-2.4948,0.0000,-173.7508,33.2709
113.930,13.4720,-3.7422,0.0000,-174.4244,31.7782
113.980,13.2225,-4.9896,0.0000,-175.0855,30.1243
114.030,13.4720,4.9896,0.0000,-175.7591,38.8435
114.080,13.4096,-1.2474,0.0000,-176.4296,33.6357
114.130,13.8462,8.7318,0.0000,-177.1219,42.8383
114.180,13.4096,-8.7318,0.0000,-177.7924,27.5798
114.230,13.7838,7.4844,0.0000,-178.4816,41.6678
114.280,13.4096,-7.4844,0.0000,-179.1521,28.5891
114.330,13.4720,1.2474,0.0000,-179.8257,35.8155
114.380,13.0354,-8.7318,0.0000,-180.4774,26.6129
114.430,13.3472,6.2370,0.0000,-181.1448,39.5305
114.480,13.1601,-3.7422,0.0000,-181.8028,30.9725
114.530,13.3472,3.7422,0.0000,-182.4702,37.5119
114.580,13.0977,-4.9896,0.0000,-183.1251,29.8020
114.630,13.5967,9.9792,0.0000,-183.8049,43.2030
114.680,13.1601,-8.7318,0.0000,-184.4629,26.9352
114.730,13.5967,8.7318,0.0000,-185.1427,42.1937
114.780,13.2849,-6.2370,0.0000,-185.8070,29.2761
114.830,13.6591,7.4844,0.0000,-186.4899,41.3455
114.880,13.4096,-4.9896,0.0000,-187.1604,30.6077
114.930,13.3472,-1.2474,0.0000,-187.8278,33.4746
114.980,13.2849,-1.2474,0.0000,-188.4920,33.3134
115.030,13.6591,7.4844,0.0000,-189.1750,41.3455
115.080,13.5967,-1.2474,0.0000,-189.8548,34.1191
115.130,13.6591,1.2474,0.0000,-190.5378,36.2989
115.180,13.7214,1.2474,0.0000,-191.2238,36.4601
115.230,13.1601,-11.2266,0.0000,-191.8818,24.9165
115.280,13.6591,9.9792,0.0000,-192.5648,43.3642
115.330,13.8462,3.7422,0.0000,-193.2571,38.8010
115.380,13.5343,-6.2370,0.0000,-193.9338,29.9207
115.430,13.6591,2.4948,0.0000,-194.6168,37.3082
115.480,13.5343,-2.4948,0.0000,-195.2935,32.9487
115.530,13.6591,2.4948,0.0000,-195.9764,37.3082
115.580,13.4720,-3.7422,0.0000,-196.6500,31.7782
115.630,13.5967,2.4948,0.0000,-197.3299,37.1471
115.680,13.9709,7.4844,0.0000,-198.0284,42.1512
115.730,13.9709,0.0000,0.0000,-198.7270,36.0953
115.780,13.8462,-2.4948,0.0000,-199.4193,33.7544
115.830,13.8462,0.0000,0.0000,-200.1116,35.7730
115.880,13.8462,0.0000,0.0000,-200.8039,35.7730
115.930,13.7214,-2.4948,0.0000,-201.4900,33.4321
115.980,13.3472,-7.4844,0.0000,-202.1573,28.4279
116.030,13.6591,6.2370,0.0000,-202.8403,40.3362
116.080,13.7214,1.2474,0.0000,-203.5264,36.4601
116.130,13.4720,-4.9896,0.0000,-204.2000,30.7688
116.180,13.7214,4.9896,0.0000,-204.8860,39.4880
116.230,13.5343,-3.7422,0.0000,-205.5627,31.9393
116.280,13.6591,2.4948,0.0000,-206.2457,37.3082
116.330,13.7214,1.2474,0.0000,-206.9318,36.4601
116.380,13.5967,-2.4948,0.0000,-207.6116,33.1098
116.430,13.5343,-1.2474,0.0000,-208.2883,33.9580
116.480,13.2849,-4.9896,0.0000,-208.9526,30.2855
116.530,13.3472,1.2474,0.0000,-209.6199,35.4932
116.580,13.2849,-1.2474,0.0000,-210.2842,33.3134
116.630,13.4720,3.7422,0.0000,-210.9578,37.8341
116.680,13.8462,7.4844,0.0000,-211.6501,41.8290
116.730,13.4720,-7.4844,0.0000,-212.3237,28.7502
116.780,13.8462,7.4844,0.0000,-213.0160,41.8290
116.830,13.9086,1.2474,0.0000,-213.7114,36.9435
116.880,13.6591,-4.9896,0.0000,-214.3944,31.2523
116.930,13.7214,1.2474,0.0000,-215.0804,36.4601
116.980,13.3472,-7.4844,0.0000,-215.7478,28.4279
117.030,13.5967,4.9896,0.0000,-216.4276,39.1658
117.080,13.4720,-2.4948,0.0000,-217.1012,32.7875
117.130,13.9709,9.9792,0.0000,-217.7998,44.1699
117.180,13.7838,-3.7422,0.0000,-218.4890,32.5839
117.230,13.4720,-6.2370,0.0000,-219.1626,29.7595
117.280,13.7214,4.9896,0.0000,-219.8486,39.4880
117.330,13.9086,3.7422,0.0000,-220.5441,38.9621
117.380,13.4720,-8.7318,0.0000,-221.2177,27.7409
117.430,13.7214,4.9896,0.0000,-221.9037,39.4880
117.480,13.7838,1.2474,0.0000,-222.5929,36.6212
117.530,13.8462,1.2474,0.0000,-223.2852,36.7823
117.580,13.7214,-2.4948,0.0000,-223.9713,33.4321
117.630,13.6591,-1.2474,0.0000,-224.6543,34.2803
117.680,14.3451,13.7214,0.0000,-225.3715,48.1647
117.730,13.9086,-8.7318,0.0000,-226.0669,28.8689
117.780,13.7838,-2.4948,0.0000,-226.7561,33.5932
117.830,13.7214,-1.2474,0.0000,-227.4422,34.4414
117.880,13.9709,4.9896,0.0000,-228.1408,40.1326
117.930,13.5967,-7.4844,0.0000,-228.8206,29.0725
117.980,13.8462,4.9896,0.0000,-229.5129,39.8103
118.030,14.0957,4.9896,0.0000,-230.2177,40.4548
118.080,13.9086,-3.7422,0.0000,-230.9131,32.9062
118.130,13.7838,-2.4948,0.0000,-231.6023,33.5932
118.180,13.7214,-1.2474,0.0000,-232.2884,34.4414
118.230,13.7838,1.2474,0.0000,-232.9776,36.6212
118.280,14.0333,4.9896,0.0000,-233.6792,40.2937
118.330,13.4720,-11.2266,0.0000,-234.3528,25.7222
118.380,13.5967,2.4948,0.0000,-235.0327,37.1471
118.430,13.7838,3.7422,0.0000,-235.7219,38.6398
118.480,13.9086,2.4948,0.0000,-236.4173,37.9528
118.530,13.9086,0.0000,0.0000,-237.1127,35.9341
118.580,13.6591,-4.9896,0.0000,-237.7957,31.2523
118.630,14.0333,7.4844,0.0000,-238.4973,42.3124
118.680,13.5343,-9.9792,0.0000,-239.1740,26.8927
118.730,13.9709,8.7318,0.0000,-239.8726,43.1606
118.780,13.7214,-4.9896,0.0000,-240.5587,31.4134
118.830,13.8462,2.4948,0.0000,-241.2510,37.7916
118.880,13.7838,-1.2474,0.0000,-241.9402,34.6025
118.930,13.7214,-1.2474,0.0000,-242.6262,34.4414
118.980,13.8462,2.4948,0.0000,-243.3185,37.7916
119.030,13.7838,-1.2474,0.0000,-244.0077,34.6025
119.080,13.6591,-2.4948,0.0000,-244.6907,33.2709
119.130,14.1580,9.9792,0.0000,-245.3986,44.6533
119.180,13.5967,-11.2266,0.0000,-246.0784,26.0445
119.230,13.8462,4.9896,0.0000,-246.7707,39.8103
119.280,13.5967,-4.9896,0.0000,-247.4506,31.0911
119.330,13.4720,-2.4948,0.0000,-248.1242,32.7875
119.380,13.6591,3.7422,0.0000,-248.8071,38.3176
119.430,14.1580,9.9792,0.0000,-249.5150,44.6533
119.480,13.6591,-9.9792,0.0000,-250.1980,27.2150
119.530,13.5967,-1.2474,0.0000,-250.8778,34.1191
119.580,13.7838,3.7422,0.0000,-251.5670,38.6398
119.630,13.9086,2.4948,0.0000,-252.2624,37.9528
119.680,13.7838,-2.4948,0.0000,-252.9516,33.5932
119.730,13.7838,0.0000,0.0000,-253.6408,35.6119
119.780,13.7214,-1.2474,0.0000,-254.3269,34.4414
119.830,13.7838,1.2474,0.0000,-255.0161,36.6212
119.880,13.7214,-1.2474,0.0000,-255.7021,34.4414
119.930,13.7838,1.2474,0.0000,-256.3913,36.6212
119.980,13.8462,1.2474,0.0000,-257.0836,36.7823
120.030,13.9709,2.4948,0.0000,-257.7822,38.1139
120.080,13.9086,-1.2474,0.0000,-258.4776,34.9248
120.130,13.9709,1.2474,0.0000,-259.1762,37.1046
120.180,14.0333,1.2474,0.0000,-259.8778,37.2658
120.230,13.7214,-6.2370,0.0000,-260.5639,30.4041
120.280,13.7214,0.0000,0.0000,-261.2500,35.4507
120.330,14.0957,7.4844,0.0000,-261.9548,42.4735
120.380,13.8462,-4.9896,0.0000,-262.6471,31.7357
120.430,13.7214,-2.4948,0.0000,-263.3331,33.4321
120.480,13.7214,0.0000,0.0000,-264.0192,35.4507
120.530,13.6591,-1.2474,0.0000,-264.7022,34.2803
120.580,13.6591,0.0000,0.0000,-265.3851,35.2896
120.630,13.5967,-1.2474,0.0000,-266.0649,34.1191
120.680,13.4096,-3.7422,0.0000,-266.7354,31.6171
120.730,13.5343,2.4948,0.0000,-267.4121,36.9860
120.780,13.7838,4.9896,0.0000,-268.1013,39.6492
120.830,13.5343,-4.9896,0.0000,-268.7780,30.9300
120.880,13.5967,1.2474,0.0000,-269.4579,36.1378
120.930,13.6591,1.2474,0.0000,-270.1408,36.2989
120.980,13.5967,-1.2474,0.0000,-270.8207,34.1191
121.030,13.7838,3.7422,0.0000,-271.5099,38.6398
121.080,13.9709,3.7422,0.0000,-272.2084,39.1233
121.130,13.7838,-3.7422,0.0000,-272.8976,32.5839
121.180,13.9709,3.7422,0.0000,-273.5961,39.1233
121.230,13.9709,0.0000,0.0000,-274.2947,36.0953
121.280,13.7214,-4.9896,0.0000,-274.9808,31.4134
121.330,13.7838,1.2474,0.0000,-275.6699,36.6212
121.380,14.0333,4.9896,0.0000,-276.3716,40.2937
121.430,13.4720,-11.2266,0.0000,-277.0452,25.7222
121.480,13.5343,1.2474,0.0000,-277.7219,35.9766
121.530,13.7838,4.9896,0.0000,-278.4111,39.6492
121.580,13.7214,-1.2474,0.0000,-279.0972,34.4414
121.630,13.9086,3.7422,0.0000,-279.7926,38.9621
121.680,13.7838,-2.4948,0.0000,-280.4818,33.5932
121.730,13.8462,1.2474,0.0000,-281.1741,36.7823
121.780,13.9086,1.2474,0.0000,-281.8695,36.9435
121.830,13.9086,0.0000,0.0000,-282.5650,35.9341
121.880,13.5967,-6.2370,0.0000,-283.2448,30.0818
121.930,13.7214,2.4948,0.0000,-283.9309,37.4694
121.980,13.7838,1.2474,0.0000,-284.6201,36.6212
122.030,13.9086,2.4948,0.0000,-285.3155,37.9528
122.080,13.7214,-3.7422,0.0000,-286.0016,32.4228
122.130,13.9086,3.7422,0.0000,-286.6970,38.9621
122.180,14.0333,2.4948,0.0000,-287.3987,38.2751
122.230,13.9086,-2.4948,0.0000,-288.0941,33.9155
122.280,14.0333,2.4948,0.0000,-288.7958,38.2751
122.330,13.8462,-3.7422,0.0000,-289.4881,32.7450
122.380,13.8462,0.0000,0.0000,-290.1804,35.7730
122.430,14.0957,4.9896,0.0000,-290.8852,40.4548
122.480,14.0957,0.0000,0.0000,-291.5900,36.4176
122.530,14.2204,2.4948,0.0000,-292.3010,38.7585
122.580,13.9709,-4.9896,0.0000,-292.9995,32.0580
122.630,14.0333,1.2474,0.0000,-293.7012,37.2658
122.680,13.7838,-4.9896,0.0000,-294.3904,31.5746
122.730,13.9709,3.7422,0.0000,-295.0889,39.1233
122.780,14.0957,2.4948,0.0000,-295.7937,38.4362
122.830,13.9709,-2.4948,0.0000,-296.4922,34.0766
122.880,13.9086,-1.2474,0.0000,-297.1877,34.9248
122.930,13.8462,-1.2474,0.0000,-297.8800,34.7637
122.980,14.2204,7.4844,0.0000,-298.5910,42.7958
123.030,14.0333,-3.7422,0.0000,-299.2927,33.2285
123.080,14.4699,8.7318,0.0000,-300.0162,44.4497
123.130,14.2828,-3.7422,0.0000,-300.7303,33.8730
123.180,14.4699,3.7422,0.0000,-301.4538,40.4124
123.230,14.6570,3.7422,0.0000,-302.1867,40.8958
123.280,14.8441,3.7422,0.0000,-302.9289,41.3792
123.330,14.4075,-8.7318,0.0000,-303.6492,30.1580
123.380,14.7194,6.2370,0.0000,-304.3852,43.0756
123.430,14.1580,-11.2266,0.0000,-305.0931,27.4948
123.480,14.4699,6.2370,0.0000,-305.8166,42.4310
123.530,14.4699,0.0000,0.0000,-306.5401,37.3844
123.580,15.0312,11.2266,0.0000,-307.2917,47.9186
123.630,14.9065,-2.4948,0.0000,-308.0370,36.4937
123.680,14.8441,-1.2474,0.0000,-308.7792,37.3419
123.730,14.6570,-3.7422,0.0000,-309.5120,34.8398
123.780,14.9688,6.2370,0.0000,-310.2605,43.7201
123.830,15.0312,1.2474,0.0000,-311.0120,39.8439
123.880,14.9065,-2.4948,0.0000,-311.7574,36.4937
123.930,14.6570,-4.9896,0.0000,-312.4902,33.8305
123.980,15.2807,12.4740,0.0000,-313.2542,49.5725
124.030,15.0936,-3.7422,0.0000,-314.0089,35.9678
124.080,15.5302,8.7318,0.0000,-314.7854,47.1891
124.130,15.0936,-8.7318,0.0000,-315.5401,31.9305
124.180,15.0936,0.0000,0.0000,-316.2948,38.9958
124.230,14.9065,-3.7422,0.0000,-317.0401,35.4844
124.280,15.1560,4.9896,0.0000,-317.7979,43.1942
124.330,15.0936,-1.2474,0.0000,-318.5526,37.9865
124.380,15.5302,8.7318,0.0000,-319.3291,47.1891
124.430,15.2183,-6.2370,0.0000,-320.0900,34.2714
124.480,15.7173,9.9792,0.0000,-320.8759,48.6818
124.530,15.4054,-6.2370,0.0000,-321.6462,34.7549
124.580,15.2807,-2.4948,0.0000,-322.4102,37.4606
124.630,15.4678,3.7422,0.0000,-323.1836,42.9906
124.680,15.6549,3.7422,0.0000,-323.9663,43.4740
124.730,15.7797,2.4948,0.0000,-324.7553,42.7870
124.780,16.0915,6.2370,0.0000,-325.5599,46.6207
124.830,15.7173,-7.4844,0.0000,-326.3458,34.5512
124.880,15.0936,-12.4740,0.0000,-327.1004,28.9025
124.930,15.9668,17.4636,0.0000,-327.8988,55.3823
124.980,15.4678,-9.9792,0.0000,-328.6722,31.8880
125.030,15.5302,1.2474,0.0000,-329.4487,41.1331
125.080,15.9044,7.4844,0.0000,-330.2439,47.1465
125.130,16.0915,3.7422,0.0000,-331.0485,44.6020
125.180,15.8420,-4.9896,0.0000,-331.8406,36.8922
125.230,16.2162,7.4844,0.0000,-332.6514,47.9523
125.280,16.3410,2.4948,0.0000,-333.4684,44.2372
125.330,16.2786,-1.2474,0.0000,-334.2824,41.0481
125.380,15.9668,-6.2370,0.0000,-335.0807,36.2051
125.430,15.9668,0.0000,0.0000,-335.8790,41.2517
125.480,15.5925,-7.4844,0.0000,-336.6587,34.2290
125.530,16.2786,13.7214,0.0000,-337.4726,53.1600
125.580,15.9668,-6.2370,0.0000,-338.2709,36.2051
125.630,16.4034,8.7318,0.0000,-339.0911,49.4450
125.680,15.9668,-8.7318,0.0000,-339.8894,34.1865
125.730,16.0291,1.2474,0.0000,-340.6909,42.4222
125.780,16.0291,0.0000,0.0000,-341.4924,41.4129
125.830,16.1539,2.4948,0.0000,-342.3000,43.7538
125.880,16.7152,11.2266,0.0000,-343.1358,52.2693
125.930,16.1539,-11.2266,0.0000,-343.9435,32.6513
125.980,16.1539,0.0000,0.0000,-344.7512,41.7352
126.030,16.3410,3.7422,0.0000,-345.5682,45.2465
126.080,16.0291,-6.2370,0.0000,-346.3697,36.3663
126.130,15.8420,-3.7422,0.0000,-347.1618,37.9015
126.180,15.4678,-7.4844,0.0000,-347.9352,33.9067
126.230,15.7797,6.2370,0.0000,-348.7242,45.8149
126.280,16.0915,6.2370,0.0000,-349.5288,46.6207
126.330,15.3431,-14.9688,0.0000,-350.2959,27.5284
126.380,15.9668,12.4740,0.0000,-351.0942,51.3450
126.430,16.2786,6.2370,0.0000,-351.9082,47.1041
126.480,15.7173,-11.2266,0.0000,-352.6940,31.5233
126.530,16.4034,13.7214,0.0000,-353.5142,53.4823
126.580,15.7797,-12.4740,0.0000,-354.3032,30.6751
126.630,16.2786,9.9792,0.0000,-355.1171,50.1320
126.680,16.2786,0.0000,0.0000,-355.9311,42.0574
126.730,15.9668,-6.2370,0.0000,-356.7294,36.2051
126.780,16.1539,3.7422,0.0000,-357.5371,44.7631
126.830,15.8420,-6.2370,0.0000,-358.3292,35.8828
126.880,16.0915,4.9896,0.0000,-359.1338,45.6113
126.930,16.2786,3.7422,0.0000,-359.9477,45.0854
126.980,16.5281,4.9896,0.0000,-360.7741,46.7393
127.030,16.4034,-2.4948,0.0000,-361.5943,40.3611
127.080,15.7797,-12.4740,0.0000,-362.3833,30.6751
127.130,16.3410,11.2266,0.0000,-363.2003,51.3025
127.180,16.0291,-6.2370,0.0000,-364.0018,36.3663
127.230,16.2786,4.9896,0.0000,-364.8157,46.0947
127.280,16.4657,3.7422,0.0000,-365.6390,45.5688
127.330,15.8420,-12.4740,0.0000,-366.4311,30.8362
127.380,16.9023,21.2058,0.0000,-367.2762,60.8273
127.430,16.1539,-14.9688,0.0000,-368.0839,29.6233
127.480,15.7173,-8.7318,0.0000,-368.8698,33.5419
127.530,15.7797,1.2474,0.0000,-369.6587,41.7777
127.580,16.0291,4.9896,0.0000,-370.4602,45.4502
127.630,15.7797,-4.9896,0.0000,-371.2492,36.7310
127.680,15.7797,0.0000,0.0000,-372.0382,40.7683
127.730,15.7797,0.0000,0.0000,-372.8271,40.7683
127.780,15.9668,3.7422,0.0000,-373.6255,44.2797
127.830,16.3410,7.4844,0.0000,-374.4425,48.2745
127.880,16.0291,-6.2370,0.0000,-375.2440,36.3663
127.930,15.9668,-1.2474,0.0000,-376.0423,40.2424
127.980,16.0291,1.2474,0.0000,-376.8438,42.4222
128.030,16.0291,0.0000,0.0000,-377.6452,41.4129
128.080,15.9044,-2.4948,0.0000,-378.4405,39.0720
128.130,15.4678,-8.7318,0.0000,-379.2139,32.8974
128.180,16.2162,14.9688,0.0000,-380.0247,54.0082
128.230,16.0915,-2.4948,0.0000,-380.8292,39.5554
128.280,15.7173,-7.4844,0.0000,-381.6151,34.5512
128.330,15.9044,3.7422,0.0000,-382.4103,44.1186
128.380,15.7173,-3.7422,0.0000,-383.1962,37.5792
128.430,16.0291,6.2370,0.0000,-383.9976,46.4595
128.480,15.5925,-8.7318,0.0000,-384.7773,33.2196
128.530,16.2162,12.4740,0.0000,-385.5881,51.9896
128.580,16.1539,-1.2474,0.0000,-386.3958,40.7258
128.630,15.5302,-12.4740,0.0000,-387.1723,30.0305
128.680,15.9044,7.4844,0.0000,-387.9675,47.1465
128.730,15.9668,1.2474,0.0000,-388.7658,42.2611
128.780,16.3410,7.4844,0.0000,-389.5829,48.2745
128.830,16.0291,-6.2370,0.0000,-390.3843,36.3663
128.880,15.7173,-6.2370,0.0000,-391.1702,35.5605
128.930,16.1539,8.7318,0.0000,-391.9779,48.8004
128.980,15.9668,-3.7422,0.0000,-392.7762,38.2238
129.030,16.0291,1.2474,0.0000,-393.5777,42.4222
129.080,15.7797,-4.9896,0.0000,-394.3667,36.7310
129.130,16.4657,13.7214,0.0000,-395.1900,53.6434
129.180,15.7797,-13.7214,0.0000,-395.9790,29.6657
129.230,16.0291,4.9896,0.0000,-396.7804,45.4502
129.280,16.1539,2.4948,0.0000,-397.5881,43.7538
129.330,15.7173,-8.7318,0.0000,-398.3740,33.5419
129.380,16.2162,9.9792,0.0000,-399.1848,49.9709
129.430,16.0915,-2.4948,0.0000,-399.9894,39.5554
129.480,16.2786,3.7422,0.0000,-400.8033,45.0854
129.530,16.1539,-2.4948,0.0000,-401.6110,39.7165
129.580,15.7797,-7.4844,0.0000,-402.4000,34.7124
129.630,16.0291,4.9896,0.0000,-403.2014,45.4502
129.680,15.9668,-1.2474,0.0000,-403.9998,40.2424
129.730,16.2786,6.2370,0.0000,-404.8137,47.1041
129.780,16.1539,-2.4948,0.0000,-405.6214,39.7165
129.830,15.9044,-4.9896,0.0000,-406.4166,37.0533
129.880,15.6549,-4.9896,0.0000,-407.1994,36.4087
129.930,15.8420,3.7422,0.0000,-407.9915,43.9575
129.980,16.2162,7.4844,0.0000,-408.8023,47.9523
130.030,15.5925,-12.4740,0.0000,-409.5819,30.1916
130.080,15.6549,1.2474,0.0000,-410.3646,41.4554
130.130,16.0291,7.4844,0.0000,-411.1661,47.4688
130.180,16.4034,7.4844,10.0000,-0.3202,48.4357
130.230,16.0915,-6.2370,10.0000,-0.6247,36.5274
130.280,16.0291,-1.2474,10.0000,-0.9262,40.4035
130.330,15.9044,-2.4948,10.0000,-1.2214,39.0720
130.380,16.0915,3.7422,10.0000,-1.5260,44.6020
130.430,16.1539,1.2474,10.0000,-1.8337,42.7445
130.480,15.2183,-18.7110,10.0000,-2.0946,24.1782
130.530,15.4678,4.9896,10.0000,-2.3680,43.9999
130.580,15.8420,7.4844,10.0000,-2.6601,46.9854
130.630,15.9044,1.2474,10.0000,-2.9553,42.0999
130.680,15.5925,-6.2370,10.0000,-3.2349,35.2383
130.730,15.6549,1.2474,10.0000,-3.5177,41.4554
130.780,16.0291,7.4844,10.0000,-3.8191,47.4688
130.830,15.7173,-6.2370,10.0000,-4.1050,35.5605
130.880,15.1560,-11.2266,10.0000,-4.3628,30.0730
130.930,15.5302,7.4844,10.0000,-4.6393,46.1797
130.980,15.7797,4.9896,10.0000,-4.9283,44.8056
131.030,15.7173,-1.2474,10.0000,-5.2142,39.5979
131.080,15.5302,-3.7422,10.0000,-5.4907,37.0958
131.130,15.8420,6.2370,10.0000,-5.7828,45.9761
131.180,15.5302,-6.2370,10.0000,-6.0593,35.0771
131.230,15.7797,4.9896,10.0000,-6.3483,44.8056
131.280,15.9044,2.4948,10.0000,-6.6435,43.1093
131.330,15.6549,-4.9896,10.0000,-6.9262,36.4087
131.380,15.5302,-2.4948,10.0000,-7.2027,38.1051
131.430,15.5925,1.2474,10.0000,-7.4824,41.2942
131.480,15.7173,2.4948,10.0000,-7.7682,42.6258
131.530,15.2807,-8.7318,10.0000,-8.0323,32.4139
131.580,15.9668,13.7214,10.0000,-8.3306,52.3543
131.630,15.9668,0.0000,10.0000,-8.6290,41.2517
131.680,15.6549,-6.2370,10.0000,-8.9117,35.3994
131.730,16.2162,11.2266,10.0000,-9.2225,50.9802
131.780,15.5925,-12.4740,10.0000,-9.5021,30.1916
131.830,15.3431,-4.9896,10.0000,-9.7693,35.6030
131.880,15.4678,2.4948,10.0000,-10.0427,41.9813
131.930,15.4054,-1.2474,10.0000,-10.3129,38.7922
131.980,15.9044,9.9792,10.0000,-10.6082,49.1652
132.030,15.7797,-2.4948,10.0000,-10.8972,38.7497
132.080,15.5925,-3.7422,10.0000,-11.1768,37.2569
132.130,15.7797,3.7422,10.0000,-11.4658,43.7963
132.180,15.4678,-6.2370,10.0000,-11.7392,34.9160
132.230,15.7173,4.9896,10.0000,-12.0250,44.6445
132.280,15.7797,1.2474,10.0000,-12.3140,41.7777
132.330,15.4678,-6.2370,10.0000,-12.5874,34.9160
132.380,15.8420,7.4844,10.0000,-12.8795,46.9854
132.430,15.5925,-4.9896,10.0000,-13.1591,36.2476
132.480,15.6549,1.2474,10.0000,-13.4419,41.4554
132.530,15.5925,-1.2474,10.0000,-13.7215,39.2756
132.580,15.7797,3.7422,10.0000,-14.0105,43.7963
132.630,15.0936,-13.7214,10.0000,-14.2652,27.8932
132.680,15.8420,14.9688,10.0000,-14.5573,53.0414
132.730,15.6549,-3.7422,10.0000,-14.8400,37.4181
132.780,15.4678,-3.7422,10.0000,-15.1134,36.9347
132.830,15.5925,2.4948,10.0000,-15.3930,42.3035
132.880,15.0936,-9.9792,10.0000,-15.6477,30.9212
132.930,15.5302,8.7318,10.0000,-15.9242,47.1891
132.980,15.1560,-7.4844,10.0000,-16.1820,33.1010
133.030,15.5302,7.4844,10.0000,-16.4585,46.1797
133.080,15.2807,-4.9896,10.0000,-16.7225,35.4419
133.130,15.4678,3.7422,10.0000,-16.9959,42.9906
133.180,15.4678,0.0000,10.0000,-17.2693,39.9626
133.230,15.2807,-3.7422,10.0000,-17.5334,36.4512
133.280,15.2807,0.0000,10.0000,-17.7974,39.4792
133.330,15.2183,-1.2474,10.0000,-18.0583,38.3087
133.380,15.0312,-3.7422,10.0000,-18.3099,35.8067
133.430,14.7817,-4.9896,10.0000,-18.5490,34.1528
133.480,14.9065,2.4948,10.0000,-18.7943,40.5310
133.530,14.9688,1.2474,10.0000,-19.0427,39.6828
133.580,14.7817,-3.7422,10.0000,-19.2818,35.1621
133.630,15.0312,4.9896,10.0000,-19.5334,42.8719
133.680,14.8441,-3.7422,10.0000,-19.7756,35.3233
133.730,14.4699,-7.4844,10.0000,-19.9991,31.3284
133.780,14.7194,4.9896,10.0000,-20.2350,42.0663
133.830,14.1580,-11.2266,10.0000,-20.4429,27.4948
133.880,14.2828,2.4948,10.0000,-20.6571,38.9196
133.930,14.2828,0.0000,10.0000,-20.8712,36.9010
133.980,14.2828,0.0000,10.0000,-21.0854,36.9010
134.030,14.2204,-1.2474,10.0000,-21.2964,35.7305
134.080,13.8462,-7.4844,10.0000,-21.4887,29.7171
134.130,13.9709,2.4948,10.0000,-21.6872,38.1139
134.180,13.8462,-2.4948,10.0000,-21.8795,33.7544
134.230,13.6591,-3.7422,10.0000,-22.0625,32.2616
134.280,13.3472,-6.2370,10.0000,-22.2299,29.4373
134.330,13.2225,-2.4948,10.0000,-22.3910,32.1430
134.380,13.0354,-3.7422,10.0000,-22.5427,30.6502
134.430,12.7859,-4.9896,10.0000,-22.6820,28.9964
134.480,12.6612,-2.4948,10.0000,-22.8151,30.6927
134.530,12.4117,-4.9896,10.0000,-22.9357,28.0295
134.580,12.4117,0.0000,10.0000,-23.0563,32.0668
134.630,11.9751,-8.7318,10.0000,-23.1550,23.8736
134.680,12.0375,1.2474,10.0000,-23.2569,32.1093
134.730,11.7880,-4.9896,10.0000,-23.3463,26.4181
134.780,11.4761,-6.2370,10.0000,-23.4201,24.6031
134.830,11.6632,3.7422,10.0000,-23.5033,33.1611
134.880,11.4761,-3.7422,10.0000,-23.5771,26.6218
134.930,11.4761,0.0000,10.0000,-23.6509,29.6497
134.980,11.2890,-3.7422,10.0000,-23.7153,26.1383
135.030,11.2890,0.0000,10.0000,-23.7798,29.1663
135.080,11.1019,-3.7422,10.0000,-23.8349,25.6549
135.130,11.1643,1.2474,10.0000,-23.8931,29.8533
135.180,10.9148,-4.9896,10.0000,-23.9388,24.1622
135.230,11.1643,4.9896,10.0000,-23.9970,32.8813
135.280,11.1019,-1.2474,10.0000,-24.0521,27.6736
135.330,10.9772,-2.4948,10.0000,-24.1010,26.3420
135.380,11.1643,3.7422,10.0000,-24.1592,31.8720
135.430,10.8524,-6.2370,10.0000,-24.2018,22.9917
135.480,10.8524,0.0000,10.0000,-24.2445,28.0383
135.530,10.7901,-1.2474,10.0000,-24.2840,26.8679
135.580,10.9772,3.7422,10.0000,-24.3328,31.3886
135.630,11.0395,1.2474,10.0000,-24.3848,29.5311
135.680,10.8524,-3.7422,10.0000,-24.4274,25.0104
135.730,11.0395,3.7422,10.0000,-24.4794,31.5497
135.780,11.0395,0.0000,10.0000,-24.5314,28.5217
135.830,10.9772,-1.2474,10.0000,-24.5802,27.3513
135.880,11.1019,2.4948,10.0000,-24.6353,30.7015
135.930,11.1643,1.2474,10.0000,-24.6935,29.8533
135.980,11.1643,0.0000,10.0000,-24.7518,28.8440
136.030,11.2266,1.2474,10.0000,-24.8131,30.0145
136.080,11.5385,6.2370,10.0000,-24.8900,34.8575
136.130,11.5385,0.0000,10.0000,-24.9669,29.8109
136.180,11.2266,-6.2370,10.0000,-25.0283,23.9585
136.230,11.6009,7.4844,10.0000,-25.1083,36.0279
136.280,11.4761,-2.4948,10.0000,-25.1821,27.6311
136.330,11.2890,-3.7422,10.0000,-25.2466,26.1383
136.380,11.2266,-1.2474,10.0000,-25.3079,27.9958
136.430,11.5385,6.2370,10.0000,-25.3848,34.8575
136.480,11.6632,2.4948,10.0000,-25.4680,32.1518
136.530,11.7256,1.2474,10.0000,-25.5543,31.3036
136.580,11.7256,0.0000,10.0000,-25.6405,30.2943
136.630,11.7880,1.2474,10.0000,-25.7299,31.4647
136.680,11.6009,-3.7422,10.0000,-25.8100,26.9440
136.730,11.9751,7.4844,10.0000,-25.9087,36.9948
136.780,11.7256,-4.9896,10.0000,-25.9950,26.2570
136.830,11.9127,3.7422,10.0000,-26.0907,33.8057
136.880,11.9127,0.0000,10.0000,-26.1863,30.7777
136.930,11.7880,-2.4948,10.0000,-26.2757,28.4368
136.980,11.9127,2.4948,10.0000,-26.3713,32.7963
137.030,11.9127,0.0000,10.0000,-26.4670,30.7777
137.080,12.0998,3.7422,10.0000,-26.5719,34.2891
137.130,12.0375,-1.2474,10.0000,-26.6738,30.0906
137.180,11.9751,-1.2474,10.0000,-26.7726,29.9295
137.230,12.1622,3.7422,10.0000,-26.8807,34.4502
137.280,12.2869,2.4948,10.0000,-26.9950,33.7632
137.330,11.9127,-7.4844,10.0000,-27.0907,24.7217
137.380,12.0375,2.4948,10.0000,-27.1925,33.1186
137.430,12.0375,0.0000,10.0000,-27.2944,31.1000
137.480,11.8503,-3.7422,10.0000,-27.3869,27.5886
137.530,12.2246,7.4844,10.0000,-27.4982,37.6393
137.580,12.0375,-3.7422,10.0000,-27.6000,28.0720
137.630,12.0375,0.0000,10.0000,-27.7019,31.1000
137.680,12.0998,1.2474,10.0000,-27.8069,32.2704
137.730,11.8503,-4.9896,10.0000,-27.8994,26.5792
137.780,11.9127,1.2474,10.0000,-27.9951,31.7870
137.830,11.9127,0.0000,10.0000,-28.0907,30.7777
137.880,11.7880,-2.4948,10.0000,-28.1801,28.4368
137.930,11.9127,2.4948,10.0000,-28.2757,32.7963
137.980,11.7256,-3.7422,10.0000,-28.3620,27.2663
138.030,12.0375,6.2370,10.0000,-28.4639,36.1466
138.080,11.8503,-3.7422,10.0000,-28.5564,27.5886
138.130,11.9751,2.4948,10.0000,-28.6551,32.9575
138.180,11.7880,-3.7422,10.0000,-28.7445,27.4274
138.230,12.0998,6.2370,10.0000,-28.8495,36.3077
138.280,11.7256,-7.4844,10.0000,-28.9358,24.2383
138.330,12.0375,6.2370,10.0000,-29.0377,36.1466
138.380,11.7880,-4.9896,10.0000,-29.1271,26.4181
138.430,11.9127,2.4948,10.0000,-29.2227,32.7963
138.480,11.7880,-2.4948,10.0000,-29.3121,28.4368
138.530,11.7880,0.0000,10.0000,-29.4015,30.4554
138.580,11.7880,0.0000,10.0000,-29.4909,30.4554
138.630,11.8503,1.2474,10.0000,-29.5834,31.6259
138.680,11.7880,-1.2474,10.0000,-29.6728,29.4461
138.730,11.9751,3.7422,10.0000,-29.7716,33.9668
138.780,11.7880,-3.7422,10.0000,-29.8610,27.4274
138.830,11.9751,3.7422,10.0000,-29.9598,33.9668
138.880,11.8503,-2.4948,10.0000,-30.0523,28.5979
138.930,11.7880,-1.2474,10.0000,-30.1417,29.4461
138.980,11.9751,3.7422,10.0000,-30.2404,33.9668
139.030,11.7880,-3.7422,10.0000,-30.3298,27.4274
139.080,11.6632,-2.4948,10.0000,-30.4130,28.1145
139.130,11.9751,6.2370,10.0000,-30.5117,35.9855
139.180,11.6632,-6.2370,10.0000,-30.5949,25.0865
139.230,11.9751,6.2370,10.0000,-30.6937,35.9855
139.280,11.7256,-4.9896,10.0000,-30.7799,26.2570
139.330,11.9127,3.7422,10.0000,-30.8756,33.8057
139.380,11.9127,0.0000,10.0000,-30.9712,30.7777
139.430,11.5385,-7.4844,10.0000,-31.0481,23.7549
139.480,11.7256,3.7422,10.0000,-31.1344,33.3222
139.530,11.7256,0.0000,10.0000,-31.2207,30.2943
139.580,11.9751,4.9896,10.0000,-31.3194,34.9761
139.630,11.6632,-6.2370,10.0000,-31.4026,25.0865
139.680,11.7880,2.4948,10.0000,-31.4920,32.4741
139.730,11.7880,0.0000,10.0000,-31.5814,30.4554
139.780,11.7880,0.0000,10.0000,-31.6708,30.4554
139.830,11.7880,0.0000,10.0000,-31.7602,30.4554
139.880,11.8503,1.2474,10.0000,-31.8527,31.6259
139.930,11.7880,-1.2474,10.0000,-31.9421,29.4461
139.980,11.7880,0.0000,10.0000,-32.0315,30.4554
140.030,11.7880,0.0000,10.0000,-32.1209,30.4554
140.080,11.7880,0.0000,10.0000,-32.2103,30.4554
140.130,11.6009,-3.7422,10.0000,-32.2904,26.9440
140.180,11.7256,2.4948,10.0000,-32.3766,32.3129
140.230,12.0998,7.4844,10.0000,-32.4816,37.3171
140.280,11.6632,-8.7318,10.0000,-32.5648,23.0678
140.330,11.9751,6.2370,10.0000,-32.6635,35.9855
140.380,11.9127,-1.2474,10.0000,-32.7592,29.7684
140.430,11.7256,-3.7422,10.0000,-32.8455,27.2663
140.480,12.0375,6.2370,10.0000,-32.9473,36.1466
140.530,11.7256,-6.2370,10.0000,-33.0336,25.2476
140.580,11.9127,3.7422,10.0000,-33.1293,33.8057
140.630,11.9127,0.0000,10.0000,-33.2249,30.7777
140.680,11.9127,0.0000,10.0000,-33.3205,30.7777
140.730,11.9751,1.2474,10.0000,-33.4193,31.9482
140.780,11.7880,-3.7422,10.0000,-33.5087,27.4274
140.830,11.5385,-4.9896,10.0000,-33.5856,25.7736
140.880,11.8503,6.2370,10.0000,-33.6781,35.6632
140.930,11.9751,2.4948,10.0000,-33.7769,32.9575
140.980,11.7880,-3.7422,10.0000,-33.8663,27.4274
141.030,11.9127,2.4948,10.0000,-33.9619,32.7963
141.080,11.7256,-3.7422,10.0000,-34.0482,27.2663
141.130,11.6632,-1.2474,10.0000,-34.1313,29.1238
141.180,11.5385,-2.4948,10.0000,-34.2083,27.7922
141.230,11.6632,2.4948,10.0000,-34.2914,32.1518
141.280,11.4138,-4.9896,10.0000,-34.3621,25.4513
141.330,11.7880,7.4844,10.0000,-34.4515,36.5114
141.380,11.4761,-6.2370,10.0000,-34.5253,24.6031
141.430,11.6009,2.4948,10.0000,-34.6054,31.9906
141.480,11.6632,1.2474,10.0000,-34.6885,31.1424
141.530,11.6632,0.0000,10.0000,-34.7717,30.1331
141.580,11.6632,0.0000,10.0000,-34.8549,30.1331
141.630,11.7256,1.2474,10.0000,-34.9411,31.3036
141.680,11.6009,-2.4948,10.0000,-35.0212,27.9534
141.730,11.6009,0.0000,10.0000,-35.1012,29.9720
141.780,11.7256,2.4948,10.0000,-35.1875,32.3129
141.830,11.4761,-4.9896,10.0000,-35.2613,25.6124
141.880,11.6632,3.7422,10.0000,-35.3445,33.1611
141.930,11.5385,-2.4948,10.0000,-35.4214,27.7922
141.980,11.6009,1.2474,10.0000,-35.5014,30.9813
142.030,11.6009,0.0000,10.0000,-35.5815,29.9720
142.080,11.9127,6.2370,10.0000,-35.6771,35.8243
142.130,11.6632,-4.9896,10.0000,-35.7603,26.0958
142.180,11.8503,3.7422,10.0000,-35.8528,33.6445
142.230,11.3514,-9.9792,10.0000,-35.9204,21.2528
142.280,11.6009,4.9896,10.0000,-36.0004,34.0093
142.330,11.2890,-6.2370,10.0000,-36.0649,24.1197
142.380,11.5385,4.9896,10.0000,-36.1418,33.8482
142.430,11.5385,0.0000,10.0000,-36.2187,29.8109
142.480,11.3514,-3.7422,10.0000,-36.2863,26.2994
142.530,11.4138,1.2474,10.0000,-36.3570,30.4979
142.580,11.5385,2.4948,10.0000,-36.4339,31.8295
142.630,11.4138,-2.4948,10.0000,-36.5046,27.4699
142.680,11.5385,2.4948,10.0000,-36.5815,31.8295
142.730,11.3514,-3.7422,10.0000,-36.6491,26.2994
142.780,11.6009,4.9896,10.0000,-36.7291,34.0093
142.830,11.4138,-3.7422,10.0000,-36.7998,26.4606
142.880,11.4761,1.2474,10.0000,-36.8736,30.6590
142.930,11.4138,-1.2474,10.0000,-36.9443,28.4792
142.980,11.6009,3.7422,10.0000,-37.0244,33.0000
143.030,11.2266,-7.4844,10.0000,-37.0857,22.9492
143.080,11.2890,1.2474,10.0000,-37.1501,30.1756
143.130,11.4761,3.7422,10.0000,-37.2239,32.6777
143.180,11.5385,1.2474,10.0000,-37.3009,30.8202
143.230,11.3514,-3.7422,10.0000,-37.3684,26.2994
143.280,11.3514,0.0000,10.0000,-37.4360,29.3274
143.330,11.4138,1.2474,10.0000,-37.5067,30.4979
143.380,11.4138,0.0000,10.0000,-37.5774,29.4886
143.430,11.3514,-1.2474,10.0000,-37.6450,28.3181
143.480,11.6009,4.9896,10.0000,-37.7250,34.0093
143.530,11.5385,-1.2474,10.0000,-37.8019,28.8015
143.580,11.6632,2.4948,10.0000,-37.8851,32.1518
143.630,11.5385,-2.4948,10.0000,-37.9620,27.7922
143.680,11.5385,0.0000,10.0000,-38.0389,29.8109
143.730,11.4761,-1.2474,10.0000,-38.1127,28.6404
143.780,11.4761,0.0000,10.0000,-38.1865,29.6497
143.830,11.5385,1.2474,10.0000,-38.2635,30.8202
143.880,11.6009,1.2474,10.0000,-38.3435,30.9813
143.930,11.6009,0.0000,10.0000,-38.4236,29.9720
143.980,11.4138,-3.7422,10.0000,-38.4942,26.4606
144.030,11.5385,2.4948,10.0000,-38.5712,31.8295
144.080,11.4761,-1.2474,10.0000,-38.6450,28.6404
144.130,11.5385,1.2474,10.0000,-38.7219,30.8202
144.180,11.4138,-2.4948,10.0000,-38.7926,27.4699
144.230,11.4761,1.2474,10.0000,-38.8664,30.6590
144.280,11.4761,0.0000,10.0000,-38.9402,29.6497
144.330,11.4761,0.0000,10.0000,-39.0140,29.6497
144.380,11.4761,0.0000,10.0000,-39.0878,29.6497
144.430,11.6009,2.4948,10.0000,-39.1679,31.9906
144.480,11.4761,-2.4948,10.0000,-39.2417,27.6311
144.530,11.2266,-4.9896,10.0000,-39.3030,24.9679
144.580,11.6009,7.4844,10.0000,-39.3830,36.0279
144.630,11.4138,-3.7422,10.0000,-39.4537,26.4606
144.680,11.5385,2.4948,10.0000,-39.5307,31.8295
144.730,11.5385,0.0000,10.0000,-39.6076,29.8109
144.780,11.4761,-1.2474,10.0000,-39.6814,28.6404
144.830,11.2890,-3.7422,10.0000,-39.7458,26.1383
144.880,11.3514,1.2474,10.0000,-39.8134,30.3368
144.930,11.4761,2.4948,10.0000,-39.8872,31.6684
144.980,11.4138,-1.2474,10.0000,-39.9579,28.4792
145.030,11.4761,1.2474,10.0000,-40.0317,30.6590
145.080,11.2266,-4.9896,10.0000,-40.0930,24.9679
145.130,11.6009,7.4844,10.0000,-40.1731,36.0279
145.180,11.4138,-3.7422,10.0000,-40.2438,26.4606
145.230,11.4138,0.0000,10.0000,-40.3145,29.4886
145.280,11.3514,-1.2474,10.0000,-40.3820,28.3181
145.330,11.5385,3.7422,10.0000,-40.4590,32.8388
145.380,11.6009,1.2474,10.0000,-40.5390,30.9813
145.430,11.3514,-4.9896,10.0000,-40.6066,25.2901
145.480,11.5385,3.7422,10.0000,-40.6835,32.8388
145.530,11.6632,2.4948,10.0000,-40.7667,32.1518
145.580,11.3514,-6.2370,10.0000,-40.8342,24.2808
145.630,11.3514,0.0000,10.0000,-40.9018,29.3274
145.680,11.4138,1.2474,10.0000,-40.9725,30.4979
145.730,11.6009,3.7422,10.0000,-41.0525,33.0000
145.780,11.2890,-6.2370,10.0000,-41.1170,24.1197
145.830,11.5385,4.9896,10.0000,-41.1939,33.8482
145.880,11.6009,1.2474,10.0000,-41.2739,30.9813
145.930,11.3514,-4.9896,10.0000,-41.3415,25.2901
145.980,11.3514,0.0000,10.0000,-41.4091,29.3274
146.030,11.4761,2.4948,10.0000,-41.4829,31.6684
146.080,11.5385,1.2474,10.0000,-41.5598,30.8202
146.130,11.3514,-3.7422,10.0000,-41.6274,26.2994
146.180,11.4761,2.4948,10.0000,-41.7012,31.6684
146.230,11.4761,0.0000,10.0000,-41.7750,29.6497
146.280,11.2890,-3.7422,10.0000,-41.8394,26.1383
146.330,11.4138,2.4948,10.0000,-41.9101,31.5072
146.380,11.6632,4.9896,10.0000,-41.9933,34.1704
146.430,11.3514,-6.2370,10.0000,-42.0609,24.2808
146.480,11.4761,2.4948,10.0000,-42.1347,31.6684
146.530,11.4138,-1.2474,10.0000,-42.2054,28.4792
146.580,11.3514,-1.2474,10.0000,-42.2729,28.3181
146.630,11.6632,6.2370,10.0000,-42.3561,35.1798
146.680,11.5385,-2.4948,10.0000,-42.4330,27.7922
146.730,11.4138,-2.4948,10.0000,-42.5037,27.4699
146.780,11.6632,4.9896,10.0000,-42.5869,34.1704
146.830,11.4761,-3.7422,10.0000,-42.6607,26.6218
146.880,11.6632,3.7422,10.0000,-42.7438,33.1611
146.930,11.4138,-4.9896,10.0000,-42.8145,25.4513
146.980,11.5385,2.4948,10.0000,-42.8914,31.8295
147.030,11.4138,-2.4948,10.0000,-42.9621,27.4699
147.080,11.4761,1.2474,10.0000,-43.0359,30.6590
147.130,11.3514,-2.4948,10.0000,-43.1035,27.3088
147.180,11.4138,1.2474,10.0000,-43.1742,30.4979
147.230,11.3514,-1.2474,10.0000,-43.2418,28.3181
147.280,11.4761,2.4948,10.0000,-43.3156,31.6684
147.330,11.4138,-1.2474,10.0000,-43.3863,28.4792
147.380,11.3514,-1.2474,10.0000,-43.4538,28.3181
147.430,11.2890,-1.2474,10.0000,-43.5183,28.1570
147.480,11.2266,-1.2474,10.0000,-43.5796,27.9958
147.530,11.2890,1.2474,10.0000,-43.6441,30.1756
147.580,11.1643,-2.4948,10.0000,-43.7023,26.8254
147.630,11.1019,-1.2474,10.0000,-43.7574,27.6736
147.680,11.0395,-1.2474,10.0000,-43.8094,27.5124
147.730,11.0395,0.0000,10.0000,-43.8613,28.5217
147.780,10.7901,-4.9896,10.0000,-43.9008,23.8399
147.830,10.9772,3.7422,10.0000,-43.9497,31.3886
147.880,10.9772,0.0000,10.0000,-43.9986,28.3606
147.930,10.9148,-1.2474,10.0000,-44.0443,27.1902
147.980,10.8524,-1.2474,10.0000,-44.0869,27.0290
148.030,10.9772,2.4948,10.0000,-44.1358,30.3792
148.080,10.7901,-3.7422,10.0000,-44.1753,24.8492
148.130,10.5406,-4.9896,10.0000,-44.2023,23.1953
148.180,10.7277,3.7422,10.0000,-44.2387,30.7440
148.230,10.7901,1.2474,10.0000,-44.2782,28.8865
148.280,10.7901,0.0000,10.0000,-44.3177,27.8772
148.330,10.4782,-6.2370,10.0000,-44.3416,22.0249
148.380,10.4158,-1.2474,10.0000,-44.3624,25.9010
148.430,10.4782,1.2474,10.0000,-44.3863,28.0808
148.480,10.3535,-2.4948,10.0000,-44.4040,24.7306
148.530,10.3535,0.0000,10.0000,-44.4217,26.7492
148.580,10.3535,0.0000,10.0000,-44.4393,26.7492
148.630,10.2911,-1.2474,10.0000,-44.4539,25.5788
148.680,10.2287,-1.2474,10.0000,-44.4653,25.4176
148.730,10.2287,0.0000,10.0000,-44.4768,26.4269
148.780,10.2911,1.2474,10.0000,-44.4913,27.5974
148.830,10.3535,1.2474,10.0000,-44.5090,27.7585
148.880,10.2287,-2.4948,10.0000,-44.5204,24.4083
148.930,10.3535,2.4948,10.0000,-44.5381,28.7679
148.980,10.0416,-6.2370,10.0000,-44.5402,20.8969
149.030,10.2911,4.9896,10.0000,-44.5547,30.6254
149.080,10.3535,1.2474,10.0000,-44.5724,27.7585
149.130,10.3535,0.0000,10.0000,-44.5901,26.7492
149.180,10.2911,-1.2474,10.0000,-44.6046,25.5788
149.230,10.2287,-1.2474,10.0000,-44.6161,25.4176
149.280,10.1664,-1.2474,10.0000,-44.6244,25.2565
149.330,10.2911,2.4948,10.0000,-44.6390,28.6067
149.380,10.1040,-3.7422,10.0000,-44.6442,23.0767
149.430,10.2287,2.4948,10.0000,-44.6556,28.4456
149.480,10.2911,1.2474,10.0000,-44.6701,27.5974
149.530,10.1664,-2.4948,10.0000,-44.6785,24.2471
149.580,10.2287,1.2474,10.0000,-44.6899,27.4363
149.630,10.3535,2.4948,10.0000,-44.7076,28.7679
149.680,10.1664,-3.7422,10.0000,-44.7159,23.2378
149.730,10.3535,3.7422,10.0000,-44.7336,29.7772
149.780,10.1664,-3.7422,10.0000,-44.7419,23.2378
149.830,10.4158,4.9896,10.0000,-44.7627,30.9477
149.880,10.2287,-3.7422,10.0000,-44.7741,23.3990
149.930,10.2911,1.2474,10.0000,-44.7887,27.5974
149.980,10.3535,1.2474,10.0000,-44.8063,27.7585
150.030,10.1664,-3.7422,10.0000,-44.8147,23.2378
150.080,10.2911,2.4948,10.0000,-44.8292,28.6067
150.130,10.2287,-1.2474,10.0000,-44.8407,25.4176
150.180,10.2287,0.0000,10.0000,-44.8521,26.4269
150.230,10.1040,-2.4948,10.0000,-44.8573,24.0860
150.280,10.2287,2.4948,10.0000,-44.8687,28.4456
150.330,10.0416,-3.7422,10.0000,-44.8708,22.9155
150.380,10.1040,1.2474,10.0000,-44.8760,27.1140
150.430,10.1040,0.0000,10.0000,-44.8812,26.1047
150.480,10.2911,3.7422,10.0000,-44.8958,29.6161
150.530,10.2911,0.0000,10.0000,-44.9103,26.5881
150.580,10.2911,0.0000,10.0000,-44.9249,26.5881
150.630,10.4158,2.4948,10.0000,-44.9457,28.9290
150.680,10.2287,-3.7422,10.0000,-44.9571,23.3990
150.730,10.2911,1.2474,10.0000,-44.9716,27.5974
150.780,10.3535,1.2474,10.0000,-44.9893,27.7585
150.830,10.3535,0.0000,10.0000,-45.0070,26.7492
150.880,10.1040,-4.9896,10.0000,-45.0122,22.0673
150.930,10.2287,2.4948,10.0000,-45.0236,28.4456
150.980,10.1664,-1.2474,10.0000,-45.0320,25.2565
151.030,10.2287,1.2474,10.0000,-45.0434,27.4363
151.080,10.1040,-2.4948,10.0000,-45.0486,24.0860
151.130,10.1664,1.2474,10.0000,-45.0569,27.2751
151.180,10.0416,-2.4948,10.0000,-45.0590,23.9249
151.230,10.2287,3.7422,10.0000,-45.0704,29.4549
151.280,10.3535,2.4948,10.0000,-45.0881,28.7679
151.330,10.1664,-3.7422,10.0000,-45.0964,23.2378
151.380,10.3535,3.7422,10.0000,-45.1141,29.7772
151.430,10.1664,-3.7422,10.0000,-45.1224,23.2378
151.480,10.1040,-1.2474,10.0000,-45.1276,25.0953
151.530,10.1040,0.0000,10.0000,-45.1328,26.1047
151.580,10.2911,3.7422,10.0000,-45.1474,29.6161
151.630,10.0416,-4.9896,10.0000,-45.1494,21.9062
151.680,10.0416,0.0000,10.0000,-45.1515,25.9435
151.730,10.2287,3.7422,10.0000,-45.1630,29.4549
151.780,9.9792,-4.9896,10.0000,-45.1619,21.7451
151.830,9.9169,-1.2474,10.0000,-45.1578,24.6119
151.880,10.2911,7.4844,10.0000,-45.1723,32.6440
151.930,10.1040,-3.7422,10.0000,-45.1775,23.0767
151.980,10.0416,-1.2474,10.0000,-45.1796,24.9342
152.030,10.1040,1.2474,10.0000,-45.1848,27.1140
152.080,10.1664,1.2474,10.0000,-45.1931,27.2751
152.130,10.0416,-2.4948,10.0000,-45.1952,23.9249
152.180,10.1664,2.4948,10.0000,-45.2035,28.2845
152.230,10.3535,3.7422,10.0000,-45.2212,29.7772
152.280,10.1040,-4.9896,10.0000,-45.2264,22.0673
152.330,9.9792,-2.4948,10.0000,-45.2254,23.7637
152.380,10.2287,4.9896,10.0000,-45.2368,30.4642
152.430,9.9169,-6.2370,10.0000,-45.2326,20.5746
152.480,9.9792,1.2474,10.0000,-45.2316,26.7917
152.530,10.0416,1.2474,10.0000,-45.2337,26.9528
152.580,10.1664,2.4948,10.0000,-45.2420,28.2845
152.630,10.1040,-1.2474,10.0000,-45.2472,25.0953
152.680,10.1040,0.0000,10.0000,-45.2524,26.1047
152.730,10.0416,-1.2474,10.0000,-45.2545,24.9342
152.780,10.1664,2.4948,10.0000,-45.2628,28.2845
152.830,10.0416,-2.4948,10.0000,-45.2649,23.9249
152.880,10.2287,3.7422,10.0000,-45.2763,29.4549
152.930,10.1664,-1.2474,10.0000,-45.2846,25.2565
152.980,10.2287,1.2474,10.0000,-45.2961,27.4363
153.030,10.1664,-1.2474,10.0000,-45.3044,25.2565
153.080,10.1040,-1.2474,10.0000,-45.3096,25.0953
153.130,10.1040,0.0000,10.0000,-45.3148,26.1047
153.180,10.1040,0.0000,10.0000,-45.3200,26.1047
153.230,10.1664,1.2474,10.0000,-45.3283,27.2751
153.280,9.9792,-3.7422,10.0000,-45.3273,22.7544
153.330,10.0416,1.2474,10.0000,-45.3293,26.9528
153.380,10.1040,1.2474,10.0000,-45.3345,27.1140
153.430,10.2287,2.4948,10.0000,-45.3460,28.4456
153.480,10.1040,-2.4948,10.0000,-45.3512,24.0860
153.530,10.1664,1.2474,10.0000,-45.3595,27.2751
153.580,10.1664,0.0000,10.0000,-45.3678,26.2658
153.630,9.9792,-3.7422,10.0000,-45.3668,22.7544
153.680,9.9169,-1.2474,10.0000,-45.3626,24.6119
153.730,10.1040,3.7422,10.0000,-45.3678,29.1326
153.780,10.1664,1.2474,10.0000,-45.3761,27.2751
153.830,9.9792,-3.7422,10.0000,-45.3751,22.7544
153.880,10.0416,1.2474,10.0000,-45.3772,26.9528
153.930,10.0416,0.0000,10.0000,-45.3793,25.9435
153.980,10.1040,1.2474,10.0000,-45.3845,27.1140
154.030,9.9792,-2.4948,10.0000,-45.3834,23.7637
154.080,9.9792,0.0000,10.0000,-45.3824,25.7824
154.130,10.1040,2.4948,10.0000,-45.3876,28.1233
154.180,10.2911,3.7422,10.0000,-45.4021,29.6161
154.230,10.1040,-3.7422,10.0000,-45.4073,23.0767
154.280,10.0416,-1.2474,10.0000,-45.4094,24.9342
154.330,10.2287,3.7422,10.0000,-45.4209,29.4549
154.380,9.9792,-4.9896,10.0000,-45.4198,21.7451
154.430,9.9169,-1.2474,10.0000,-45.4157,24.6119
154.480,10.1040,3.7422,10.0000,-45.4209,29.1326
154.530,9.9169,-3.7422,10.0000,-45.4167,22.5933
154.580,9.8545,-1.2474,10.0000,-45.4094,24.4508
154.630,9.9792,2.4948,10.0000,-45.4084,27.8010
154.680,10.0416,1.2474,10.0000,-45.4105,26.9528
154.730,10.2287,3.7422,10.0000,-45.4219,29.4549
154.780,10.2911,1.2474,10.0000,-45.4365,27.5974
154.830,10.0416,-4.9896,10.0000,-45.4385,21.9062
154.880,10.2287,3.7422,10.0000,-45.4500,29.4549
154.930,9.9792,-4.9896,10.0000,-45.4489,21.7451
154.980,10.0416,1.2474,10.0000,-45.4510,26.9528
155.030,9.9169,-2.4948,10.0000,-45.4469,23.6026
155.080,10.0416,2.4948,10.0000,-45.4489,27.9621
155.130,9.9792,-1.2474,10.0000,-45.4479,24.7731
155.180,10.1664,3.7422,10.0000,-45.4562,29.2938
155.230,10.1040,-1.2474,10.0000,-45.4614,25.0953
155.280,10.2287,2.4948,10.0000,-45.4729,28.4456
155.330,10.1664,-1.2474,10.0000,-45.4812,25.2565
155.380,10.1040,-1.2474,10.0000,-45.4864,25.0953
155.430,10.1664,1.2474,10.0000,-45.4947,27.2751
155.480,10.2287,1.2474,10.0000,-45.5061,27.4363
155.530,10.1664,-1.2474,10.0000,-45.5144,25.2565
155.580,10.2287,1.2474,10.0000,-45.5259,27.4363
155.630,10.1664,-1.2474,10.0000,-45.5342,25.2565
155.680,10.1040,-1.2474,10.0000,-45.5394,25.0953
155.730,10.3535,4.9896,10.0000,-45.5571,30.7865
155.780,10.1664,-3.7422,10.0000,-45.5654,23.2378
155.830,10.1040,-1.2474,10.0000,-45.5706,25.0953
155.880,10.1040,0.0000,10.0000,-45.5758,26.1047
155.930,10.1664,1.2474,10.0000,-45.5841,27.2751
155.980,10.0416,-2.4948,10.0000,-45.5862,23.9249
156.030,10.1040,1.2474,10.0000,-45.5914,27.1140
156.080,10.1664,1.2474,10.0000,-45.5997,27.2751
156.130,10.0416,-2.4948,10.0000,-45.6018,23.9249
156.180,10.2911,4.9896,10.0000,-45.6164,30.6254
156.230,10.1664,-2.4948,10.0000,-45.6247,24.2471
156.280,10.2287,1.2474,10.0000,-45.6361,27.4363
156.330,10.1664,-1.2474,10.0000,-45.6444,25.2565
156.380,10.1040,-1.2474,10.0000,-45.6496,25.0953
156.430,10.1040,0.0000,10.0000,-45.6548,26.1047
156.480,10.1664,1.2474,10.0000,-45.6631,27.2751
156.530,10.1664,0.0000,10.0000,-45.6715,26.2658
156.580,10.1040,-1.2474,10.0000,-45.6767,25.0953
156.630,10.2911,3.7422,10.0000,-45.6912,29.6161
156.680,10.1664,-2.4948,10.0000,-45.6995,24.2471
156.730,10.2287,1.2474,10.0000,-45.7110,27.4363
156.780,10.2911,1.2474,10.0000,-45.7255,27.5974
156.830,10.1040,-3.7422,10.0000,-45.7307,23.0767
156.880,10.1664,1.2474,10.0000,-45.7391,27.2751
156.930,9.9792,-3.7422,10.0000,-45.7380,22.7544
156.980,10.1040,2.4948,10.0000,-45.7432,28.1233
157.030,10.0416,-1.2474,10.0000,-45.7453,24.9342
157.080,10.0416,0.0000,10.0000,-45.7474,25.9435
157.130,10.1040,1.2474,10.0000,-45.7526,27.1140
157.180,10.1664,1.2474,10.0000,-45.7609,27.2751
157.230,10.0416,-2.4948,10.0000,-45.7630,23.9249
157.280,10.1664,2.4948,10.0000,-45.7713,28.2845
157.330,10.1040,-1.2474,10.0000,-45.7765,25.0953
157.380,10.1040,0.0000,10.0000,-45.7817,26.1047
157.430,10.1040,0.0000,10.0000,-45.7869,26.1047
157.480,10.1040,0.0000,10.0000,-45.7921,26.1047
157.530,10.0416,-1.2474,10.0000,-45.7942,24.9342
157.580,10.1040,1.2474,10.0000,-45.7994,27.1140
157.630,9.9792,-2.4948,10.0000,-45.7983,23.7637
157.680,10.1040,2.4948,10.0000,-45.8035,28.1233
157.730,10.0416,-1.2474,10.0000,-45.8056,24.9342
157.780,10.0416,0.0000,10.0000,-45.8077,25.9435
157.830,9.9792,-1.2474,10.0000,-45.8067,24.7731
157.880,10.0416,1.2474,10.0000,-45.8087,26.9528
157.930,10.1664,2.4948,10.0000,-45.8171,28.2845
157.980,9.9792,-3.7422,10.0000,-45.8160,22.7544
158.030,10.1664,3.7422,10.0000,-45.8243,29.2938
158.080,10.1664,0.0000,10.0000,-45.8327,26.2658
158.130,10.0416,-2.4948,10.0000,-45.8347,23.9249
158.180,10.1040,1.2474,10.0000,-45.8399,27.1140
158.230,10.1040,0.0000,10.0000,-45.8451,26.1047
158.280,10.0416,-1.2474,10.0000,-45.8472,24.9342
158.330,10.1040,1.2474,10.0000,-45.8524,27.1140
158.380,10.0416,-1.2474,10.0000,-45.8545,24.9342
158.430,10.0416,0.0000,10.0000,-45.8566,25.9435
158.480,10.1664,2.4948,10.0000,-45.8649,28.2845
158.530,9.9792,-3.7422,10.0000,-45.8639,22.7544
158.580,9.9169,-1.2474,10.0000,-45.8597,24.6119
158.630,9.9792,1.2474,10.0000,-45.8587,26.7917
158.680,10.1040,2.4948,10.0000,-45.8639,28.1233
158.730,9.9792,-2.4948,10.0000,-45.8628,23.7637
158.780,9.9169,-1.2474,10.0000,-45.8587,24.6119
158.830,10.1040,3.7422,10.0000,-45.8639,29.1326
158.880,9.9169,-3.7422,10.0000,-45.8597,22.5933
158.930,9.9792,1.2474,10.0000,-45.8587,26.7917
158.980,10.1664,3.7422,10.0000,-45.8670,29.2938
159.030,10.1040,-1.2474,10.0000,-45.8722,25.0953
159.080,10.0416,-1.2474,10.0000,-45.8743,24.9342
159.130,10.0416,0.0000,10.0000,-45.8763,25.9435
159.180,10.1040,1.2474,10.0000,-45.8815,27.1140
159.230,10.0416,-1.2474,10.0000,-45.8836,24.9342
159.280,10.1664,2.4948,10.0000,-45.8919,28.2845
159.330,10.1040,-1.2474,10.0000,-45.8971,25.0953
159.380,9.9169,-3.7422,10.0000,-45.8930,22.5933
159.430,9.9792,1.2474,10.0000,-45.8920,26.7917
159.480,9.9169,-1.2474,10.0000,-45.8878,24.6119
159.530,9.9169,0.0000,10.0000,-45.8836,25.6212
159.580,9.9169,0.0000,10.0000,-45.8795,25.6212
159.630,9.9169,0.0000,10.0000,-45.8753,25.6212
159.680,9.9792,1.2474,10.0000,-45.8743,26.7917
159.730,10.0416,1.2474,20.0000,0.4979,26.9528
159.780,9.9792,-1.2474,20.0000,0.9990,24.7731
159.830,10.2911,6.2370,20.0000,1.4844,31.6347
159.880,10.1040,-3.7422,20.0000,1.9792,23.0767
159.930,10.0416,-1.2474,20.0000,2.4771,24.9342
159.980,9.7921,-4.9896,20.0000,2.9875,21.2617
160.030,9.9169,2.4948,20.0000,3.4917,27.6399
160.080,10.0416,2.4948,20.0000,3.9896,27.9621
160.130,10.0416,0.0000,20.0000,4.4875,25.9435
160.180,9.9169,-2.4948,20.0000,4.9917,23.6026
160.230,10.0416,2.4948,20.0000,5.4896,27.9621
160.280,10.1040,1.2474,20.0000,5.9844,27.1140
160.330,10.1040,0.0000,20.0000,6.4792,26.1047
160.380,10.0416,-1.2474,20.0000,6.9771,24.9342
160.430,9.9169,-2.4948,20.0000,7.4813,23.6026
160.480,10.1664,4.9896,20.0000,7.9729,30.3031
160.530,10.1040,-1.2474,20.0000,8.4677,25.0953
160.580,10.2287,2.4948,20.0000,8.9563,28.4456
160.630,10.0416,-3.7422,20.0000,9.4542,22.9155
160.680,9.9792,-1.2474,20.0000,9.9553,24.7731
160.730,10.1664,3.7422,20.0000,10.4469,29.2938
160.780,10.1040,-1.2474,20.0000,10.9417,25.0953
160.830,10.1040,0.0000,20.0000,11.4365,26.1047
160.880,10.1040,0.0000,20.0000,11.9313,26.1047
160.930,10.2287,2.4948,20.0000,12.4199,28.4456
160.980,10.1040,-2.4948,20.0000,12.9147,24.0860
161.030,9.9792,-2.4948,20.0000,13.4158,23.7637
161.080,10.4158,8.7318,20.0000,13.8950,33.9756
161.130,10.1664,-4.9896,20.0000,14.3866,22.2285
161.180,9.9169,-4.9896,20.0000,14.8908,21.5840
161.230,10.2911,7.4844,20.0000,15.3762,32.6440
161.280,10.0416,-4.9896,20.0000,15.8742,21.9062
161.330,10.1664,2.4948,20.0000,16.3658,28.2845
161.380,10.3535,3.7422,20.0000,16.8482,29.7772
161.430,10.1664,-3.7422,20.0000,17.3398,23.2378
161.480,10.4158,4.9896,20.0000,17.8191,30.9477
161.530,10.5406,2.4948,20.0000,18.2920,29.2513
161.580,10.4158,-2.4948,20.0000,18.7712,24.8917
161.630,10.6653,4.9896,20.0000,19.2380,31.5922
161.680,10.6029,-1.2474,20.0000,19.7078,26.3845
161.730,10.6653,1.2474,20.0000,20.1746,28.5642
161.780,10.6653,0.0000,20.0000,20.6413,27.5549
161.830,10.6029,-1.2474,20.0000,21.1112,26.3845
161.880,10.6653,1.2474,20.0000,21.5779,28.5642
161.930,10.7901,2.4948,20.0000,22.0384,29.8958
161.980,10.9772,3.7422,20.0000,22.4895,31.3886
162.030,10.8524,-2.4948,20.0000,22.9469,26.0197
162.080,11.0395,3.7422,20.0000,23.3949,31.5497
162.130,11.0395,0.0000,20.0000,23.8430,28.5217
162.180,11.1019,1.2474,20.0000,24.2879,29.6922
162.230,11.0395,-1.2474,20.0000,24.7359,27.5124
162.280,11.1019,1.2474,20.0000,25.1808,29.6922
162.330,11.1643,1.2474,20.0000,25.6226,29.8533
162.380,11.4138,4.9896,20.0000,26.0519,33.5259
162.430,11.2890,-2.4948,20.0000,26.4874,27.1476
162.480,11.5385,4.9896,20.0000,26.9105,33.8482
162.530,11.5385,0.0000,20.0000,27.3336,29.8109
162.580,11.5385,0.0000,20.0000,27.7567,29.8109
162.630,11.7880,4.9896,20.0000,28.1673,34.4927
162.680,11.7880,0.0000,20.0000,28.5779,30.4554
162.730,11.8503,1.2474,20.0000,28.9853,31.6259
162.780,11.9751,2.4948,20.0000,29.3866,32.9575
162.830,12.0375,1.2474,20.0000,29.7847,32.1093
162.880,12.2246,3.7422,20.0000,30.1735,34.6113
162.930,12.0375,-3.7422,20.0000,30.5716,28.0720
162.980,12.4117,7.4844,20.0000,30.9510,38.1227
163.030,12.2246,-3.7422,20.0000,31.3398,28.5554
163.080,12.3493,2.4948,20.0000,31.7223,33.9243
163.130,12.4117,1.2474,20.0000,32.1017,33.0761
163.180,12.5988,3.7422,20.0000,32.4718,35.5782
163.230,12.5988,0.0000,20.0000,32.8419,32.5502
163.280,12.7859,3.7422,20.0000,33.2026,36.0616
163.330,12.7235,-1.2474,20.0000,33.5664,31.8632
163.380,12.7859,1.2474,20.0000,33.9271,34.0430
163.430,12.6612,-2.4948,20.0000,34.2940,30.6927
163.480,12.9730,6.2370,20.0000,34.6454,38.5637
163.530,12.7235,-4.9896,20.0000,35.0092,28.8352
163.580,12.8483,2.4948,20.0000,35.3668,35.2134
163.630,12.7235,-2.4948,20.0000,35.7306,30.8539
163.680,12.9106,3.7422,20.0000,36.0851,36.3839
163.730,13.0977,3.7422,20.0000,36.4302,36.8673
163.780,12.8483,-4.9896,20.0000,36.7878,29.1575
163.830,12.8483,0.0000,20.0000,37.1454,33.1948
163.880,12.9106,1.2474,20.0000,37.4999,34.3652
163.930,12.9106,0.0000,20.0000,37.8543,33.3559
163.980,12.7859,-2.4948,20.0000,38.2150,31.0150
164.030,12.8483,1.2474,20.0000,38.5726,34.2041
164.080,12.7859,-1.2474,20.0000,38.9333,32.0243
164.130,12.9106,2.4948,20.0000,39.2878,35.3745
164.180,12.7859,-2.4948,20.0000,39.6485,31.0150
164.230,13.0354,4.9896,20.0000,39.9967,37.7155
164.280,12.5364,-9.9792,20.0000,40.3699,24.3145
164.330,12.9730,8.7318,20.0000,40.7213,40.5823
164.380,13.0977,2.4948,20.0000,41.0664,35.8580
164.430,13.0354,-1.2474,20.0000,41.4146,32.6689
164.480,13.1601,2.4948,20.0000,41.7566,36.0191
164.530,12.6612,-9.9792,20.0000,42.1235,24.6368
164.580,12.8483,3.7422,20.0000,42.4811,36.2227
164.630,13.0354,3.7422,20.0000,42.8293,36.7062
164.680,12.9730,-1.2474,20.0000,43.1807,32.5077
164.730,12.8483,-2.4948,20.0000,43.5383,31.1761
164.780,12.9730,2.4948,20.0000,43.8896,35.5357
164.830,13.1601,3.7422,20.0000,44.2316,37.0284
164.880,12.8483,-6.2370,20.0000,44.5892,28.1481
164.930,13.2225,7.4844,20.0000,44.9281,40.2176
164.980,12.9730,-4.9896,20.0000,45.2794,29.4798
165.030,13.2849,6.2370,20.0000,45.6152,39.3694
165.080,13.4720,3.7422,20.0000,45.9416,37.8341
165.130,13.0977,-7.4844,20.0000,46.2867,27.7834
165.180,13.0977,0.0000,20.0000,46.6318,33.8393
165.230,13.0977,0.0000,20.0000,46.9769,33.8393
165.280,13.5967,9.9792,20.0000,47.2971,43.2030
165.330,13.4096,-3.7422,20.0000,47.6266,31.6171
165.380,13.6591,4.9896,20.0000,47.9437,39.3269
165.430,13.6591,0.0000,20.0000,48.2607,35.2896
165.480,13.4720,-3.7422,20.0000,48.5871,31.7782
165.530,13.7838,6.2370,20.0000,48.8979,40.6585
165.580,13.3472,-8.7318,20.0000,49.2306,27.4186
165.630,13.7214,7.4844,20.0000,49.5445,41.5067
165.680,13.5967,-2.4948,20.0000,49.8647,33.1098
165.730,13.8462,4.9896,20.0000,50.1723,39.8103
165.780,13.7214,-2.4948,20.0000,50.4863,33.4321
165.830,13.8462,2.4948,20.0000,50.7940,37.7916
165.880,13.7214,-2.4948,20.0000,51.1079,33.4321
165.930,13.9709,4.9896,20.0000,51.4093,40.1326
165.980,14.1580,3.7422,20.0000,51.7014,39.6067
166.030,13.7838,-7.4844,20.0000,52.0123,29.5559
166.080,13.9086,2.4948,20.0000,52.3168,37.9528
166.130,14.0333,2.4948,20.0000,52.6152,38.2751
166.180,14.7194,13.7214,20.0000,52.8792,49.1315
166.230,14.2828,-8.7318,20.0000,53.1651,29.8357
166.280,14.3451,1.2474,20.0000,53.4478,38.0715
166.330,14.5323,3.7422,20.0000,53.7212,40.5735
166.380,14.3451,-3.7422,20.0000,54.0039,34.0342
166.430,14.6570,6.2370,20.0000,54.2711,42.9144
166.480,14.4699,-3.7422,20.0000,54.5476,34.3564
166.530,14.4075,-1.2474,20.0000,54.8272,36.2139
166.580,14.5946,3.7422,20.0000,55.0975,40.7347
166.630,14.4699,-2.4948,20.0000,55.3740,35.3657
166.680,14.5323,1.2474,20.0000,55.6474,38.5549
166.730,14.5323,0.0000,20.0000,55.9208,37.5455
166.780,15.0936,11.2266,20.0000,56.1661,48.0797
166.830,14.7194,-7.4844,20.0000,56.4301,31.9730
166.880,14.5946,-2.4948,20.0000,56.7004,35.6880
166.930,14.7817,3.7422,20.0000,56.9613,41.2181
166.980,14.7817,0.0000,20.0000,57.2222,38.1901
167.030,14.8441,1.2474,20.0000,57.4800,39.3606
167.080,15.4054,11.2266,20.0000,57.7097,48.8854
167.130,14.6570,-14.9688,20.0000,57.9769,25.7559
167.180,15.6549,19.9584,20.0000,58.1941,56.5952
167.230,15.0312,-12.4740,20.0000,58.4426,28.7414
167.280,15.6549,12.4740,20.0000,58.6598,50.5393
167.330,15.9668,6.2370,20.0000,58.8615,46.2984
167.380,15.5302,-8.7318,20.0000,59.0850,33.0585
167.430,15.3431,-3.7422,20.0000,59.3178,36.6124
167.480,15.9668,12.4740,20.0000,59.5195,51.3450
167.530,15.7797,-3.7422,20.0000,59.7305,37.7403
167.580,15.9044,2.4948,20.0000,59.9353,43.1093
167.630,15.9044,0.0000,20.0000,60.1401,41.0906
167.680,15.6549,-4.9896,20.0000,60.3573,36.4087
167.730,15.8420,3.7422,20.0000,60.5652,43.9575
167.780,16.6528,16.2162,20.0000,60.7326,56.1455
167.830,16.1539,-9.9792,20.0000,60.9249,33.6606
167.880,16.0915,-1.2474,20.0000,61.1203,40.5647
167.930,16.4034,6.2370,20.0000,61.3001,47.4263
167.980,16.7776,7.4844,20.0000,61.4613,49.4025
168.030,17.5884,16.2162,20.0000,61.5818,58.5626
168.080,17.1518,-8.7318,20.0000,61.7242,37.2481
168.130,16.9647,-3.7422,20.0000,61.8760,40.8020
168.180,16.8399,-2.4948,20.0000,62.0340,41.4891
168.230,17.9002,21.2058,20.0000,62.1390,63.4056
168.280,17.8379,-1.2474,20.0000,62.2471,45.0766
168.330,17.5884,-4.9896,20.0000,62.3677,41.4041
168.380,17.2765,-6.2370,20.0000,62.5039,39.5890
168.430,18.4616,23.7006,20.0000,62.5808,66.8745
168.480,18.5863,2.4948,20.0000,62.6515,50.0382
168.530,18.5239,-1.2474,20.0000,62.7253,46.8491
168.580,18.2121,-6.2370,20.0000,62.8147,42.0061
168.630,18.5239,6.2370,20.0000,62.8885,52.9051
168.680,18.5239,0.0000,20.0000,62.9623,47.8584
168.730,18.8982,7.4844,20.0000,63.0174,54.8812
168.780,19.5219,12.4740,20.0000,63.0413,60.5299
168.830,19.8961,7.4844,20.0000,63.0465,57.4595
168.880,19.3971,-9.9792,20.0000,63.0766,42.0398
168.930,19.3971,0.0000,20.0000,63.1068,50.1144
168.980,18.9605,-8.7318,20.0000,63.1587,41.9211
169.030,19.9584,19.9584,20.0000,63.1608,67.7139
169.080,20.7693,16.2162,20.0000,63.1223,66.7807
169.130,20.1456,-12.4740,20.0000,63.1151,41.9548
169.180,21.4553,26.1954,20.0000,63.0423,76.6278
169.230,21.4553,0.0000,20.0000,62.9695,55.4320
169.280,19.7713,-33.6798,20.0000,62.9810,23.8295
169.330,20.3327,11.2266,20.0000,62.9643,61.6154
169.380,20.3327,0.0000,20.0000,62.9477,52.5315
169.430,21.3930,21.2058,20.0000,62.8781,72.4294
169.480,20.7693,-12.4740,20.0000,62.8396,43.5662
169.530,20.3950,-7.4844,20.0000,62.8198,46.6367
169.580,21.3306,18.7110,20.0000,62.7533,70.2496
169.630,20.7693,-11.2266,20.0000,62.7148,44.5755
169.680,20.3327,-8.7318,20.0000,62.6982,45.4662
169.730,20.3327,0.0000,20.0000,62.6816,52.5315
169.780,19.7713,-11.2266,20.0000,62.6930,41.9973
169.830,20.1456,7.4844,20.0000,62.6857,58.1040
169.880,20.5821,8.7318,20.0000,62.6566,60.2413
169.930,20.3327,-4.9896,20.0000,62.6400,48.4942
169.980,20.5198,3.7422,20.0000,62.6140,56.0429
170.030,18.8982,-32.4324,20.0000,62.6691,22.5829
170.080,20.3327,28.6902,20.0000,62.6525,75.7459
170.130,19.6466,-13.7214,20.0000,62.6701,39.6564
170.180,20.1456,9.9792,20.0000,62.6628,60.1227
170.230,20.3950,4.9896,20.0000,62.6431,56.7299
170.280,21.0811,13.7214,20.0000,62.5890,65.5677
170.330,18.9605,-42.4116,20.0000,62.6410,14.6694
170.380,19.8961,18.7110,20.0000,62.6462,66.5434
170.430,20.2079,6.2370,20.0000,62.6358,57.2558
170.480,18.5863,-32.4324,20.0000,62.7065,21.7771
170.530,19.2100,12.4740,20.0000,62.7460,59.7242
170.580,19.4595,4.9896,20.0000,62.7730,54.3129
170.630,18.5239,-18.7110,20.0000,62.8468,32.7186
170.680,18.7110,3.7422,20.0000,62.9113,51.3698
170.730,19.3347,12.4740,20.0000,62.9445,60.0465
170.780,18.8982,-8.7318,20.0000,62.9996,41.7600
170.830,19.3347,8.7318,20.0000,63.0329,57.0185
170.880,18.0250,-26.1954,20.0000,63.1316,25.3735
170.930,18.5863,11.2266,20.0000,63.2023,57.1035
170.980,18.8982,6.2370,20.0000,63.2574,53.8719
171.030,18.0873,-16.2162,20.0000,63.3531,33.6092
171.080,17.9626,-2.4948,20.0000,63.4549,44.3895
171.130,18.0873,2.4948,20.0000,63.5506,48.7491
171.180,17.9002,-3.7422,20.0000,63.6556,43.2191
171.230,17.5260,-7.4844,20.0000,63.7793,39.2242
171.280,17.5884,1.2474,20.0000,63.8998,46.4507
171.330,18.0873,9.9792,20.0000,63.9955,54.8051
171.380,18.1497,1.2474,20.0000,64.0880,47.9009
171.430,17.9002,-4.9895,20.0000,64.1930,42.2098
171.480,17.9626,1.2474,20.0000,64.2948,47.4175
171.530,17.7755,-3.7422,20.0000,64.4061,42.8968
171.580,18.0250,4.9895,20.0000,64.5048,50.6066
171.630,18.3368,6.2370,20.0000,64.5880,52.4217
171.680,18.4616,2.4948,20.0000,64.6649,49.7160
171.730,17.4013,-21.2058,20.0000,64.7948,27.7994
171.780,17.9002,9.9792,20.0000,64.8998,54.3217
171.830,17.7131,-3.7423,20.0000,65.0142,42.7356
171.880,18.5239,16.2162,20.0000,65.0880,60.9797
171.930,18.0873,-8.7318,20.0000,65.1836,39.6652
171.980,18.7110,12.4740,20.0000,65.2481,58.4351
172.030,18.9605,4.9896,20.0000,65.3000,53.0237
172.080,18.5863,-7.4844,20.0000,65.3707,41.9636
172.130,18.7734,3.7422,20.0000,65.4320,51.5310
172.180,18.7734,0.0000,20.0000,65.4934,48.5030
172.230,18.6487,-2.4948,20.0000,65.5609,46.1621
172.280,18.1497,-9.9792,20.0000,65.6535,38.8170
172.330,17.9002,-4.9895,20.0000,65.7584,42.2098
172.380,18.2745,7.4844,20.0000,65.8447,53.2698
172.430,18.3992,2.4948,20.0000,65.9248,49.5548
172.480,18.5863,3.7422,20.0000,65.9954,51.0475
172.530,18.2121,-7.4844,20.0000,66.0848,40.9968
172.580,18.9605,14.9688,20.0000,66.1368,61.0983
172.630,18.3992,-11.2266,20.0000,66.2169,38.4523
172.680,19.4595,21.2058,20.0000,66.2439,67.4341
172.730,19.3971,-1.2474,20.0000,66.2740,49.1050
172.780,19.2724,-2.4948,20.0000,66.3104,47.7735
172.830,19.6466,7.4844,20.0000,66.3281,56.8149
172.880,19.1476,-9.9792,20.0000,66.3707,41.3953
172.930,19.1476,0.0000,20.0000,66.4133,49.4698
172.980,19.1476,0.0000,20.0000,66.4559,49.4698
173.030,19.5842,8.7318,20.0000,66.4767,57.6631
173.080,18.5863,-19.9584,20.0000,66.5474,31.8704
173.130,19.2100,12.4740,20.0000,66.5869,59.7242
173.180,19.3347,2.4948,20.0000,66.6202,51.9719
173.230,19.3347,0.0000,20.0000,66.6534,49.9533
173.280,19.4595,2.4948,20.0000,66.6805,52.2942
173.330,20.0208,11.2266,20.0000,66.6794,60.8097
173.380,20.3327,6.2370,20.0000,66.6628,57.5781
173.430,19.3347,-19.9584,20.0000,66.6961,33.8041
173.480,19.8961,11.2266,20.0000,66.7013,60.4874
173.530,19.5842,-6.2370,20.0000,66.7220,45.5512
173.580,20.0832,9.9792,20.0000,66.7179,59.9615
173.630,19.6466,-8.7318,20.0000,66.7356,43.6937
173.680,20.7069,21.2058,20.0000,66.7002,70.6569
173.730,20.3950,-6.2370,20.0000,66.6805,47.6460
173.780,19.5842,-16.2162,20.0000,66.7012,37.4766
173.830,20.8316,24.9480,20.0000,66.6597,74.0071
173.880,20.2703,-11.2265,20.0000,66.6462,43.2865
173.930,20.0208,-4.9896,20.0000,66.6451,47.6885
173.980,19.9584,-1.2474,20.0000,66.6472,50.5553
174.030,19.3971,-11.2266,20.0000,66.6773,41.0305
174.080,20.1456,14.9688,20.0000,66.6701,64.1600
174.130,19.8961,-4.9896,20.0000,66.6753,47.3662
174.180,19.8337,-1.2474,20.0000,66.6836,50.2330
174.230,20.8316,19.9584,20.0000,66.6420,69.9698
174.280,20.5198,-6.2370,20.0000,66.6160,47.9683
174.330,20.3327,-3.7422,20.0000,66.5994,49.5035
174.380,20.3327,0.0000,20.0000,66.5827,52.5315
174.430,19.3971,-18.7110,20.0000,66.6129,34.9745
174.480,20.5198,22.4532,20.0000,66.5869,71.1827
174.530,19.6466,-17.4636,20.0000,66.6046,36.6284
174.580,19.5842,-1.2474,20.0000,66.6253,49.5885
174.630,20.2079,12.4740,20.0000,66.6149,62.3024
174.680,19.6466,-11.2266,20.0000,66.6326,41.6750
174.730,20.0832,8.7318,20.0000,66.6285,58.9522
174.780,20.1456,1.2474,20.0000,66.6212,53.0574
174.830,19.7713,-7.4844,20.0000,66.6326,45.0253
174.880,19.8961,2.4948,20.0000,66.6378,53.4221
174.930,20.4574,11.2266,20.0000,66.6149,61.9377
174.980,19.7713,-13.7214,20.0000,66.6264,39.9787
175.030,19.5842,-3.7422,20.0000,66.6472,47.5698
175.080,21.3930,36.1746,20.0000,66.5775,84.5413
175.130,19.3347,-41.1642,20.0000,66.6108,16.6456
175.180,20.3327,19.9584,20.0000,66.5941,68.6807
175.230,19.1476,-23.7006,20.0000,66.6368,30.2927
175.280,19.5842,8.7318,20.0000,66.6576,57.6631
175.330,19.2724,-6.2370,20.0000,66.6939,44.7455
175.380,20.4574,23.7006,20.0000,66.6711,72.0310
175.430,19.7713,-13.7214,20.0000,66.6825,39.9787
175.480,19.5842,-3.7422,20.0000,66.7033,47.5698
175.530,20.0832,9.9792,20.0000,66.6991,59.9615
175.580,20.6445,11.2266,20.0000,66.6669,62.4211
175.630,19.1476,-29.9376,20.0000,66.7095,25.2461
175.680,18.3992,-14.9688,20.0000,66.7896,35.4242
175.730,20.2079,36.1746,20.0000,66.7792,81.4796
175.780,20.0832,-2.4948,20.0000,66.7750,49.8683
175.830,19.2724,-16.2162,20.0000,66.8114,36.6709
175.880,19.6466,7.4844,20.0000,66.8291,56.8149
175.930,19.8961,4.9896,20.0000,66.8343,55.4408
175.980,19.6466,-4.9896,20.0000,66.8519,46.7217
176.030,19.1476,-9.9792,20.0000,66.8945,41.3953
176.080,19.8337,13.7214,20.0000,66.9029,62.3449
176.130,19.2724,-11.2266,20.0000,66.9392,40.7082
176.180,19.3347,1.2474,20.0000,66.9725,50.9626
176.230,19.6466,6.2370,20.0000,66.9902,55.8056
176.280,19.0229,-12.4740,20.0000,67.0390,39.0543
176.330,18.3368,-13.7214,20.0000,67.1222,36.2724
176.380,18.6487,6.2370,20.0000,67.1898,53.2273
176.430,19.0229,7.4844,20.0000,67.2386,55.2035
176.480,19.2724,4.9895,20.0000,67.2750,53.8294
176.530,19.8961,12.4740,20.0000,67.2802,61.4968
176.580,19.8337,-1.2474,20.0000,67.2885,50.2330
176.630,19.2100,-12.4740,20.0000,67.3280,39.5377
176.680,19.5842,7.4844,20.0000,67.3488,56.6538
176.730,19.0853,-9.9792,20.0000,67.3945,41.2341
176.780,19.3971,6.2370,20.0000,67.4247,55.1610
176.830,19.4595,1.2474,20.0000,67.4517,51.2849
176.880,19.9584,9.9792,20.0000,67.4538,59.6392
176.930,19.5219,-8.7318,20.0000,67.4777,43.3714
176.980,20.0832,11.2266,20.0000,67.4735,60.9709
177.030,20.1456,1.2474,20.0000,67.4662,53.0574
177.080,19.5219,-12.4740,20.0000,67.4901,40.3434
177.130,20.0832,11.2266,20.0000,67.4860,60.9709
177.180,19.4595,-12.4740,20.0000,67.5130,40.1823
177.230,19.5842,2.4948,20.0000,67.5338,52.6164
177.280,19.3347,-4.9896,20.0000,67.5671,45.9160
177.330,19.3971,1.2474,20.0000,67.5972,51.1237
177.380,19.4595,1.2474,20.0000,67.6242,51.2849
177.430,20.0832,12.4740,20.0000,67.6201,61.9802
177.480,18.6487,-28.6902,20.0000,67.6876,24.9662
177.530,19.9584,26.1954,20.0000,67.6897,72.7605
177.580,19.7090,-4.9896,20.0000,67.7043,46.8828
177.630,18.4616,-24.9480,20.0000,67.7812,27.5108
177.680,19.2100,14.9688,20.0000,67.8207,61.7429
177.730,20.2079,19.9584,20.0000,67.8103,68.3584
177.780,20.2079,0.0000,20.0000,67.7999,52.2092
177.830,19.7713,-8.7318,20.0000,67.8113,44.0160
177.880,19.1476,-12.4740,20.0000,67.8540,39.3766
177.930,19.7713,12.4740,20.0000,67.8654,61.1745
177.980,20.0208,4.9896,20.0000,67.8644,55.7631
178.030,19.5219,-9.9792,20.0000,67.8883,42.3621
178.080,19.3971,-2.4948,20.0000,67.9184,48.0957
178.130,19.7090,6.2370,20.0000,67.9330,55.9667
178.180,19.5219,-3.7422,20.0000,67.9569,47.4087
178.230,20.0208,9.9792,20.0000,67.9558,59.8004
178.280,20.5198,9.9792,20.0000,67.9298,61.0895
178.330,19.9584,-11.2266,20.0000,67.9319,42.4807
178.380,19.4595,-9.9792,20.0000,67.9589,42.2010
178.430,19.0853,-7.4844,20.0000,68.0047,43.2527
178.480,19.7090,12.4740,20.0000,68.0192,61.0133
178.530,19.5219,-3.7422,20.0000,68.0431,47.4087
178.580,19.2100,-6.2370,20.0000,68.0826,44.5844
178.630,19.7713,11.2266,20.0000,68.0941,60.1652
178.680,19.9584,3.7422,20.0000,68.0961,54.5926
178.730,20.2703,6.2370,20.0000,68.0826,57.4170
178.780,19.3971,-17.4636,20.0000,68.1128,35.9838
178.830,19.2100,-3.7422,20.0000,68.1523,46.6030
178.880,19.5219,6.2370,20.0000,68.1762,55.4833
178.930,20.0832,11.2266,20.0000,68.1720,60.9709
178.980,20.1456,1.2474,20.0000,68.1647,53.0574
179.030,19.6466,-9.9792,20.0000,68.1824,42.6843
179.080,19.6466,0.0000,20.0000,68.2001,50.7590
179.130,19.3971,-4.9896,20.0000,68.2302,46.0771
179.180,20.1456,14.9688,20.0000,68.2229,64.1600
179.230,19.9584,-3.7422,20.0000,68.2250,48.5367
179.280,20.0832,2.4948,20.0000,68.2209,53.9056
179.330,19.6466,-8.7318,20.0000,68.2385,43.6937
179.380,19.2100,-8.7318,20.0000,68.2780,42.5657
179.430,19.4595,4.9896,20.0000,68.3051,54.3129
179.480,20.1456,13.7214,20.0000,68.2978,63.1506
179.530,20.0208,-2.4948,20.0000,68.2967,49.7071
179.580,19.3347,-13.7214,20.0000,68.3300,38.8507
179.630,19.6466,6.2370,20.0000,68.3477,55.8056
179.680,19.3971,-4.9896,20.0000,68.3778,46.0771
179.730,20.5198,22.4532,20.0000,68.3518,71.1827
179.780,19.8961,-12.4740,20.0000,68.3570,41.3103
179.830,20.1456,4.9896,20.0000,68.3497,56.0854
179.880,21.0187,17.4636,20.0000,68.2988,68.4346
179.930,19.8337,-23.7006,20.0000,68.3071,32.0652
179.980,20.0832,4.9896,20.0000,68.3030,55.9242
180.030,19.6466,-8.7318,20.0000,68.3206,43.6937
180.080,19.9584,6.2370,20.0000,68.3227,56.6113
180.130,20.5821,12.4740,20.0000,68.2936,63.2693
180.180,19.9584,-12.4740,20.0000,68.2957,41.4714
180.230,20.1456,3.7422,20.0000,68.2884,55.0761
180.280,20.0208,-2.4948,20.0000,68.2874,49.7071
180.330,20.7069,13.7214,20.0000,68.2520,64.6009
180.380,20.1456,-11.2266,20.0000,68.2447,42.9641
180.430,20.3950,4.9896,20.0000,68.2250,56.7299
180.480,20.8940,9.9792,20.0000,68.1803,62.0563
180.530,18.9605,-38.6694,20.0000,68.2323,17.6973
180.580,19.9584,19.9584,20.0000,68.2343,67.7139
180.630,20.6445,13.7214,20.0000,68.2021,64.4397
180.680,20.5198,-2.4948,20.0000,68.1761,50.9962
180.730,19.8337,-13.7214,20.0000,68.1844,40.1398
180.780,19.8961,1.2474,20.0000,68.1896,52.4128
180.830,19.5842,-6.2370,20.0000,68.2104,45.5512
180.880,19.6466,1.2474,20.0000,68.2281,51.7683
180.930,19.4595,-3.7422,20.0000,68.2551,47.2476
180.980,19.0853,-7.4844,20.0000,68.3009,43.2527
181.030,19.6466,11.2266,20.0000,68.3185,59.8429
181.080,19.7713,2.4948,20.0000,68.3300,53.0999
181.130,19.5219,-4.9896,20.0000,68.3539,46.3994
181.180,19.4595,-1.2474,20.0000,68.3809,49.2662
181.230,18.9605,-9.9792,20.0000,68.4329,40.9118
181.280,19.3971,8.7318,20.0000,68.4630,57.1797
181.330,18.9605,-8.7318,20.0000,68.5150,41.9211
181.380,19.8961,18.7110,20.0000,68.5202,66.5434
181.430,19.0853,-16.2162,20.0000,68.5659,36.1875
181.480,18.8358,-4.9896,20.0000,68.6241,44.6269
181.530,19.8337,19.9584,20.0000,68.6324,67.3915
181.580,19.3347,-9.9792,20.0000,68.6657,41.8787
181.630,20.0832,14.9688,20.0000,68.6615,63.9988
181.680,18.8982,-23.7006,20.0000,68.7166,29.6481
181.730,19.4595,11.2266,20.0000,68.7437,59.3595
181.780,18.6487,-16.2162,20.0000,68.8112,35.0595
181.830,20.2703,32.4324,20.0000,68.7977,78.6128
181.880,19.5219,-14.9688,20.0000,68.8216,38.3247
181.930,19.7713,4.9896,20.0000,68.8331,55.1186
181.980,19.4595,-6.2370,20.0000,68.8601,45.2289
182.030,19.4595,0.0000,20.0000,68.8871,50.2755
182.080,20.2079,14.9688,20.0000,68.8767,64.3211
182.130,19.3971,-16.2162,20.0000,68.9069,36.9932
182.180,20.1456,14.9688,20.0000,68.8996,64.1600
182.230,19.0853,-21.2058,20.0000,68.9453,32.1502
182.280,19.1476,1.2474,20.0000,68.9879,50.4792
182.330,20.2079,21.2057,20.0000,68.9775,69.3677
182.380,20.3327,2.4948,20.0000,68.9609,54.5501
182.430,19.9584,-7.4844,20.0000,68.9630,45.5087
182.480,20.8940,18.7110,20.0000,68.9183,69.1216
182.530,20.6445,-4.9896,20.0000,68.8861,49.2999
182.580,20.7069,1.2474,20.0000,68.8507,54.5077
182.630,20.2703,-8.7318,20.0000,68.8372,45.3051
182.680,20.6445,7.4844,20.0000,68.8050,59.3931
182.730,20.5821,-1.2474,20.0000,68.7759,52.1667
182.780,21.2682,13.7214,20.0000,68.7125,66.0511
182.830,20.2079,-21.2058,20.0000,68.7021,35.0507
182.880,20.7693,11.2266,20.0000,68.6636,62.7434
182.930,20.6445,-2.4948,20.0000,68.6314,51.3185
182.980,19.7090,-18.7110,20.0000,68.6459,35.7802
183.030,19.7090,0.0000,20.0000,68.6605,50.9201
183.080,19.9584,4.9896,20.0000,68.6625,55.6020
183.130,19.7090,-4.9896,20.0000,68.6771,46.8828
183.180,19.1476,-11.2265,20.0000,68.7197,40.3860
183.230,19.8337,13.7214,20.0000,68.7280,62.3449
183.280,18.8358,-19.9584,20.0000,68.7862,32.5150
183.330,19.5219,13.7214,20.0000,68.8101,61.5392
183.380,19.5842,1.2474,20.0000,68.8309,51.6071
183.430,19.9584,7.4844,20.0000,68.8330,57.6206
183.480,19.4595,-9.9792,20.0000,68.8600,42.2010
183.530,20.2079,14.9688,20.0000,68.8496,64.3211
183.580,19.8337,-7.4844,20.0000,68.8580,45.1864
183.630,18.8358,-19.9584,20.0000,68.9162,32.5150
183.680,18.8982,1.2474,20.0000,68.9713,49.8346
183.730,19.0853,3.7422,20.0000,69.0170,52.3367
183.780,19.4595,7.4844,20.0000,69.0440,56.3315
183.830,19.8337,7.4844,20.0000,69.0523,57.2983
183.880,19.8961,1.2474,20.0000,69.0575,52.4128
183.930,19.2724,-12.4740,20.0000,69.0939,39.6988
183.980,19.6466,7.4844,20.0000,69.1116,56.8149
184.030,19.2724,-7.4844,20.0000,69.1480,43.7361
184.080,20.5198,24.9480,20.0000,69.1220,73.2014
184.130,20.5198,0.0000,20.0000,69.0960,53.0149
184.180,19.7090,-16.2162,20.0000,69.1105,37.7989
184.230,20.2703,11.2267,20.0000,69.0970,61.4543
184.280,19.1476,-22.4532,20.0000,69.1396,31.3020
184.330,19.9584,16.2162,20.0000,69.1417,64.6858
184.380,20.2079,4.9896,20.0000,69.1313,56.2465
184.430,19.9584,-4.9896,20.0000,69.1334,47.5274
184.480,19.3971,-11.2266,20.0000,69.1635,41.0305
184.530,19.8961,9.9792,20.0000,69.1687,59.4781
184.580,19.2724,-12.4740,20.0000,69.2051,39.6988
184.630,19.5842,6.2370,20.0000,69.2259,55.6445
184.680,20.0208,8.7318,20.0000,69.2249,58.7911
184.730,19.7090,-6.2370,20.0000,69.2394,45.8734
184.780,20.0208,6.2370,20.0000,69.2384,56.7724
184.830,18.7734,-24.9480,20.0000,69.2997,28.3165
184.880,20.2079,28.6902,20.0000,69.2893,75.4237
184.930,19.5219,-13.7214,20.0000,69.3132,39.3341
184.980,19.9584,8.7318,20.0000,69.3153,58.6299
185.030,19.8337,-2.4948,20.0000,69.3236,49.2237
185.080,20.0208,3.7422,20.0000,69.3226,54.7538
185.130,19.5842,-8.7318,20.0000,69.3434,43.5325
185.180,20.3327,14.9688,20.0000,69.3267,64.6434
185.230,20.5198,3.7422,20.0000,69.3007,56.0429
185.280,19.6466,-17.4636,20.0000,69.3184,36.6284
185.330,19.3347,-6.2370,20.0000,69.3517,44.9066
185.380,19.8337,9.9792,20.0000,69.3600,59.3169
185.430,18.9605,-17.4636,20.0000,69.4120,34.8559
185.480,19.4595,9.9792,20.0000,69.4390,58.3502
185.530,19.6466,3.7422,20.0000,69.4567,53.7869
185.580,19.6466,0.0000,20.0000,69.4743,50.7590
185.630,19.7713,2.4948,20.0000,69.4858,53.0999
185.680,19.5842,-3.7422,20.0000,69.5066,47.5698
185.730,19.5219,-1.2474,20.0000,69.5305,49.4273
185.780,19.7090,3.7422,20.0000,69.5450,53.9480
185.830,19.2724,-8.7318,20.0000,69.5814,42.7268
185.880,19.0853,-3.7422,20.0000,69.6271,46.2807
185.930,19.5219,8.7318,20.0000,69.6510,57.5019
185.980,20.2703,14.9688,20.0000,69.6375,64.4823
186.030,19.6466,-12.4740,20.0000,69.6552,40.6657
186.080,19.5219,-2.4948,20.0000,69.6791,48.4180
186.130,19.7090,3.7422,20.0000,69.6936,53.9480
186.180,19.3971,-6.2370,20.0000,69.7238,45.0678
186.230,20.0208,12.4740,20.0000,69.7227,61.8191
186.280,18.4616,-31.1850,20.0000,69.7997,22.4642
186.330,19.0229,11.2266,20.0000,69.8485,58.2315
186.380,19.2100,3.7422,20.0000,69.8880,52.6589
186.430,20.0832,17.4636,20.0000,69.8839,66.0175
186.480,19.7713,-6.2370,20.0000,69.8953,46.0346
186.530,19.3347,-8.7318,20.0000,69.9286,42.8880
186.580,18.7110,-12.4740,20.0000,69.9930,38.2486
186.630,19.2724,11.2266,20.0000,70.0294,58.8760
186.680,20.3950,22.4532,20.0000,70.0096,70.8605
186.730,20.3950,0.0000,20.0000,69.9899,52.6926
186.780,19.7090,-13.7214,20.0000,70.0044,39.8175
186.830,18.9605,-14.9688,20.0000,70.0564,36.8745
186.880,19.4595,9.9792,20.0000,70.0834,58.3502
186.930,20.0208,11.2266,20.0000,70.0824,60.8097
186.980,19.8961,-2.4948,20.0000,70.0876,49.3848
187.030,19.8961,0.0000,20.0000,70.0928,51.4035
187.080,19.3971,-9.9792,20.0000,70.1229,42.0398
187.130,19.7713,7.4844,20.0000,70.1344,57.1372
187.180,20.0832,6.2370,20.0000,70.1302,56.9335
187.230,19.9584,-2.4948,20.0000,70.1323,49.5460
187.280,19.5219,-8.7318,20.0000,70.1562,43.3714
187.330,20.2079,13.7214,20.0000,70.1458,63.3118
187.380,20.3327,2.4948,20.0000,70.1292,54.5501
187.430,20.0832,-4.9896,20.0000,70.1250,47.8496
187.480,20.2703,3.7422,20.0000,70.1115,55.3983
187.530,19.5219,-14.9688,20.0000,70.1354,38.3247
187.580,20.2079,13.7214,20.0000,70.1250,63.3118
187.630,19.5219,-13.7214,20.0000,70.1489,39.3341
187.680,20.0208,9.9792,20.0000,70.1479,59.8004
187.730,20.1456,2.4948,20.0000,70.1406,54.0667
187.780,20.2079,1.2474,20.0000,70.1302,53.2185
187.830,19.9584,-4.9896,20.0000,70.1323,47.5274
187.880,20.9564,19.9584,20.0000,70.0845,70.2921
187.930,19.7713,-23.7006,20.0000,70.0959,31.9041
187.980,19.7713,0.0000,20.0000,70.1073,51.0812
188.030,19.7713,0.0000,20.0000,70.1188,51.0812
188.080,20.1456,7.4844,20.0000,70.1115,58.1040
188.130,19.2724,-17.4636,20.0000,70.1479,35.6615
188.180,19.9584,13.7214,20.0000,70.1499,62.6672
188.230,20.1456,3.7422,20.0000,70.1427,55.0761
188.280,20.2079,1.2474,20.0000,70.1323,53.2185
188.330,19.8337,-7.4844,20.0000,70.1406,45.1864
188.380,20.1456,6.2370,20.0000,70.1333,57.0947
188.430,20.0208,-2.4948,20.0000,70.1323,49.7071
188.480,20.4574,8.7318,20.0000,70.1094,59.9190
188.530,19.3347,-22.4532,20.0000,70.1427,31.7854
188.580,20.3327,19.9584,20.0000,70.1260,68.6807
188.630,19.8337,-9.9792,20.0000,70.1343,43.1678
188.680,19.4595,-7.4844,20.0000,70.1614,44.2196
188.730,18.9605,-9.9792,20.0000,70.2133,40.9118
188.780,19.8961,18.7110,20.0000,70.2185,66.5434
188.830,19.1476,-14.9688,20.0000,70.2611,37.3580
188.880,20.0208,17.4636,20.0000,70.2601,65.8563
188.930,18.8982,-22.4532,20.0000,70.3152,30.6574
188.980,19.3347,8.7318,20.0000,70.3485,57.0185
189.030,20.0208,13.7214,20.0000,70.3474,62.8284
189.080,19.3347,-13.7214,20.0000,70.3807,38.8507
189.130,18.8358,-9.9792,5.0000,-0.6918,40.5895
189.180,19.1476,6.2370,5.0000,-1.3992,54.5165
189.230,19.5219,7.4844,5.0000,-2.1253,56.4926
189.280,19.7713,4.9896,5.0000,-2.8638,55.1186
189.330,19.1476,-12.4740,5.0000,-3.5712,39.3766
189.380,18.8358,-6.2370,5.0000,-4.2630,43.6175
189.430,19.2100,7.4844,5.0000,-4.9735,55.6869
189.480,19.9584,14.9688,5.0000,-5.7214,63.6765
189.530,20.0832,2.4948,5.0000,-6.4756,53.9056
189.580,20.0832,0.0000,5.0000,-7.2297,51.8869
189.630,20.4574,7.4844,5.0000,-8.0026,58.9097
189.680,18.6487,-36.1746,5.0000,-8.6850,18.9103
189.730,18.7110,1.2474,5.0000,-9.3706,49.3512
189.780,19.0229,6.2370,5.0000,-10.0717,54.1942
189.830,20.0208,19.9584,5.0000,-10.8228,67.8750
189.880,19.2724,-14.9688,5.0000,-11.5364,37.6802
189.930,19.4595,3.7423,5.0000,-12.2594,53.3036
189.980,18.9605,-9.9792,5.0000,-12.9574,40.9118
190.030,18.7734,-3.7422,5.0000,-13.6461,45.4750
190.080,18.7734,0.0000,5.0000,-14.3347,48.5030
190.130,19.5219,14.9688,5.0000,-15.0608,62.5486
190.180,19.2100,-6.2370,5.0000,-15.7713,44.5844
190.230,18.8358,-7.4844,5.0000,-16.4631,42.6082
190.280,19.2100,7.4844,5.0000,-17.1736,55.6869
190.330,18.8358,-7.4844,5.0000,-17.8654,42.6082
190.380,18.8982,1.2474,5.0000,-18.5603,49.8346
190.430,18.8982,0.0000,5.0000,-19.2552,48.8253
190.480,18.8982,0.0000,5.0000,-19.9501,48.8253
190.530,19.4595,11.2266,5.0000,-20.6731,59.3595
190.580,19.4595,0.0000,5.0000,-21.3961,50.2755
190.630,19.0229,-8.7318,5.0000,-22.0972,42.0823
190.680,18.8358,-3.7422,5.0000,-22.7890,45.6362
190.730,19.3971,11.2266,5.0000,-23.5089,59.1983
190.780,18.7734,-12.4740,5.0000,-24.1976,38.4098
190.830,18.8982,2.4948,5.0000,-24.8925,50.8439
190.880,18.5863,-6.2370,5.0000,-25.5718,42.9729
190.930,19.0229,8.7318,5.0000,-26.2729,56.2129
190.980,18.7734,-4.9896,5.0000,-26.9616,44.4657
191.030,18.0873,-13.7214,5.0000,-27.6160,35.6279
191.080,19.1476,21.2058,5.0000,-28.3233,66.6284
191.130,18.3368,-16.2162,5.0000,-28.9902,34.2538
191.180,19.4595,22.4532,5.0000,-29.7132,68.4434
191.230,19.3347,-2.4948,5.0000,-30.4299,47.9346
191.280,19.0853,-4.9896,5.0000,-31.1342,45.2714
191.330,19.0853,0.0000,5.0000,-31.8384,49.3087
191.380,18.7734,-6.2370,5.0000,-32.5271,43.4564
191.430,19.2724,9.9792,5.0000,-33.2407,57.8667
191.480,18.2745,-19.9584,5.0000,-33.9044,31.0647
191.530,19.0853,16.2162,5.0000,-34.6087,62.4299
191.580,18.3992,-13.7214,5.0000,-35.2787,36.4336
191.630,18.3368,-1.2474,5.0000,-35.9455,46.3657
191.680,18.5863,4.9896,5.0000,-36.6248,52.0569
191.730,18.0250,-11.2266,5.0000,-37.2761,37.4854
191.780,17.7131,-6.2370,5.0000,-37.9117,40.7170
191.830,18.3992,13.7214,5.0000,-38.5817,58.6388
191.880,18.5239,2.4948,5.0000,-39.2579,49.8771
191.930,17.4013,-22.4532,5.0000,-39.8779,26.7901
191.980,17.5884,3.7422,5.0000,-40.5074,48.4693
192.030,17.2765,-6.2370,5.0000,-41.1212,39.5890
192.080,17.2142,-1.2474,5.0000,-41.7319,43.4652
192.130,17.8379,12.4740,5.0000,-42.3738,56.1791
192.180,16.5905,-24.9480,5.0000,-42.9533,22.6766
192.230,17.2765,13.7214,5.0000,-43.5671,55.7383
192.280,17.4013,2.4948,5.0000,-44.1872,46.9766
192.330,16.9647,-8.7318,5.0000,-44.7854,36.7647
192.380,17.1518,3.7422,5.0000,-45.3930,47.3414
192.430,16.7776,-7.4844,5.0000,-45.9819,37.2906
192.480,16.5281,-4.9896,5.0000,-46.5583,38.6647
192.530,16.2786,-4.9896,5.0000,-47.1222,38.0201
192.580,16.6528,7.4844,5.0000,-47.7049,49.0802
192.630,16.2786,-7.4844,5.0000,-48.2688,36.0015
192.680,16.4657,3.7422,5.0000,-48.8421,45.5688
192.730,15.5302,-18.7110,5.0000,-49.3686,24.9839
192.780,15.2183,-6.2370,5.0000,-49.8795,34.2714
192.830,15.8420,12.4740,5.0000,-50.4216,51.0227
192.880,15.2807,-11.2266,5.0000,-50.9357,30.3953
192.930,14.7817,-9.9792,5.0000,-51.4247,30.1155
192.980,14.5946,-3.7422,5.0000,-51.9045,34.6787
193.030,14.1580,-8.7318,5.0000,-52.3624,29.5134
193.080,14.2828,2.4948,5.0000,-52.8265,38.9196
193.130,13.9709,-6.2370,5.0000,-53.2751,31.0487
193.180,13.7214,-4.9896,5.0000,-53.7111,31.4134
193.230,13.2849,-8.7318,5.0000,-54.1254,27.2575
193.280,13.3472,1.2474,5.0000,-54.5427,35.4932
193.330,13.2225,-2.4948,5.0000,-54.9539,32.1430
193.380,12.5988,-12.4740,5.0000,-55.3338,22.4570
193.430,12.5988,0.0000,5.0000,-55.7137,32.5502
193.480,11.7880,-16.2162,5.0000,-56.0531,17.3342
193.530,12.0375,4.9896,5.0000,-56.4050,35.1373
193.580,11.7256,-6.2370,5.0000,-56.7413,25.2476
193.630,11.3514,-7.4844,5.0000,-57.0589,23.2715
193.680,11.3514,0.0000,5.0000,-57.3764,29.3274
193.730,10.8524,-9.9792,5.0000,-57.6691,19.9637
193.780,10.6653,-3.7422,5.0000,-57.9523,24.5269
193.830,10.6653,0.0000,5.0000,-58.2356,27.5549
193.880,10.6029,-1.2474,5.0000,-58.5157,26.3845
193.930,10.3535,-4.9896,5.0000,-58.7834,22.7119
193.980,10.1664,-3.7422,5.0000,-59.0417,23.2378
194.030,9.7921,-7.4844,5.0000,-59.2813,19.2430
194.080,9.6050,-3.7422,5.0000,-59.5116,21.7876
194.130,9.2932,-6.2370,5.0000,-59.7262,18.9632
194.180,9.4179,2.4948,5.0000,-59.9471,26.3507
194.230,8.9813,-8.7318,5.0000,-60.1462,16.1389
194.280,8.8566,-2.4948,5.0000,-60.3390,20.8632
194.330,8.6071,-4.9896,5.0000,-60.5194,18.2000
194.380,8.7318,2.4948,5.0000,-60.7060,24.5783
194.430,8.6071,-2.4948,5.0000,-60.8863,20.2187
194.480,8.5447,-1.2474,5.0000,-61.0636,21.0668
194.530,8.2953,-4.9896,5.0000,-61.2283,17.3943
194.580,8.2329,-1.2474,5.0000,-61.3900,20.2612
194.630,8.2329,0.0000,5.0000,-61.5516,21.2705
194.680,8.1705,-1.2474,5.0000,-61.7101,20.1000
194.730,8.0458,-2.4948,5.0000,-61.8624,18.7684
194.780,8.0458,0.0000,5.0000,-62.0147,20.7871
194.830,7.9834,-1.2474,5.0000,-62.1639,19.6166
194.880,8.0458,1.2474,5.0000,-62.3162,21.7964
194.930,7.9834,-1.2474,5.0000,-62.4654,19.6166
194.980,7.9210,-1.2474,5.0000,-62.6114,19.4555
195.030,7.9210,0.0000,5.0000,-62.7575,20.4648
195.080,7.9210,0.0000,5.0000,-62.9035,20.4648
195.130,7.9834,1.2474,5.0000,-63.0527,21.6353
195.180,7.9834,0.0000,5.0000,-63.2018,20.6259
195.230,7.8587,-2.4948,5.0000,-63.3448,18.2850
195.280,7.9834,2.4948,5.0000,-63.4939,22.6446
195.330,7.8587,-2.4948,5.0000,-63.6369,18.2850
195.380,8.0458,3.7422,5.0000,-63.7892,23.8150
195.430,8.0458,0.0000,5.0000,-63.9415,20.7871
195.480,7.8587,-3.7422,5.0000,-64.0844,17.2757
195.530,7.9834,2.4948,5.0000,-64.2336,22.6446
195.580,7.9210,-1.2474,5.0000,-64.3796,19.4555
195.630,7.7963,-2.4948,5.0000,-64.5194,18.1239
195.680,8.1081,6.2370,5.0000,-64.6748,25.9948
195.730,7.9834,-2.4948,5.0000,-64.8240,18.6073
195.781,8.0458,1.2474,5.0000,-64.9763,21.7964
195.830,7.9834,-1.2474,5.0000,-65.1255,19.6166
195.880,7.8587,-2.4948,5.0000,-65.2684,18.2850
195.930,7.9210,1.2474,5.0000,-65.4145,21.4741
195.980,8.1081,3.7422,5.0000,-65.5699,23.9762
196.031,7.9834,-2.4948,5.0000,-65.7190,18.6073
196.080,7.9210,-1.2474,5.0000,-65.8651,19.4555
196.130,7.8587,-1.2474,5.0000,-66.0080,19.2943
196.180,8.0458,3.7422,5.0000,-66.1603,23.8150
196.230,7.9834,-1.2474,5.0000,-66.3095,19.6166
196.281,8.0458,1.2474,5.0000,-66.4618,21.7964
196.330,8.0458,0.0000,5.0000,-66.6141,20.7871
196.380,7.9834,-1.2474,5.0000,-66.7632,19.6166
196.430,7.9210,-1.2474,5.0000,-66.9093,19.4555
196.480,7.9210,0.0000,5.0000,-67.0553,20.4648
196.531,7.9210,0.0000,5.0000,-67.2014,20.4648
196.580,7.8587,-1.2474,5.0000,-67.3443,19.2943
196.630,7.8587,0.0000,5.0000,-67.4872,20.3036
196.680,7.8587,0.0000,5.0000,-67.6302,20.3036
196.730,7.9834,2.4948,5.0000,-67.7793,22.6446
196.781,7.9834,0.0000,5.0000,-67.9285,20.6259
196.830,7.9210,-1.2474,5.0000,-68.0746,19.4555
196.880,7.9210,0.0000,5.0000,-68.2206,20.4648
196.930,7.9210,0.0000,5.0000,-68.3667,20.4648
196.980,7.9210,0.0000,5.0000,-68.5127,20.4648
197.031,7.9834,1.2474,5.0000,-68.6619,21.6353
197.080,7.9210,-1.2474,5.0000,-68.8079,19.4555
197.130,7.9210,0.0000,5.0000,-68.9540,20.4648
197.181,7.9210,0.0000,5.0000,-69.1000,20.4648
197.231,7.9834,1.2474,5.0000,-69.2492,21.6353
197.281,7.9210,-1.2474,5.0000,-69.3953,19.4555
197.331,7.9834,1.2474,5.0000,-69.5444,21.6353
197.381,8.0458,1.2474,5.0000,-69.6967,21.7964
197.431,7.9834,-1.2474,5.0000,-69.8459,19.6166
197.481,7.8587,-2.4948,5.0000,-69.9888,18.2850
197.531,8.0458,3.7422,5.0000,-70.1411,23.8150
197.581,7.9834,-1.2474,5.0000,-70.2903,19.6166
197.631,7.9834,0.0000,5.0000,-70.4395,20.6259
197.681,7.8587,-2.4948,5.0000,-70.5824,18.2850
197.731,7.7963,-1.2474,5.0000,-70.7222,19.1332
197.781,7.8587,1.2474,5.0000,-70.8651,21.3130
197.831,7.8587,0.0000,5.0000,-71.0081,20.3036
197.881,7.9834,2.4948,5.0000,-71.1572,22.6446
197.931,7.9210,-1.2474,5.0000,-71.3033,19.4555
197.981,7.9834,1.2474,5.0000,-71.4525,21.6353
198.031,7.9210,-1.2474,5.0000,-71.5985,19.4555
198.081,7.9210,0.0000,5.0000,-71.7446,20.4648
198.131,7.9210,0.0000,5.0000,-71.8906,20.4648
198.181,8.0458,2.4948,5.0000,-72.0429,22.8057
198.231,7.9210,-2.4948,5.0000,-72.1890,18.4461
198.281,7.9210,0.0000,5.0000,-72.3350,20.4648
198.331,7.8587,-1.2474,5.0000,-72.4779,19.2943
198.381,7.8587,0.0000,5.0000,-72.6209,20.3036
198.431,7.9210,1.2474,5.0000,-72.7669,21.4741
198.481,7.9210,0.0000,5.0000,-72.9130,20.4648
198.531,7.8587,-1.2474,5.0000,-73.0559,19.2943
198.581,7.9834,2.4948,5.0000,-73.2051,22.6446
198.631,7.9210,-1.2474,5.0000,-73.3511,19.4555
198.681,7.9210,0.0000,5.0000,-73.4972,20.4648
198.731,7.8587,-1.2474,5.0000,-73.6401,19.2943
198.781,7.9210,1.2474,5.0000,-73.7862,21.4741
198.831,7.9210,0.0000,5.0000,-73.9322,20.4648
198.881,7.8587,-1.2474,5.0000,-74.0751,19.2943
198.931,7.9210,1.2474,5.0000,-74.2212,21.4741
198.981,7.9210,0.0000,5.0000,-74.3672,20.4648
199.031,7.7963,-2.4948,5.0000,-74.5071,18.1239
199.081,7.9210,2.4948,5.0000,-74.6531,22.4834
199.131,7.8587,-1.2474,5.0000,-74.7960,19.2943
199.181,7.9210,1.2474,5.0000,-74.9421,21.4741
199.231,7.9210,0.0000,5.0000,-75.0881,20.4648
199.281,7.9834,1.2474,5.0000,-75.2373,21.6353
199.331,7.9210,-1.2474,5.0000,-75.3834,19.4555
199.381,7.8587,-1.2474,5.0000,-75.5263,19.2943
199.431,7.9834,2.4948,5.0000,-75.6755,22.6446
199.481,7.8587,-2.4948,5.0000,-75.8184,18.2850
199.531,7.9210,1.2474,5.0000,-75.9645,21.4741
199.581,7.8587,-1.2474,5.0000,-76.1074,19.2943
199.631,7.9834,2.4948,5.0000,-76.2566,22.6446
199.681,7.8587,-2.4948,5.0000,-76.3995,18.2850
199.731,7.8587,0.0000,5.0000,-76.5424,20.3036
199.781,7.9834,2.4948,5.0000,-76.6916,22.6446
199.831,7.7963,-3.7422,5.0000,-76.8314,17.1145
199.881,7.8587,1.2474,5.0000,-76.9744,21.3130
199.931,7.9210,1.2474,5.0000,-77.1204,21.4741
199.981,7.9834,1.2474,5.0000,-77.2696,21.6353
200.031,7.9210,-1.2474,5.0000,-77.4156,19.4555
200.081,7.8587,-1.2474,5.0000,-77.5586,19.2943
200.131,7.8587,0.0000,5.0000,-77.7015,20.3036
200.181,7.8587,0.0000,5.0000,-77.8444,20.3036
200.231,7.9834,2.4948,5.0000,-77.9936,22.6446
200.281,7.9210,-1.2474,5.0000,-78.1396,19.4555
200.331,7.8587,-1.2474,5.0000,-78.2826,19.2943
200.381,7.9210,1.2474,5.0000,-78.4286,21.4741
200.431,7.9210,0.0000,5.0000,-78.5747,20.4648
200.481,7.9210,0.0000,5.0000,-78.7207,20.4648
200.531,7.8587,-1.2474,5.0000,-78.8637,19.2943
200.581,8.0458,3.7422,5.0000,-79.0160,23.8150
200.631,7.8587,-3.7422,5.0000,-79.1589,17.2757
200.681,7.7963,-1.2474,5.0000,-79.2987,19.1332
200.731,8.0458,4.9896,5.0000,-79.4510,24.8244
200.781,7.8587,-3.7422,5.0000,-79.5939,17.2757
200.831,7.9834,2.4948,5.0000,-79.7431,22.6446
200.881,7.9834,0.0000,5.0000,-79.8923,20.6259
200.931,7.9210,-1.2474,5.0000,-80.0383,19.4555
200.981,7.8587,-1.2474,5.0000,-80.1813,19.2943
201.031,7.8587,0.0000,5.0000,-80.3242,20.3036
201.081,7.9834,2.4948,5.0000,-80.4734,22.6446
201.131,7.8587,-2.4948,5.0000,-80.6163,18.2850
201.181,7.9834,2.4948,5.0000,-80.7655,22.6446
201.231,7.8587,-2.4948,5.0000,-80.9084,18.2850
201.281,7.9834,2.4948,5.0000,-81.0576,22.6446
201.331,7.9210,-1.2474,5.0000,-81.2036,19.4555
201.381,7.9834,1.2474,5.0000,-81.3528,21.6353
201.431,7.8587,-2.4948,5.0000,-81.4957,18.2850
201.481,8.1081,4.9896,5.0000,-81.6511,24.9855
201.531,7.6716,-8.7318,5.0000,-81.7847,12.7549
201.581,7.9834,6.2370,5.0000,-81.9339,25.6725
201.631,7.8587,-2.4948,5.0000,-82.0768,18.2850
201.681,7.9210,1.2474,5.0000,-82.2229,21.4741
201.731,7.8587,-1.2474,5.0000,-82.3658,19.2943
201.781,7.8587,0.0000,5.0000,-82.5087,20.3036
201.831,7.9210,1.2474,5.0000,-82.6548,21.4741
201.881,7.9210,0.0000,5.0000,-82.8008,20.4648
201.931,7.7963,-2.4948,5.0000,-82.9407,18.1239
201.981,7.8587,1.2474,5.0000,-83.0836,21.3130
202.031,7.9834,2.4948,5.0000,-83.2328,22.6446
202.081,7.9210,-1.2474,5.0000,-83.3788,19.4555
202.131,7.8587,-1.2474,5.0000,-83.5217,19.2943
202.181,7.8587,0.0000,5.0000,-83.6647,20.3036
202.231,7.9210,1.2474,5.0000,-83.8107,21.4741
202.281,7.9210,0.0000,5.0000,-83.9568,20.4648
202.331,7.7963,-2.4948,5.0000,-84.0966,18.1239
202.381,7.8587,1.2474,5.0000,-84.2395,21.3130
202.431,7.9210,1.2474,5.0000,-84.3856,21.4741
202.481,7.9210,0.0000,5.0000,-84.5316,20.4648
202.531,7.9210,0.0000,5.0000,-84.6777,20.4648
202.581,7.9210,0.0000,5.0000,-84.8237,20.4648
202.631,7.8587,-1.2474,5.0000,-84.9667,19.2943
202.681,7.9210,1.2474,5.0000,-85.1127,21.4741
202.731,7.8587,-1.2474,5.0000,-85.2556,19.2943
202.781,7.8587,0.0000,5.0000,-85.3986,20.3036
202.831,7.9834,2.4948,5.0000,-85.5478,22.6446
202.881,7.8587,-2.4948,5.0000,-85.6907,18.2850
202.931,7.9210,1.2474,5.0000,-85.8367,21.4741
202.981,7.9210,0.0000,5.0000,-85.9828,20.4648
203.031,7.9210,0.0000,5.0000,-86.1288,20.4648
203.081,7.9210,0.0000,5.0000,-86.2749,20.4648
203.131,7.9210,0.0000,5.0000,-86.4209,20.4648
203.181,7.9210,0.0000,5.0000,-86.5670,20.4648
203.231,7.8587,-1.2474,5.0000,-86.7099,19.2943
203.281,7.9834,2.4948,5.0000,-86.8591,22.6446
203.331,7.8587,-2.4948,5.0000,-87.0020,18.2850
203.381,7.8587,0.0000,5.0000,-87.1450,20.3036
203.431,7.9834,2.4948,5.0000,-87.2941,22.6446
203.481,7.9210,-1.2474,5.0000,-87.4402,19.4555
203.531,7.7963,-2.4948,5.0000,-87.5800,18.1239
203.581,7.8587,1.2474,5.0000,-87.7229,21.3130
203.631,7.9210,1.2474,5.0000,-87.8690,21.4741
203.681,7.9210,0.0000,5.0000,-88.0150,20.4648
203.731,7.8587,-1.2474,5.0000,-88.1580,19.2943
203.781,7.9210,1.2474,5.0000,-88.3040,21.4741
203.831,7.9210,0.0000,5.0000,-88.4501,20.4648
203.881,7.8587,-1.2474,5.0000,-88.5930,19.2943
203.931,7.9210,1.2474,5.0000,-88.7391,21.4741
203.981,7.8587,-1.2474,5.0000,-88.8820,19.2943
204.031,7.9834,2.4948,5.0000,-89.0312,22.6446
204.081,8.0458,1.2474,5.0000,-89.1834,21.7964
204.131,7.9834,-1.2474,5.0000,-89.3326,19.6166
204.181,7.9210,-1.2474,5.0000,-89.4787,19.4555
204.231,7.7963,-2.4948,5.0000,-89.6185,18.1239
204.281,7.8587,1.2474,5.0000,-89.7614,21.3130
204.331,7.9210,1.2474,5.0000,-89.9075,21.4741
204.381,7.8587,-1.2474,5.0000,-90.0504,19.2943
204.431,7.9210,1.2474,5.0000,-90.1965,21.4741
204.481,7.9210,0.0000,5.0000,-90.3425,20.4648
204.531,7.9834,1.2474,5.0000,-90.4917,21.6353
204.581,7.8587,-2.4948,5.0000,-90.6346,18.2850
204.631,7.9210,1.2474,5.0000,-90.7807,21.4741
204.681,7.8587,-1.2474,5.0000,-90.9236,19.2943
204.731,7.9210,1.2474,5.0000,-91.0696,21.4741
204.781,7.8587,-1.2474,5.0000,-91.2126,19.2943
204.831,7.9210,1.2474,5.0000,-91.3586,21.4741
204.881,7.9210,0.0000,5.0000,-91.5047,20.4648
204.931,7.8587,-1.2474,5.0000,-91.6476,19.2943
204.981,7.9834,2.4948,5.0000,-91.7968,22.6446
205.031,7.7963,-3.7422,5.0000,-91.9366,17.1145
205.081,7.8587,1.2474,5.0000,-92.0795,21.3130
205.131,7.9210,1.2474,5.0000,-92.2256,21.4741
205.181,7.8587,-1.2474,5.0000,-92.3685,19.2943
205.231,7.9210,1.2474,5.0000,-92.5146,21.4741
205.281,7.8587,-1.2474,5.0000,-92.6575,19.2943
205.331,7.8587,0.0000,5.0000,-92.8004,20.3036
205.381,7.9210,1.2474,5.0000,-92.9465,21.4741
205.431,7.8587,-1.2474,5.0000,-93.0894,19.2943
205.481,7.8587,0.0000,5.0000,-93.2324,20.3036
205.531,8.0458,3.7422,5.0000,-93.3846,23.8150
205.581,8.0458,0.0000,5.0000,-93.5369,20.7871
205.631,7.9210,-2.4948,5.0000,-93.6830,18.4461
205.681,7.8587,-1.2474,5.0000,-93.8259,19.2943
205.731,7.7339,-2.4948,5.0000,-93.9626,17.9627
205.781,7.8587,2.4948,5.0000,-94.1056,22.3223
205.831,7.8587,0.0000,5.0000,-94.2485,20.3036
205.881,7.7963,-1.2474,5.0000,-94.3883,19.1332
205.931,7.8587,1.2474,5.0000,-94.5312,21.3130
205.981,7.9210,1.2474,5.0000,-94.6773,21.4741
206.031,7.6716,-4.9896,5.0000,-94.8109,15.7829
206.081,7.8587,3.7422,5.0000,-94.9538,23.3316
206.131,7.7339,-2.4948,5.0000,-95.0905,17.9627
206.181,7.6716,-1.2474,5.0000,-95.2241,18.8109
206.231,7.4844,-3.7422,5.0000,-95.3483,16.3088
206.281,7.5468,1.2474,5.0000,-95.4756,20.5073
206.331,7.1726,-7.4844,5.0000,-95.5843,12.4752
206.381,7.0479,-2.4948,5.0000,-95.6867,16.1902
206.431,6.9855,-1.2474,5.0000,-95.7859,17.0384
206.481,6.9231,-1.2474,5.0000,-95.8821,16.8772
206.531,6.7984,-2.4948,5.0000,-95.9720,15.5456
206.581,6.7360,-1.2474,5.0000,-96.0588,16.3938
206.631,6.6113,-2.4948,5.0000,-96.1394,15.0622
206.681,6.3618,-4.9896,5.0000,-96.2075,12.3990
206.731,6.2370,-2.4948,5.0000,-96.2693,14.0954
206.781,6.0499,-3.7422,5.0000,-96.3218,12.6026
206.831,5.9252,-2.4948,5.0000,-96.3681,13.2897
206.881,5.6757,-4.9896,5.0000,-96.4019,10.6265
206.931,5.4886,-3.7422,5.0000,-96.4263,11.1524
206.981,5.4262,-1.2474,5.0000,-96.4476,13.0099
207.031,5.2391,-3.7422,5.0000,-96.4596,10.5078
207.081,5.1144,-2.4948,5.0000,-96.4653,11.1949
207.131,4.9273,-3.7422,5.0000,-96.4616,9.7021
207.181,4.8649,-1.2474,5.0000,-96.4549,11.5596
207.231,4.8649,0.0000,5.0000,-96.4481,12.5690
207.281,4.6154,-4.9896,5.0000,-96.4289,7.8871
207.331,4.2412,-7.4844,5.0000,-96.3910,4.9016
207.381,4.0541,-3.7422,5.0000,-96.3437,7.4462
207.431,3.9294,-2.4948,5.0000,-96.2901,8.1332
207.481,3.7422,-3.7422,5.0000,-96.2272,6.6405
207.531,3.6175,-2.4948,5.0000,-96.1581,7.3275
207.581,3.4304,-3.7422,5.0000,-96.0796,5.8348
207.631,3.2433,-3.7422,5.0000,-95.9918,5.3514
207.681,3.0562,-3.7422,5.0000,-95.8946,4.8680
207.731,2.8691,-3.7422,5.0000,-95.7881,4.3845
207.781,2.8067,-1.2474,5.0000,-95.6784,6.2420
207.831,2.8067,0.0000,5.0000,-95.5687,7.2514
207.881,2.9938,3.7422,5.0000,-95.4684,10.7628
207.931,3.1185,2.4948,5.0000,-95.3744,10.0757
207.981,3.1185,0.0000,5.0000,-95.2803,8.0571
208.031,3.2433,2.4948,5.0000,-95.1924,10.3980
208.081,3.1185,-2.4948,5.0000,-95.0984,6.0384
208.131,3.1809,1.2474,5.0000,-95.0074,9.2275
208.181,3.0562,-2.4948,5.0000,-94.9102,5.8773
208.231,3.1809,2.4948,5.0000,-94.8193,10.2369
208.281,3.1185,-1.2474,5.0000,-94.7252,7.0477
208.331,3.0562,-1.2474,5.0000,-94.6280,6.8866
208.381,3.1185,1.2474,5.0000,-94.5339,9.0664
208.431,3.1809,1.2474,5.0000,-94.4430,9.2275
208.481,3.1809,0.0000,5.0000,-94.3520,8.2182
208.531,3.1185,-1.2474,5.0000,-94.2579,7.0477
208.581,3.0562,-1.2474,5.0000,-94.1608,6.8866
208.631,3.0562,0.0000,5.0000,-94.0636,7.8959
208.681,3.0562,0.0000,5.0000,-93.9664,7.8959
208.731,3.1185,1.2474,5.0000,-93.8723,9.0664
208.781,3.1809,1.2474,5.0000,-93.7813,9.2275
208.831,3.1809,0.0000,5.0000,-93.6904,8.2182
208.881,3.2433,1.2474,5.0000,-93.6026,9.3887
208.931,2.9314,-6.2370,5.0000,-93.4991,2.5270
208.981,2.9938,1.2474,5.0000,-93.3988,8.7441
209.031,3.1185,2.4948,5.0000,-93.3047,10.0757
209.081,3.0562,-1.2474,5.0000,-93.2075,6.8866
209.131,3.1185,1.2474,5.0000,-93.1135,9.0664
209.181,2.7443,-7.4844,5.0000,-93.0007,1.0343
209.231,2.8691,2.4948,5.0000,-92.8941,9.4312
209.281,2.8067,-1.2474,5.0000,-92.7845,6.2420
209.331,2.9314,2.4948,5.0000,-92.6810,9.5923
209.381,2.9938,1.2474,5.0000,-92.5807,8.7441
209.431,2.9938,0.0000,5.0000,-92.4804,7.7348
209.481,3.2433,4.9896,5.0000,-92.3926,12.4166
209.531,3.3057,1.2474,5.0000,-92.3079,9.5498
209.581,3.4928,3.7422,5.0000,-92.2325,12.0519
209.631,3.5551,1.2474,5.0000,-92.1603,10.1944
209.681,3.6799,2.4948,5.0000,-92.0943,11.5260
209.731,3.8046,2.4948,5.0000,-92.0345,11.8482
209.781,3.9917,3.7422,5.0000,-91.9841,13.3410
209.831,3.9294,-1.2474,5.0000,-91.9306,9.1425
209.881,4.0541,2.4948,5.0000,-91.8833,12.4928
209.931,4.2412,3.7422,5.0000,-91.8453,13.9856
209.981,4.2412,0.0000,5.0000,-91.8074,10.9576
210.031,4.1788,-1.2474,5.0000,-91.7663,9.7871
210.081,4.3036,2.4948,5.0000,-91.7315,13.1374
210.131,4.4283,2.4948,5.0000,-91.7029,13.4596
210.181,4.3659,-1.2474,5.0000,-91.6712,10.2705
210.231,4.5531,3.7422,5.0000,-91.6489,14.7912
210.281,4.5531,0.0000,5.0000,-91.6265,11.7633
210.331,4.6778,2.4948,5.0000,-91.6104,14.1042
210.381,4.6154,-1.2474,5.0000,-91.5912,10.9151
210.431,4.8025,3.7422,5.0000,-91.5813,15.4358
210.481,4.6154,-3.7422,5.0000,-91.5621,8.8964
210.531,4.7402,2.4948,5.0000,-91.5491,14.2653
210.581,4.6154,-2.4948,5.0000,-91.5299,9.9058
210.631,4.6778,1.2474,5.0000,-91.5137,13.0949
210.681,4.7402,1.2474,5.0000,-91.5008,13.2560
210.731,4.7402,0.0000,5.0000,-91.4878,12.2467
210.781,4.6778,-1.2474,5.0000,-91.4717,11.0762
210.831,4.6778,0.0000,5.0000,-91.4555,12.0855
210.881,4.7402,1.2474,5.0000,-91.4426,13.2560
210.931,4.7402,0.0000,5.0000,-91.4296,12.2467
210.981,4.6778,-1.2474,5.0000,-91.4135,11.0762
211.031,4.6778,0.0000,5.0000,-91.3973,12.0855
211.081,4.6778,0.0000,5.0000,-91.3812,12.0855
211.131,4.6778,0.0000,5.0000,-91.3651,12.0855
211.181,4.7402,1.2474,5.0000,-91.3521,13.2560
211.231,4.6778,-1.2474,5.0000,-91.3360,11.0762
211.281,4.7402,1.2474,5.0000,-91.3230,13.2560
211.331,4.7402,0.0000,5.0000,-91.3100,12.2467
211.381,4.6778,-1.2474,5.0000,-91.2939,11.0762
211.431,4.7402,1.2474,5.0000,-91.2809,13.2560
211.481,4.6778,-1.2474,5.0000,-91.2648,11.0762
211.531,4.6778,0.0000,5.0000,-91.2487,12.0855
211.581,4.6778,0.0000,5.0000,-91.2326,12.0855
211.631,4.7402,1.2474,5.0000,-91.2196,13.2560
211.681,4.6778,-1.2474,5.0000,-91.2035,11.0762
211.731,4.7402,1.2474,5.0000,-91.1905,13.2560
211.781,4.6154,-2.4948,5.0000,-91.1713,9.9058
211.831,4.5531,-1.2474,5.0000,-91.1489,10.7539
211.881,4.6154,1.2474,5.0000,-91.1297,12.9337
211.931,4.6778,1.2474,5.0000,-91.1136,13.0949
211.981,4.6778,0.0000,5.0000,-91.0975,12.0855
212.031,4.6778,0.0000,5.0000,-91.0814,12.0855
212.081,4.6778,0.0000,5.0000,-91.0653,12.0855
212.131,4.8025,2.4948,5.0000,-91.0554,14.4265
212.181,4.8025,0.0000,5.0000,-91.0455,12.4078
212.231,4.7402,-1.2474,5.0000,-91.0325,11.2374
212.281,4.6154,-2.4948,5.0000,-91.0133,9.9058
212.331,4.6778,1.2474,5.0000,-90.9972,13.0949
212.381,4.6154,-1.2474,5.0000,-90.9780,10.9151
212.431,4.6778,1.2474,5.0000,-90.9619,13.0949
212.481,4.8025,2.4948,5.0000,-90.9520,14.4265
212.531,4.6154,-3.7422,5.0000,-90.9328,8.8964
212.581,4.8025,3.7422,5.0000,-90.9229,15.4358
212.631,4.6778,-2.4948,5.0000,-90.9068,10.0669
212.681,4.6154,-1.2474,5.0000,-90.8875,10.9151
212.731,4.8025,3.7422,5.0000,-90.8777,15.4358
212.781,4.6778,-2.4948,5.0000,-90.8616,10.0669
212.831,4.6778,0.0000,5.0000,-90.8454,12.0855
212.881,4.6778,0.0000,5.0000,-90.8293,12.0855
212.931,4.6778,0.0000,5.0000,-90.8132,12.0855
212.981,4.6778,0.0000,5.0000,-90.7971,12.0855
213.031,4.8025,2.4948,5.0000,-90.7872,14.4265
213.081,4.7402,-1.2474,5.0000,-90.7742,11.2374
213.131,4.6778,-1.2474,5.0000,-90.7581,11.0762
213.181,4.7402,1.2474,5.0000,-90.7451,13.2560
213.231,4.7402,0.0000,5.0000,-90.7322,12.2467
213.281,4.7402,0.0000,5.0000,-90.7192,12.2467
213.331,4.6778,-1.2474,5.0000,-90.7031,11.0762
213.381,4.7402,1.2474,5.0000,-90.6901,13.2560
213.431,4.7402,0.0000,5.0000,-90.6771,12.2467
213.481,4.7402,0.0000,5.0000,-90.6641,12.2467
213.531,4.6154,-2.4948,5.0000,-90.6449,9.9058
213.581,4.6778,1.2474,5.0000,-90.6287,13.0949
213.631,4.6778,0.0000,5.0000,-90.6126,12.0855
213.681,4.8025,2.4948,5.0000,-90.6028,14.4265
213.731,4.6778,-2.4948,5.0000,-90.5867,10.0669
213.781,4.7402,1.2474,5.0000,-90.5737,13.2560
213.831,4.8025,1.2474,5.0000,-90.5638,13.4171
213.881,4.6778,-2.4948,5.0000,-90.5477,10.0669
213.931,4.6778,0.0000,5.0000,-90.5316,12.0855
213.981,4.5531,-2.4948,5.0000,-90.5092,9.7446
214.031,4.6778,2.4948,5.0000,-90.4931,14.1042
214.081,4.6154,-1.2474,5.0000,-90.4739,10.9151
214.131,4.7402,2.4948,5.0000,-90.4609,14.2653
214.181,4.7402,0.0000,5.0000,-90.4479,12.2467
214.231,4.6778,-1.2474,5.0000,-90.4318,11.0762
214.281,4.6778,0.0000,5.0000,-90.4157,12.0855
214.331,4.6778,0.0000,5.0000,-90.3996,12.0855
214.381,4.6778,0.0000,5.0000,-90.3835,12.0855
214.431,4.6154,-1.2474,5.0000,-90.3642,10.9151
214.481,4.6154,0.0000,5.0000,-90.3450,11.9244
214.531,4.5531,-1.2474,5.0000,-90.3227,10.7539
214.581,4.8025,4.9896,5.0000,-90.3128,16.4451
214.631,4.6154,-3.7422,5.0000,-90.2936,8.8964
214.681,4.6154,0.0000,5.0000,-90.2743,11.9244
214.731,4.5531,-1.2474,5.0000,-90.2520,10.7539
214.781,4.4907,-1.2474,5.0000,-90.2265,10.5928
214.831,4.4907,0.0000,5.0000,-90.2010,11.6021
214.881,4.4907,0.0000,5.0000,-90.1756,11.6021
214.931,4.5531,1.2474,5.0000,-90.1532,12.7726
214.981,4.5531,0.0000,5.0000,-90.1309,11.7633
215.031,4.5531,0.0000,5.0000,-90.1085,11.7633
215.081,4.4907,-1.2474,5.0000,-90.0831,10.5928
215.131,4.6154,2.4948,5.0000,-90.0639,13.9431
215.181,4.4907,-2.4948,5.0000,-90.0384,9.5835
215.231,4.4907,0.0000,5.0000,-90.0129,11.6021
215.281,4.4907,0.0000,5.0000,-89.9875,11.6021
215.331,4.4907,0.0000,5.0000,-89.9620,11.6021
215.381,4.5531,1.2474,5.0000,-89.9396,12.7726
215.431,4.5531,0.0000,5.0000,-89.9173,11.7633
215.481,4.5531,0.0000,5.0000,-89.8950,11.7633
215.531,4.4907,-1.2474,5.0000,-89.8695,10.5928
215.581,4.4283,-1.2474,5.0000,-89.8409,10.4317
215.631,4.4283,0.0000,5.0000,-89.8123,11.4410
215.681,4.4283,0.0000,5.0000,-89.7837,11.4410
215.731,4.4907,1.2474,5.0000,-89.7583,12.6114
215.781,4.5531,1.2474,5.0000,-89.7359,12.7726
215.831,4.4907,-1.2474,5.0000,-89.7105,10.5928
215.881,4.4907,0.0000,5.0000,-89.6850,11.6021
215.931,4.5531,1.2474,5.0000,-89.6627,12.7726
215.981,4.4907,-1.2474,5.0000,-89.6372,10.5928
216.031,4.4907,0.0000,5.0000,-89.6117,11.6021
216.081,4.4907,0.0000,5.0000,-89.5863,11.6021
216.131,4.5531,1.2474,5.0000,-89.5639,12.7726
216.181,4.5531,0.0000,5.0000,-89.5416,11.7633
216.231,4.5531,0.0000,5.0000,-89.5192,11.7633
216.281,4.4907,-1.2474,5.0000,-89.4938,10.5928
216.331,4.4907,0.0000,5.0000,-89.4683,11.6021
216.381,4.5531,1.2474,5.0000,-89.4459,12.7726
216.431,4.3659,-3.7422,5.0000,-89.4142,8.2519
216.481,4.5531,3.7422,5.0000,-89.3919,14.7912
216.531,4.3659,-3.7422,5.0000,-89.3602,8.2519
216.581,4.5531,3.7422,5.0000,-89.3378,14.7912
216.631,4.4907,-1.2474,5.0000,-89.3124,10.5928
216.681,4.4283,-1.2474,5.0000,-89.2838,10.4317
216.731,4.3659,-1.2474,5.0000,-89.2521,10.2705
216.781,4.5531,3.7422,5.0000,-89.2297,14.7912
216.831,4.5531,0.0000,5.0000,-89.2074,11.7633
216.881,4.4907,-1.2474,5.0000,-89.1819,10.5928
216.931,4.4907,0.0000,5.0000,-89.1565,11.6021
216.981,4.4907,0.0000,5.0000,-89.1310,11.6021
217.031,4.5531,1.2474,5.0000,-89.1087,12.7726
217.081,4.5531,0.0000,5.0000,-89.0863,11.7633
217.131,4.4907,-1.2474,5.0000,-89.0609,10.5928
217.181,4.4907,0.0000,5.0000,-89.0354,11.6021
217.231,4.4907,0.0000,5.0000,-89.0099,11.6021
217.281,4.4283,-1.2474,5.0000,-88.9813,10.4317
217.331,4.4907,1.2474,5.0000,-88.9559,12.6114
217.381,4.5531,1.2474,5.0000,-88.9335,12.7726
217.431,4.4283,-2.4948,5.0000,-88.9049,9.4223
217.481,4.5531,2.4948,5.0000,-88.8826,13.7819
217.531,4.4283,-2.4948,5.0000,-88.8540,9.4223
217.581,4.5531,2.4948,5.0000,-88.8317,13.7819
217.631,4.4907,-1.2474,5.0000,-88.8062,10.5928
217.681,4.5531,1.2474,5.0000,-88.7839,12.7726
217.731,4.6154,1.2474,5.0000,-88.7646,12.9337
217.781,4.4907,-2.4948,5.0000,-88.7392,9.5835
217.831,4.5531,1.2474,5.0000,-88.7168,12.7726
217.881,4.4907,-1.2474,5.0000,-88.6914,10.5928
217.931,4.4283,-1.2474,5.0000,-88.6628,10.4317
217.981,4.5531,2.4948,5.0000,-88.6404,13.7819
218.031,4.4907,-1.2474,5.0000,-88.6150,10.5928
218.081,4.6154,2.4948,5.0000,-88.5957,13.9431
218.131,4.5531,-1.2474,5.0000,-88.5734,10.7539
218.181,4.5531,0.0000,5.0000,-88.5510,11.7633
218.231,4.4907,-1.2474,5.0000,-88.5256,10.5928
218.281,4.6154,2.4948,5.0000,-88.5063,13.9431
218.331,4.5531,-1.2474,5.0000,-88.4840,10.7539
218.381,4.4907,-1.2474,5.0000,-88.4585,10.5928
218.431,4.5531,1.2474,5.0000,-88.4362,12.7726
218.481,4.4907,-1.2474,5.0000,-88.4107,10.5928
218.531,4.4283,-1.2474,5.0000,-88.3821,10.4317
218.581,4.5531,2.4948,5.0000,-88.3598,13.7819
218.631,4.5531,0.0000,5.0000,-88.3374,11.7633
218.681,4.4907,-1.2474,5.0000,-88.3120,10.5928
218.731,4.5531,1.2474,5.0000,-88.2896,12.7726
218.781,4.4283,-2.4948,5.0000,-88.2611,9.4223
218.831,4.6154,3.7422,5.0000,-88.2418,14.9524
218.881,4.5531,-1.2474,5.0000,-88.2195,10.7539
218.931,4.6154,1.2474,5.0000,-88.2002,12.9337
218.981,4.4907,-2.4948,5.0000,-88.1748,9.5835
219.031,4.5531,1.2474,5.0000,-88.1524,12.7726
219.081,4.5531,0.0000,5.0000,-88.1301,11.7633
219.131,4.4907,-1.2474,5.0000,-88.1046,10.5928
219.181,4.5531,1.2474,5.0000,-88.0823,12.7726
219.231,4.4907,-1.2474,5.0000,-88.0568,10.5928
219.281,4.4907,0.0000,5.0000,-88.0314,11.6021
219.331,4.4283,-1.2474,5.0000,-88.0028,10.4317
219.381,4.5531,2.4948,5.0000,-87.9804,13.7819
219.431,4.5531,0.0000,5.0000,-87.9581,11.7633
219.481,4.3659,-3.7422,5.0000,-87.9264,8.2519
219.531,4.6154,4.9896,5.0000,-87.9071,15.9617
219.581,4.5531,-1.2474,5.0000,-87.8848,10.7539
219.631,4.4907,-1.2474,5.0000,-87.8593,10.5928
219.681,4.4907,0.0000,5.0000,-87.8339,11.6021
219.731,4.4907,0.0000,5.0000,-87.8084,11.6021
219.781,4.4283,-1.2474,5.0000,-87.7798,10.4317
219.831,4.4907,1.2474,5.0000,-87.7544,12.6114
219.881,4.5531,1.2474,5.0000,-87.7320,12.7726
219.931,4.6154,1.2474,5.0000,-87.7128,12.9337
219.981,4.5531,-1.2474,5.0000,-87.6904,10.7539
220.031,4.4907,-1.2474,5.0000,-87.6650,10.5928
220.081,4.5531,1.2474,5.0000,-87.6426,12.7726
220.131,4.6154,1.2474,5.0000,-87.6234,12.9337
220.181,4.4283,-3.7422,5.0000,-87.5948,8.4130
220.231,4.4907,1.2474,5.0000,-87.5693,12.6114
220.281,4.3659,-2.4948,5.0000,-87.5376,9.2612
220.331,4.5531,3.7422,5.0000,-87.5153,14.7912
220.381,4.4907,-1.2474,5.0000,-87.4898,10.5928
220.431,4.4283,-1.2474,5.0000,-87.4612,10.4317
220.481,4.4907,1.2474,5.0000,-87.4358,12.6114
220.531,4.4907,0.0000,5.0000,-87.4103,11.6021
220.581,4.6778,3.7422,5.0000,-87.3942,15.1135
220.631,4.4907,-3.7422,5.0000,-87.3687,8.5742
220.681,4.4907,0.0000,5.0000,-87.3433,11.6021
220.731,4.5531,1.2474,5.0000,-87.3209,12.7726
220.781,4.5531,0.0000,5.0000,-87.2986,11.7633
220.831,4.4907,-1.2474,5.0000,-87.2731,10.5928
220.881,4.4907,0.0000,5.0000,-87.2477,11.6021
220.931,4.5531,1.2474,5.0000,-87.2253,12.7726
220.981,4.5531,0.0000,5.0000,-87.2030,11.7633
221.031,4.5531,0.0000,5.0000,-87.1806,11.7633
221.081,4.6154,1.2474,5.0000,-87.1614,12.9337
221.131,4.5531,-1.2474,5.0000,-87.1390,10.7539
221.181,4.4283,-2.4948,5.0000,-87.1105,9.4223
221.231,4.5531,2.4948,5.0000,-87.0881,13.7819
221.281,4.4283,-2.4948,5.0000,-87.0595,9.4223
221.331,4.5531,2.4948,5.0000,-87.0372,13.7819
221.381,4.4907,-1.2474,5.0000,-87.0117,10.5928
221.431,4.5531,1.2474,5.0000,-86.9894,12.7726
221.481,4.5531,0.0000,5.0000,-86.9670,11.7633
221.531,4.4907,-1.2474,5.0000,-86.9416,10.5928
221.581,4.6154,2.4948,5.0000,-86.9223,13.9431
221.631,4.5531,-1.2474,5.0000,-86.9000,10.7539
221.681,4.5531,0.0000,5.0000,-86.8776,11.7633
221.731,4.5531,0.0000,5.0000,-86.8553,11.7633
221.781,4.4907,-1.2474,5.0000,-86.8298,10.5928
221.831,4.5531,1.2474,5.0000,-86.8075,12.7726
221.881,4.4907,-1.2474,5.0000,-86.7820,10.5928
221.931,4.4283,-1.2474,5.0000,-86.7534,10.4317
221.981,4.5531,2.4948,5.0000,-86.7311,13.7819
222.031,4.4283,-2.4948,5.0000,-86.7025,9.4223
222.081,4.4907,1.2474,5.0000,-86.6770,12.6114
222.131,4.4907,0.0000,5.0000,-86.6516,11.6021
222.181,4.4907,0.0000,5.0000,-86.6261,11.6021
222.231,4.4907,0.0000,5.0000,-86.6006,11.6021
222.281,4.5531,1.2474,5.0000,-86.5783,12.7726
222.331,4.5531,0.0000,5.0000,-86.5560,11.7633
222.381,4.4283,-2.4948,5.0000,-86.5274,9.4223
222.431,4.4907,1.2474,5.0000,-86.5019,12.6114
222.481,4.6154,2.4948,5.0000,-86.4827,13.9431
222.531,4.5531,-1.2474,5.0000,-86.4603,10.7539
222.581,4.5531,0.0000,5.0000,-86.4380,11.7633
222.631,4.4907,-1.2474,5.0000,-86.4125,10.5928
222.681,4.6154,2.4948,5.0000,-86.3933,13.9431
222.731,4.5531,-1.2474,5.0000,-86.3709,10.7539
222.781,4.4907,-1.2474,5.0000,-86.3455,10.5928
222.831,4.4907,0.0000,5.0000,-86.3200,11.6021
222.881,4.5531,1.2474,5.0000,-86.2977,12.7726
222.931,4.4283,-2.4948,5.0000,-86.2691,9.4223
222.981,4.4907,1.2474,5.0000,-86.2436,12.6114
223.031,4.4907,0.0000,5.0000,-86.2182,11.6021
223.081,4.5531,1.2474,5.0000,-86.1958,12.7726
223.131,4.4907,-1.2474,5.0000,-86.1703,10.5928
223.181,4.4907,0.0000,5.0000,-86.1449,11.6021
223.231,4.4907,0.0000,5.0000,-86.1194,11.6021
223.281,4.4907,0.0000,5.0000,-86.0940,11.6021
223.331,4.5531,1.2474,5.0000,-86.0716,12.7726
223.381,4.4907,-1.2474,5.0000,-86.0461,10.5928
223.431,4.4283,-1.2474,5.0000,-86.0176,10.4317
223.481,4.5531,2.4948,5.0000,-85.9952,13.7819
223.531,4.4907,-1.2474,5.0000,-85.9697,10.5928
223.581,4.4907,0.0000,5.0000,-85.9443,11.6021
223.631,4.4907,0.0000,5.0000,-85.9188,11.6021
223.681,4.5531,1.2474,5.0000,-85.8965,12.7726
223.731,4.4907,-1.2474,5.0000,-85.8710,10.5928
223.781,4.4907,0.0000,5.0000,-85.8455,11.6021
223.831,4.5531,1.2474,5.0000,-85.8232,12.7726
223.881,4.6154,1.2474,5.0000,-85.8040,12.9337
223.931,4.4283,-3.7422,5.0000,-85.7754,8.4130
223.981,4.4907,1.2474,5.0000,-85.7499,12.6114
224.031,4.4907,0.0000,5.0000,-85.7245,11.6021
224.081,4.4907,0.0000,5.0000,-85.6990,11.6021
224.131,4.4907,0.0000,5.0000,-85.6735,11.6021
224.181,4.5531,1.2474,5.0000,-85.6512,12.7726
224.231,4.4907,-1.2474,5.0000,-85.6257,10.5928
224.281,4.4907,0.0000,5.0000,-85.6002,11.6021
224.331,4.5531,1.2474,5.0000,-85.5779,12.7726
224.381,4.4283,-2.4948,5.0000,-85.5493,9.4223
224.431,4.4907,1.2474,5.0000,-85.5239,12.6114
224.481,4.4907,0.0000,5.0000,-85.4984,11.6021
224.531,4.4907,0.0000,5.0000,-85.4729,11.6021
224.581,4.4283,-1.2474,5.0000,-85.4443,10.4317
224.631,4.3659,-1.2474,5.0000,-85.4126,10.2705
224.681,4.4283,1.2474,5.0000,-85.3840,12.4503
224.731,4.4907,1.2474,5.0000,-85.3586,12.6114
224.781,4.4283,-1.2474,5.0000,-85.3300,10.4317
224.831,4.5531,2.4948,5.0000,-85.3077,13.7819
224.881,4.4907,-1.2474,5.0000,-85.2822,10.5928
224.931,4.4907,0.0000,5.0000,-85.2567,11.6021
224.981,4.4907,0.0000,5.0000,-85.2313,11.6021
225.031,4.6154,2.4948,5.0000,-85.2120,13.9431
225.081,4.4907,-2.4948,5.0000,-85.1866,9.5835
225.131,4.5531,1.2474,5.0000,-85.1642,12.7726
225.181,4.6154,1.2474,5.0000,-85.1450,12.9337
225.231,4.6154,0.0000,5.0000,-85.1258,11.9244
225.281,4.5531,-1.2474,5.0000,-85.1034,10.7539
225.331,4.5531,0.0000,5.0000,-85.0811,11.7633
225.381,4.5531,0.0000,5.0000,-85.0587,11.7633
225.431,4.5531,0.0000,5.0000,-85.0364,11.7633
225.481,4.5531,0.0000,5.0000,-85.0140,11.7633
225.531,4.4907,-1.2474,5.0000,-84.9886,10.5928
225.581,4.5531,1.2474,5.0000,-84.9662,12.7726
225.631,4.4907,-1.2474,5.0000,-84.9408,10.5928
225.681,4.4283,-1.2474,5.0000,-84.9122,10.4317
225.731,4.5531,2.4948,5.0000,-84.8898,13.7819
225.781,4.4907,-1.2474,5.0000,-84.8644,10.5928
225.831,4.4907,0.0000,5.0000,-84.8389,11.6021
225.881,4.4907,0.0000,5.0000,-84.8134,11.6021
225.931,4.4283,-1.2474,5.0000,-84.7848,10.4317
225.981,4.4907,1.2474,5.0000,-84.7594,12.6114
226.031,4.4907,0.0000,5.0000,-84.7339,11.6021
226.081,4.6154,2.4948,5.0000,-84.7147,13.9431
226.131,4.4907,-2.4948,5.0000,-84.6892,9.5835
226.181,4.4907,0.0000,5.0000,-84.6638,11.6021
226.231,4.5531,1.2474,5.0000,-84.6414,12.7726
226.281,4.4907,-1.2474,5.0000,-84.6159,10.5928
226.331,4.4907,0.0000,5.0000,-84.5905,11.6021
226.381,4.4283,-1.2474,5.0000,-84.5619,10.4317
226.431,4.4283,0.0000,5.0000,-84.5333,11.4410
226.481,4.4907,1.2474,5.0000,-84.5078,12.6114
226.531,4.4283,-1.2474,5.0000,-84.4793,10.4317
226.581,4.4907,1.2474,5.0000,-84.4538,12.6114
226.631,4.3659,-2.4948,5.0000,-84.4221,9.2612
226.681,4.4907,2.4948,5.0000,-84.3966,13.6208
226.731,4.5531,1.2474,5.0000,-84.3743,12.7726
226.781,4.4907,-1.2474,5.0000,-84.3488,10.5928
226.831,4.3659,-2.4948,5.0000,-84.3171,9.2612
226.881,4.4283,1.2474,5.0000,-84.2885,12.4503
226.931,4.6154,3.7422,5.0000,-84.2693,14.9524
226.981,4.4283,-3.7422,5.0000,-84.2407,8.4130
227.031,4.4907,1.2474,5.0000,-84.2152,12.6114
227.081,4.5531,1.2474,5.0000,-84.1929,12.7726
227.131,4.4907,-1.2474,5.0000,-84.1674,10.5928
227.181,4.6154,2.4948,5.0000,-84.1482,13.9431
227.231,4.4907,-2.4948,5.0000,-84.1227,9.5835
227.281,4.5531,1.2474,5.0000,-84.1004,12.7726
227.331,4.5531,0.0000,5.0000,-84.0781,11.7633
227.381,4.4907,-1.2474,5.0000,-84.0526,10.5928
227.431,4.5531,1.2474,5.0000,-84.0302,12.7726
227.481,4.4283,-2.4948,5.0000,-84.0017,9.4223
227.531,4.3659,-1.2474,5.0000,-83.9700,10.2705
227.581,4.5531,3.7422,5.0000,-83.9476,14.7912
227.631,4.5531,0.0000,5.0000,-83.9253,11.7633
227.681,4.6154,1.2474,5.0000,-83.9060,12.9337
227.731,4.6154,0.0000,5.0000,-83.8868,11.9244
227.781,4.5531,-1.2474,5.0000,-83.8645,10.7539
227.831,4.5531,0.0000,5.0000,-83.8421,11.7633
227.881,4.4907,-1.2474,5.0000,-83.8166,10.5928
227.931,4.5531,1.2474,5.0000,-83.7943,12.7726
227.981,4.4907,-1.2474,5.0000,-83.7688,10.5928
228.031,4.4907,0.0000,5.0000,-83.7434,11.6021
228.081,4.4907,0.0000,5.0000,-83.7179,11.6021
228.131,4.4907,0.0000,5.0000,-83.6924,11.6021
228.181,4.4907,0.0000,5.0000,-83.6670,11.6021
228.231,4.5531,1.2474,5.0000,-83.6446,12.7726
228.281,4.4907,-1.2474,5.0000,-83.6192,10.5928
228.331,4.4907,0.0000,5.0000,-83.5937,11.6021
228.381,4.5531,1.2474,5.0000,-83.5714,12.7726
228.431,4.4907,-1.2474,5.0000,-83.5459,10.5928
228.481,4.5531,1.2474,5.0000,-83.5235,12.7726
228.531,4.5531,0.0000,5.0000,-83.5012,11.7633
228.581,4.5531,0.0000,5.0000,-83.4789,11.7633
228.631,4.5531,0.0000,5.0000,-83.4565,11.7633
228.681,4.6154,1.2474,5.0000,-83.4373,12.9337
228.731,4.4907,-2.4948,5.0000,-83.4118,9.5835
228.781,4.5531,1.2474,5.0000,-83.3895,12.7726
228.831,4.6778,2.4948,5.0000,-83.3734,14.1042
228.881,4.5531,-2.4948,5.0000,-83.3510,9.7446
228.931,4.5531,0.0000,5.0000,-83.3287,11.7633
228.981,4.6154,1.2474,5.0000,-83.3094,12.9337
229.031,4.5531,-1.2474,5.0000,-83.2871,10.7539
229.081,4.6154,1.2474,5.0000,-83.2679,12.9337
229.131,4.6154,0.0000,5.0000,-83.2486,11.9244
229.181,4.6154,0.0000,5.0000,-83.2294,11.9244
229.231,4.6778,1.2474,5.0000,-83.2133,13.0949
229.281,4.6154,-1.2474,5.0000,-83.1941,10.9151
229.331,4.6154,0.0000,5.0000,-83.1748,11.9244
229.381,4.6778,1.2474,5.0000,-83.1587,13.0949
229.431,4.6778,0.0000,5.0000,-83.1426,12.0855
229.481,4.6778,0.0000,5.0000,-83.1265,12.0855
229.531,4.6778,0.0000,5.0000,-83.1104,12.0855
229.581,4.6778,0.0000,5.0000,-83.0943,12.0855
229.631,4.7402,1.2474,5.0000,-83.0813,13.2560
229.681,4.6778,-1.2474,5.0000,-83.0652,11.0762
229.731,4.5531,-2.4948,5.0000,-83.0428,9.7446
229.781,4.6778,2.4948,5.0000,-83.0267,14.1042
229.831,4.7402,1.2474,5.0000,-83.0137,13.2560
229.881,4.6154,-2.4948,5.0000,-82.9945,9.9058
229.931,4.6154,0.0000,5.0000,-82.9753,11.9244
229.981,4.6778,1.2474,5.0000,-82.9592,13.0949
230.031,4.6154,-1.2474,5.0000,-82.9399,10.9151
230.081,4.6154,0.0000,5.0000,-82.9207,11.9244
230.131,4.6778,1.2474,5.0000,-82.9046,13.0949
230.181,4.6778,0.0000,5.0000,-82.8885,12.0855
230.231,4.6154,-1.2474,5.0000,-82.8693,10.9151
230.281,4.6154,0.0000,5.0000,-82.8500,11.9244
230.331,4.6778,1.2474,5.0000,-82.8339,13.0949
230.381,4.7402,1.2474,5.0000,-82.8209,13.2560
230.431,4.6154,-2.4948,5.0000,-82.8017,9.9058
230.481,4.6778,1.2474,5.0000,-82.7856,13.0949
230.531,4.6154,-1.2474,5.0000,-82.7664,10.9151
230.581,4.6778,1.2474,15.0000,0.5161,13.0949
230.631,4.7402,1.2474,15.0000,1.0291,13.2560
230.681,4.6778,-1.2474,15.0000,1.5452,11.0762
230.731,4.6154,-1.2474,15.0000,2.0644,10.9151
230.781,4.6154,0.0000,15.0000,2.5837,11.9244
230.831,4.6154,0.0000,15.0000,3.1029,11.9244
230.881,4.5531,-1.2474,15.0000,3.6252,10.7539
230.931,4.7402,3.7422,15.0000,4.1382,15.2747
230.981,4.6778,-1.2474,15.0000,4.6543,11.0762
231.031,4.6778,0.0000,15.0000,5.1705,12.0855
231.081,4.6778,0.0000,15.0000,5.6866,12.0855
231.131,4.6778,0.0000,15.0000,6.2027,12.0855
231.181,4.6778,0.0000,15.0000,6.7188,12.0855
231.231,4.6778,0.0000,15.0000,7.2349,12.0855
231.281,4.6778,0.0000,15.0000,7.7510,12.0855
231.331,4.8025,2.4948,15.0000,8.2609,14.4265
231.381,4.7402,-1.2474,15.0000,8.7739,11.2374
231.431,4.6778,-1.2474,15.0000,9.2900,11.0762
231.481,4.8025,2.4948,15.0000,9.7999,14.4265
231.531,4.6154,-3.7422,15.0000,10.3191,8.8964
231.581,4.8025,3.7422,15.0000,10.8290,15.4358
231.631,4.7402,-1.2474,15.0000,11.3420,11.2374
231.681,4.8025,1.2474,15.0000,11.8518,13.4171
231.731,4.9273,2.4948,15.0000,12.3555,14.7488
231.781,4.7402,-3.7422,15.0000,12.8685,9.2187
231.831,4.8025,1.2474,15.0000,13.3783,13.4171
231.881,4.9273,2.4948,15.0000,13.8820,14.7488
231.931,4.9273,0.0000,15.0000,14.3856,12.7301
231.981,4.9273,0.0000,15.0000,14.8892,12.7301
232.031,4.9896,1.2474,15.0000,15.3897,13.9006
232.081,5.1768,3.7422,15.0000,15.8809,16.4026
232.131,5.0520,-2.4948,15.0000,16.3783,11.0337
232.181,5.1768,2.4948,15.0000,16.8695,15.3933
232.231,5.1144,-1.2474,15.0000,17.3637,12.2042
232.281,5.1768,1.2474,15.0000,17.8549,14.3840
232.331,5.3015,2.4948,15.0000,18.3398,15.7156
232.381,5.4262,2.4948,15.0000,18.8185,16.0379
232.431,5.5510,2.4948,15.0000,19.2910,16.3602
232.481,5.5510,0.0000,15.0000,19.7634,14.3415
232.531,5.7381,3.7422,15.0000,20.2265,17.8529
232.581,5.9252,3.7422,15.0000,20.6803,18.3363
232.631,5.9876,1.2474,15.0000,21.1309,16.4788
232.681,6.1123,2.4948,15.0000,21.5753,17.8104
232.731,6.2370,2.4948,15.0000,22.0134,18.1327
232.781,6.2370,0.0000,15.0000,22.4516,16.1140
232.831,6.4242,3.7422,15.0000,22.8804,19.6254
232.881,6.4865,1.2474,15.0000,23.3060,17.7679
232.931,6.7360,4.9896,15.0000,23.7192,21.4404
232.981,6.7984,1.2474,15.0000,24.1293,18.5736
233.031,6.9855,3.7422,15.0000,24.5300,21.0757
233.081,7.1726,3.7422,15.0000,24.9214,21.5591
233.131,7.1726,0.0000,15.0000,25.3128,18.5311
233.181,7.4221,4.9896,15.0000,25.6917,23.2130
233.231,7.6092,3.7422,15.0000,26.0612,22.6871
233.281,7.8587,4.9896,15.0000,26.4183,24.3409
233.331,8.0458,3.7422,15.0000,26.7660,23.8150
233.381,8.1081,1.2474,15.0000,27.1106,21.9575
233.431,8.3576,4.9896,15.0000,27.4427,25.6300
233.481,8.4200,1.2474,15.0000,27.7717,22.7632
233.531,8.6071,3.7422,15.0000,28.0913,25.2653
233.581,8.8566,4.9896,15.0000,28.3985,26.9192
233.631,8.9813,2.4948,15.0000,28.6994,25.2228
233.681,9.3555,7.4844,15.0000,28.9817,30.2269
233.731,9.2308,-2.4948,15.0000,29.2701,21.8300
233.781,9.7298,9.9792,15.0000,29.5336,33.2124
233.831,9.7298,0.0000,15.0000,29.7972,25.1378
233.881,9.9169,3.7422,15.0000,30.0513,28.6492
233.931,10.0416,2.4948,15.0000,30.2992,27.9621
233.981,10.2911,4.9896,15.0000,30.5347,30.6254
234.031,10.4158,2.4948,15.0000,30.7639,28.9290
234.081,10.6653,4.9896,15.0000,30.9806,31.5922
234.131,10.6029,-1.2474,15.0000,31.2005,26.3845
234.181,10.7901,3.7422,15.0000,31.4110,30.9052
234.231,10.9772,3.7422,15.0000,31.6121,31.3886
234.281,11.1643,3.7422,15.0000,31.8039,31.8720
234.331,11.2266,1.2474,15.0000,31.9926,30.0145
234.381,11.2266,0.0000,15.0000,32.1812,29.0052
234.431,11.2266,0.0000,15.0000,32.3699,29.0052
234.481,11.6009,7.4844,15.0000,32.5399,36.0279
234.531,11.9751,7.4844,15.0000,32.6911,36.9948
234.581,12.0998,2.4948,15.0000,32.8361,33.2798
234.631,12.0375,-1.2474,15.0000,32.9842,30.0906
234.681,12.2246,3.7422,15.0000,33.1230,34.6113
234.731,12.5988,7.4844,15.0000,33.2431,38.6062
234.781,12.4117,-3.7422,15.0000,33.3725,29.0388
234.831,12.8483,8.7318,15.0000,33.4801,40.2600
234.881,12.4740,-7.4844,15.0000,33.6064,26.1720
234.931,13.0977,12.4740,15.0000,33.7015,43.9326
234.981,12.7235,-7.4844,15.0000,33.8153,26.8166
235.031,12.9730,4.9896,15.0000,33.9167,37.5543
235.081,12.8483,-2.4948,15.0000,34.0242,31.1761
235.131,12.7859,-1.2474,15.0000,34.1350,32.0243
235.181,12.9730,3.7422,15.0000,34.2363,36.5450
235.231,13.2225,4.9896,15.0000,34.3252,38.1989
235.281,13.1601,-1.2474,15.0000,34.4172,32.9911
235.331,13.3472,3.7422,15.0000,34.4998,37.5119
235.381,13.0977,-4.9896,15.0000,34.5949,29.8020
235.431,13.2849,3.7422,15.0000,34.6807,37.3507
235.481,13.0354,-4.9896,15.0000,34.7789,29.6409
235.531,13.1601,2.4948,15.0000,34.8709,36.0191
235.581,13.5967,8.7318,15.0000,34.9411,42.1937
235.631,13.2225,-7.4844,15.0000,35.0299,28.1057
235.681,13.2849,1.2474,15.0000,35.1157,35.3321
235.731,13.0354,-4.9896,15.0000,35.2139,29.6409
235.781,12.9106,-2.4948,15.0000,35.3184,31.3373
235.831,12.7859,-2.4948,15.0000,35.4291,31.0150
235.881,12.9730,3.7422,15.0000,35.5305,36.5450
235.931,12.9106,-1.2474,15.0000,35.6349,32.3466
235.981,12.6612,-4.9896,15.0000,35.7519,28.6741
236.031,12.3493,-6.2370,15.0000,35.8844,26.8590
236.081,12.5364,3.7422,15.0000,36.0076,35.4171
236.131,12.6612,2.4948,15.0000,36.1245,34.7300
236.181,12.4117,-4.9896,15.0000,36.2539,28.0295
236.231,12.2869,-2.4948,15.0000,36.3896,29.7259
236.281,11.9751,-6.2370,15.0000,36.5408,25.8922
236.331,12.2246,4.9896,15.0000,36.6796,35.6207
236.381,12.3493,2.4948,15.0000,36.8121,33.9243
236.431,12.1622,-3.7422,15.0000,36.9540,28.3943
236.481,11.9751,-3.7422,15.0000,37.1053,27.9108
236.531,11.9751,0.0000,15.0000,37.2565,30.9388
236.581,11.6632,-6.2370,15.0000,37.4234,25.0865
236.631,11.8503,3.7422,15.0000,37.5808,33.6445
236.681,11.9127,1.2474,15.0000,37.7352,31.7870
236.731,11.6009,-6.2370,15.0000,37.9052,24.9254
236.781,11.7256,2.4948,15.0000,38.0689,32.3129
236.831,11.7256,0.0000,15.0000,38.2326,30.2943
236.881,11.6009,-2.4948,15.0000,38.4026,27.9534
236.931,11.7880,3.7422,15.0000,38.5632,33.4834
236.981,11.7256,-1.2474,15.0000,38.7269,29.2849
237.031,11.4138,-6.2370,15.0000,38.9062,24.4420
237.081,11.5385,2.4948,15.0000,39.0793,31.8295
237.131,11.6632,2.4948,15.0000,39.2461,32.1518
237.181,11.6009,-1.2474,15.0000,39.4161,28.9627
237.231,11.8503,4.9896,15.0000,39.5735,34.6539
237.281,11.7256,-2.4948,15.0000,39.7373,28.2756
237.331,11.7256,0.0000,15.0000,39.9010,30.2943
237.381,11.7256,0.0000,15.0000,40.0647,30.2943
237.431,11.9127,3.7422,15.0000,40.2191,33.8057
237.481,11.9751,1.2474,15.0000,40.3703,31.9482
237.531,11.6632,-6.2370,15.0000,40.5372,25.0865
237.581,11.8503,3.7422,15.0000,40.6946,33.6445
237.631,11.7256,-2.4948,15.0000,40.8584,28.2756
237.681,11.9127,3.7422,15.0000,41.0127,33.8057
237.731,11.9751,1.2474,15.0000,41.1640,31.9482
237.781,11.9751,0.0000,15.0000,41.3152,30.9388
237.831,11.9751,0.0000,15.0000,41.4665,30.9388
237.881,11.9751,0.0000,15.0000,41.6177,30.9388
237.931,12.1622,3.7422,15.0000,41.7596,34.4502
237.981,12.1622,0.0000,15.0000,41.9015,31.4223
238.031,12.1622,0.0000,15.0000,42.0434,31.4223
238.081,12.2869,2.4948,15.0000,42.1790,33.7632
238.131,12.1622,-2.4948,15.0000,42.3209,29.4036
238.181,12.3493,3.7422,15.0000,42.4535,34.9336
238.231,12.0998,-4.9896,15.0000,42.5985,27.2238
238.281,12.2869,3.7422,15.0000,42.7341,34.7725
238.331,12.0998,-3.7422,15.0000,42.8791,28.2332
238.381,12.0998,0.0000,15.0000,43.0241,31.2611
238.431,12.3493,4.9896,15.0000,43.1567,35.9430
238.481,12.0998,-4.9896,15.0000,43.3017,27.2238
238.531,11.8503,-4.9896,15.0000,43.4592,26.5792
238.581,12.0998,4.9896,15.0000,43.6042,35.2984
238.631,12.1622,1.2474,15.0000,43.7461,32.4316
238.681,11.8503,-6.2370,15.0000,43.9036,25.5699
238.731,12.0375,3.7422,15.0000,44.0517,34.1279
238.781,11.9751,-1.2474,15.0000,44.2029,29.9295
238.831,12.4117,8.7318,15.0000,44.3323,39.1321
238.881,12.2869,-2.4948,15.0000,44.4680,29.7259
238.931,12.1622,-2.4948,15.0000,44.6099,29.4036
238.981,12.2869,2.4948,15.0000,44.7455,33.7632
239.031,12.2246,-1.2474,15.0000,44.8843,30.5741
239.081,12.0375,-3.7422,15.0000,45.0324,28.0720
239.131,12.3493,6.2370,15.0000,45.1650,36.9523
239.181,12.0998,-4.9896,15.0000,45.3100,27.2238
239.231,12.2246,2.4948,15.0000,45.4487,33.6020
239.281,12.1622,-1.2474,15.0000,45.5906,30.4130
239.331,12.3493,3.7422,15.0000,45.7232,34.9336
239.381,12.4117,1.2474,15.0000,45.8526,33.0761
239.431,12.0375,-7.4844,15.0000,46.0007,25.0440
239.481,12.2869,4.9896,15.0000,46.1364,35.7818
239.531,12.4117,2.4948,15.0000,46.2658,34.0855
239.581,12.4117,0.0000,15.0000,46.3952,32.0668
239.631,12.1622,-4.9896,15.0000,46.5371,27.3850
239.681,12.5988,8.7318,15.0000,46.6571,39.6155
239.731,12.4740,-2.4948,15.0000,46.7834,30.2093
239.781,12.1622,-6.2370,15.0000,46.9253,26.3756
239.831,12.4740,6.2370,15.0000,47.0516,37.2746
239.881,12.5364,1.2474,15.0000,47.1748,33.3984
239.931,12.4740,-1.2474,15.0000,47.3011,31.2186
239.981,12.1622,-6.2370,15.0000,47.4430,26.3756
240.031,12.4740,6.2370,15.0000,47.5693,37.2746
240.081,12.6612,3.7422,15.0000,47.6862,35.7393
240.131,12.4117,-4.9896,15.0000,47.8157,28.0295
240.181,12.4740,1.2474,15.0000,47.9420,33.2373
240.231,12.1622,-6.2370,15.0000,48.0839,26.3756
240.281,12.5988,8.7318,15.0000,48.2039,39.6155
240.331,12.3493,-4.9896,15.0000,48.3364,27.8684
240.381,12.2869,-1.2474,15.0000,48.4721,30.7352
240.431,12.5364,4.9896,15.0000,48.5953,36.4264
240.481,12.5364,0.0000,15.0000,48.7185,32.3891
240.531,12.7235,3.7422,15.0000,48.8323,35.9005
240.581,12.5988,-2.4948,15.0000,48.9523,30.5316
240.631,12.8483,4.9896,15.0000,49.0599,37.2321
240.681,12.6612,-3.7422,15.0000,49.1769,29.6834
240.731,12.6612,0.0000,15.0000,49.2938,32.7114
240.781,12.6612,0.0000,15.0000,49.4108,32.7114
240.831,12.8483,3.7422,15.0000,49.5183,36.2227
240.881,12.8483,0.0000,15.0000,49.6259,33.1948
240.931,12.8483,0.0000,15.0000,49.7335,33.1948
240.981,12.9106,1.2474,15.0000,49.8380,34.3652
241.031,12.7859,-2.4948,15.0000,49.9487,31.0150
241.081,12.8483,1.2474,15.0000,50.0563,34.2041
241.131,12.5364,-6.2370,15.0000,50.1794,27.3425
241.181,12.5988,1.2474,15.0000,50.2995,33.5596
241.231,12.4740,-2.4948,15.0000,50.4258,30.2093
241.281,12.8483,7.4844,15.0000,50.5334,39.2507
241.331,12.8483,0.0000,15.0000,50.6410,33.1948
241.381,12.4740,-7.4844,15.0000,50.7673,26.1720
241.431,12.9730,9.9792,15.0000,50.8686,41.5916
241.481,12.8483,-2.4948,15.0000,50.9762,31.1761
241.531,12.6612,-3.7422,15.0000,51.0932,29.6834
241.581,12.5988,-1.2474,15.0000,51.2132,31.5409
241.631,12.5988,0.0000,15.0000,51.3333,32.5502
241.681,12.6612,1.2474,15.0000,51.4502,33.7207
241.731,12.4117,-4.9896,15.0000,51.5796,28.0295
241.781,12.8483,8.7318,15.0000,51.6872,40.2600
241.831,12.8483,0.0000,15.0000,51.7948,33.1948
241.881,12.6612,-3.7422,15.0000,51.9117,29.6834
241.931,12.5364,-2.4948,15.0000,52.0349,30.3704
241.981,12.7235,3.7422,15.0000,52.1487,35.9005
242.031,12.6612,-1.2474,15.0000,52.2657,31.7020
242.081,12.7235,1.2474,15.0000,52.3795,33.8818
242.131,12.5988,-2.4948,15.0000,52.4996,30.5316
242.181,12.6612,1.2474,15.0000,52.6165,33.7207
242.231,12.6612,0.0000,15.0000,52.7334,32.7114
242.281,12.6612,0.0000,15.0000,52.8504,32.7114
242.331,12.4117,-4.9896,15.0000,52.9798,28.0295
242.381,12.7235,6.2370,15.0000,53.0936,37.9191
242.431,12.9730,4.9896,15.0000,53.1950,37.5543
242.481,12.5364,-8.7318,15.0000,53.3182,25.3238
242.531,12.7235,3.7422,15.0000,53.4320,35.9005
242.581,12.5364,-3.7422,15.0000,53.5552,29.3611
242.631,12.9106,7.4844,15.0000,53.6596,39.4119
242.681,12.5988,-6.2370,15.0000,53.7797,27.5036
242.731,12.8483,4.9896,15.0000,53.8873,37.2321
242.781,12.7859,-1.2474,15.0000,53.9980,32.0243
242.831,12.6612,-2.4948,15.0000,54.1149,30.6927
242.881,12.9106,4.9896,15.0000,54.2194,37.3932
242.931,12.7235,-3.7422,15.0000,54.3332,29.8445
242.981,12.7859,1.2474,15.0000,54.4439,34.0430
243.031,12.6612,-2.4948,15.0000,54.5609,30.6927
243.081,12.4740,-3.7422,15.0000,54.6872,29.2000
243.131,12.9106,8.7318,15.0000,54.7916,40.4212
243.181,12.7859,-2.4948,15.0000,54.9023,31.0150
243.231,12.5988,-3.7422,15.0000,55.0224,29.5222
243.281,12.5988,0.0000,15.0000,55.1425,32.5502
243.331,12.9730,7.4844,15.0000,55.2438,39.5730
243.381,12.9106,-1.2474,15.0000,55.3483,32.3466
243.431,12.9106,0.0000,15.0000,55.4527,33.3559
243.481,12.9106,0.0000,15.0000,55.5572,33.3559
243.531,12.8483,-1.2474,15.0000,55.6648,32.1854
243.581,12.9106,1.2474,15.0000,55.7693,34.3652
243.631,12.9106,0.0000,15.0000,55.8737,33.3559
243.681,13.1601,4.9896,15.0000,55.9657,38.0378
243.731,12.8483,-6.2370,15.0000,56.0733,28.1481
243.781,12.6612,-3.7422,15.0000,56.1903,29.6834
243.831,13.0354,7.4844,15.0000,56.2885,39.7341
243.881,13.0977,1.2474,15.0000,56.3836,34.8487
243.931,12.9730,-2.4948,15.0000,56.4850,31.4984
243.981,12.9106,-1.2474,15.0000,56.5894,32.3466
244.031,12.8483,-1.2474,15.0000,56.6970,32.1854
244.081,12.7859,-1.2474,15.0000,56.8077,32.0243
244.131,13.0977,6.2370,15.0000,56.9028,38.8860
244.181,13.0977,0.0000,15.0000,56.9979,33.8393
244.231,13.0977,0.0000,15.0000,57.0931,33.8393
244.281,12.9730,-2.4948,15.0000,57.1944,31.4984
244.331,13.1601,3.7422,15.0000,57.2864,37.0284
244.381,13.3472,3.7422,15.0000,57.3690,37.5119
244.431,13.0977,-4.9896,15.0000,57.4642,29.8020
244.481,13.1601,1.2474,15.0000,57.5562,35.0098
244.531,13.2225,1.2474,15.0000,57.6450,35.1709
244.581,13.2225,0.0000,15.0000,57.7339,34.1616
244.631,13.3472,2.4948,15.0000,57.8165,36.5025
244.681,13.4096,1.2474,15.0000,57.8961,35.6544
244.731,13.2225,-3.7422,15.0000,57.9849,31.1336
244.781,12.9730,-4.9896,15.0000,58.0863,29.4798
244.831,13.5343,11.2266,15.0000,58.1596,44.0512
244.881,13.7838,4.9896,15.0000,58.2204,39.6492
244.931,13.8462,1.2474,15.0000,58.2781,36.7823
244.981,14.0333,3.7422,15.0000,58.3264,39.2844
245.031,14.0957,1.2474,15.0000,58.3716,37.4269
245.081,13.8462,-4.9896,15.0000,58.4293,31.7357
245.131,13.7838,-1.2474,15.0000,58.4901,34.6025
245.181,13.9709,3.7422,15.0000,58.5416,39.1233
245.231,14.1580,3.7422,15.0000,58.5837,39.6067
245.281,14.1580,0.0000,15.0000,58.6258,36.5787
245.331,14.2828,2.4948,15.0000,58.6616,38.9196
245.381,14.3451,1.2474,15.0000,58.6944,38.0715
245.431,14.0957,-4.9896,15.0000,58.7396,32.3802
245.481,14.3451,4.9896,15.0000,58.7723,41.0994
245.531,13.9709,-7.4844,15.0000,58.8238,30.0393
245.581,13.7838,-3.7422,15.0000,58.8846,32.5839
245.631,14.4075,12.4740,15.0000,58.9142,47.3165
245.681,14.4699,1.2474,15.0000,58.9407,38.3937
245.731,14.4075,-1.2474,15.0000,58.9704,36.2139
245.781,14.3451,-1.2474,15.0000,59.0031,36.0528
245.831,14.7194,7.4844,15.0000,59.0171,44.0849
245.881,14.1580,-11.2266,15.0000,59.0592,27.4948
245.931,14.2828,2.4948,15.0000,59.0951,38.9196
245.981,14.0333,-4.9896,15.0000,59.1434,32.2191
246.031,14.3451,6.2370,15.0000,59.1762,42.1088
246.081,14.0333,-6.2370,15.0000,59.2245,31.2098
246.131,14.1580,2.4948,15.0000,59.2666,38.5973
246.181,14.2204,1.2474,15.0000,59.3056,37.7492
246.231,14.4075,3.7422,15.0000,59.3352,40.2512
246.281,14.2828,-2.4948,15.0000,59.3711,34.8824
246.331,14.0333,-4.9896,15.0000,59.4194,32.2191
246.381,14.1580,2.4948,15.0000,59.4615,38.5973
246.431,13.7214,-8.7318,15.0000,59.5254,28.3855
246.481,13.7214,0.0000,15.0000,59.5894,35.4507
246.531,14.4699,14.9688,15.0000,59.6159,49.4963
246.581,13.8462,-12.4740,15.0000,59.6736,25.6798
246.631,14.3451,9.9792,15.0000,59.7063,45.1367
246.681,14.4699,2.4948,15.0000,59.7328,39.4030
246.731,14.0957,-7.4844,15.0000,59.7780,30.3616
246.781,14.2828,3.7422,15.0000,59.8139,39.9290
246.831,14.3451,1.2474,15.0000,59.8466,38.0715
246.881,14.0957,-4.9896,15.0000,59.8919,32.3802
246.931,14.2828,3.7422,15.0000,59.9277,39.9290
246.981,14.2204,-1.2474,15.0000,59.9667,35.7305
247.031,14.1580,-1.2474,15.0000,60.0088,35.5694
247.081,14.2204,1.2474,15.0000,60.0478,37.7492
247.131,14.3451,2.4948,15.0000,60.0805,39.0808
247.181,14.2204,-2.4948,15.0000,60.1195,34.7212
247.231,14.5946,7.4844,15.0000,60.1398,43.7626
247.281,14.4075,-3.7422,15.0000,60.1694,34.1953
247.331,13.7838,-12.4740,15.0000,60.2302,25.5186
247.381,14.6570,17.4636,15.0000,60.2474,51.9984
247.431,14.4075,-4.9896,15.0000,60.2770,33.1859
247.481,14.2204,-3.7422,15.0000,60.3160,33.7119
247.531,14.3451,2.4948,15.0000,60.3487,39.0808
247.581,14.0957,-4.9896,15.0000,60.3939,32.3802
247.631,13.9709,-2.4948,15.0000,60.4454,34.0766
247.681,13.9709,0.0000,15.0000,60.4968,36.0953
247.731,14.4699,9.9792,15.0000,60.5233,45.4590
247.781,14.0957,-7.4844,15.0000,60.5686,30.3616
247.831,14.5323,8.7318,15.0000,60.5919,44.6108
247.881,14.4075,-2.4948,15.0000,60.6216,35.2046
247.931,14.4699,1.2474,15.0000,60.6481,38.3937
247.981,14.4699,0.0000,15.0000,60.6746,37.3844
248.031,14.4699,0.0000,15.0000,60.7011,37.3844
248.081,14.3451,-2.4948,15.0000,60.7338,35.0435
248.131,14.5323,3.7422,15.0000,60.7572,40.5735
248.181,14.2204,-6.2370,15.0000,60.7962,31.6932
248.231,14.0957,-2.4948,15.0000,60.8414,34.3989
248.281,14.3451,4.9896,15.0000,60.8741,41.0994
248.331,14.2828,-1.2474,15.0000,60.9100,35.8917
248.381,14.4699,3.7422,15.0000,60.9365,40.4124
248.431,14.0957,-7.4844,15.0000,60.9817,30.3616
248.481,14.4699,7.4844,15.0000,61.0082,43.4403
248.531,14.5946,2.4948,15.0000,61.0285,39.7253
248.581,14.2204,-7.4844,15.0000,61.0675,30.6839
248.631,14.4699,4.9896,15.0000,61.0940,41.4217
248.681,14.7817,6.2370,15.0000,61.1049,43.2367
248.731,14.3451,-8.7318,15.0000,61.1376,29.9969
248.781,14.0957,-4.9896,15.0000,61.1829,32.3802
248.831,14.0957,0.0000,15.0000,61.2281,36.4176
248.881,14.3451,4.9896,15.0000,61.2608,41.0994
248.931,14.5323,3.7422,15.0000,61.2842,40.5735
248.981,14.2828,-4.9896,15.0000,61.3201,32.8637
249.031,14.1580,-2.4948,15.0000,61.3622,34.5600
249.081,14.0333,-2.4948,15.0000,61.4105,34.2378
249.131,13.9709,-1.2474,15.0000,61.4620,35.0860
249.181,14.0333,1.2474,15.0000,61.5103,37.2658
249.231,14.5323,9.9792,15.0000,61.5337,45.6201
249.281,14.0957,-8.7318,15.0000,61.5789,29.3523
249.331,14.3451,4.9896,15.0000,61.6116,41.0994
249.381,14.0333,-6.2370,15.0000,61.6600,31.2098
249.431,13.7838,-4.9896,15.0000,61.7208,31.5746
249.481,14.2204,8.7318,15.0000,61.7598,43.8051
249.531,14.0957,-2.4948,15.0000,61.8050,34.3989
249.581,14.5323,8.7318,15.0000,61.8284,44.6108
249.631,14.2828,-4.9896,15.0000,61.8642,32.8637
249.681,14.0333,-4.9896,15.0000,61.9126,32.2191
249.731,14.2204,3.7422,15.0000,61.9515,39.7678
249.781,13.8462,-7.4844,15.0000,62.0092,29.7171
249.831,14.0333,3.7422,15.0000,62.0576,39.2844
249.881,13.9709,-1.2474,15.0000,62.1090,35.0860
249.931,14.5323,11.2266,15.0000,62.1324,46.6295
249.981,14.4699,-1.2474,15.0000,62.1589,36.3751
250.031,14.2204,-4.9896,15.0000,62.1979,32.7026
250.081,14.4075,3.7422,15.0000,62.2275,40.2512
250.131,14.3451,-1.2474,15.0000,62.2603,36.0528
250.181,14.0957,-4.9896,15.0000,62.3055,32.3802
250.231,14.2204,2.4948,15.0000,62.3445,38.7585
250.281,14.5323,6.2370,15.0000,62.3678,42.5922
250.331,14.2204,-6.2370,15.0000,62.4068,31.6932
250.381,14.7817,11.2266,15.0000,62.4177,47.2740
250.431,14.0957,-13.7214,15.0000,62.4629,25.3150
250.481,14.2204,2.4948,15.0000,62.5019,38.7585
250.531,14.2828,1.2474,15.0000,62.5378,37.9103
250.581,14.2828,0.0000,15.0000,62.5736,36.9010
250.631,14.1580,-2.4948,15.0000,62.6157,34.5600
250.681,14.4075,4.9896,15.0000,62.6454,41.2605
250.731,14.4075,0.0000,15.0000,62.6750,37.2233
250.781,14.2204,-3.7422,15.0000,62.7140,33.7119
250.831,14.1580,-1.2474,15.0000,62.7561,35.5694
250.881,14.4075,4.9896,15.0000,62.7857,41.2605
250.931,14.2204,-3.7422,15.0000,62.8247,33.7119
250.981,14.4075,3.7422,15.0000,62.8543,40.2512
251.031,14.3451,-1.2474,15.0000,62.8871,36.0528
251.081,14.4075,1.2474,15.0000,62.9167,38.2326
251.131,14.3451,-1.2474,15.0000,62.9494,36.0528
251.181,14.2204,-2.4948,15.0000,62.9884,34.7212
251.231,14.3451,2.4948,15.0000,63.0211,39.0808
251.281,14.1580,-3.7422,15.0000,63.0632,33.5507
251.331,14.0957,-1.2474,15.0000,63.1085,35.4082
251.381,13.9709,-2.4948,15.0000,63.1599,34.0766
251.431,14.6570,13.7214,15.0000,63.1771,48.9704
251.481,14.4699,-3.7422,15.0000,63.2036,34.3564
251.531,14.5323,1.2474,15.0000,63.2270,38.5549
251.581,13.9709,-11.2266,15.0000,63.2784,27.0114
251.631,14.7194,14.9688,15.0000,63.2924,50.1409
251.681,14.2828,-8.7318,15.0000,63.3283,29.8357
251.731,14.1580,-2.4948,15.0000,63.3704,34.5600
251.781,14.5323,7.4844,15.0000,63.3938,43.6015
251.831,14.4075,-2.4948,15.0000,63.4234,35.2046
251.881,14.5323,2.4948,15.0000,63.4468,39.5642
251.931,14.5946,1.2474,15.0000,63.4671,38.7160
251.981,14.5323,-1.2474,15.0000,63.4905,36.5362
252.031,14.5323,0.0000,15.0000,63.5138,37.5455
252.081,14.7194,3.7422,15.0000,63.5279,41.0569
252.131,14.4075,-6.2370,15.0000,63.5575,32.1766
252.181,14.2204,-3.7422,15.0000,63.5965,33.7119
252.231,14.3451,2.4948,15.0000,63.6292,39.0808
252.281,14.3451,0.0000,15.0000,63.6620,37.0621
252.331,14.4699,2.4948,15.0000,63.6885,39.4030
252.381,14.2828,-3.7422,15.0000,63.7243,33.8730
252.431,14.0333,-4.9896,15.0000,63.7727,32.2191
252.481,14.4075,7.4844,15.0000,63.8023,43.2792
252.531,14.3451,-1.2474,15.0000,63.8350,36.0528
252.581,14.5323,3.7422,15.0000,63.8584,40.5735
252.631,14.0957,-8.7318,15.0000,63.9036,29.3523
252.681,14.1580,1.2474,15.0000,63.9457,37.5880
252.731,14.0957,-1.2474,15.0000,63.9909,35.4082
252.781,14.5946,9.9792,15.0000,64.0112,45.7813
252.831,14.4075,-3.7422,15.0000,64.0408,34.1953
252.881,14.3451,-1.2474,15.0000,64.0736,36.0528
252.931,14.5323,3.7422,15.0000,64.0970,40.5735
252.981,14.5946,1.2474,15.0000,64.1172,38.7160
253.031,13.9709,-12.4740,15.0000,64.1687,26.0020
253.081,14.6570,13.7214,15.0000,64.1858,48.9704
253.131,14.5946,-1.2474,15.0000,64.2061,36.6973
253.181,14.2204,-7.4844,15.0000,64.2451,30.6839
253.231,14.6570,8.7318,15.0000,64.2622,44.9331
253.281,14.3451,-6.2370,15.0000,64.2950,32.0155
253.331,14.2828,-1.2474,15.0000,64.3309,35.8917
253.381,14.9065,12.4740,15.0000,64.3355,48.6056
253.431,14.3451,-11.2266,15.0000,64.3683,27.9782
253.481,14.7817,8.7318,15.0000,64.3792,45.2554
253.531,14.6570,-2.4948,15.0000,64.3963,35.8492
253.581,15.1560,9.9792,15.0000,64.3885,47.2315
253.631,15.0312,-2.4948,15.0000,64.3870,36.8160
253.681,15.0936,1.2474,15.0000,64.3823,40.0051
253.731,15.1560,1.2474,15.0000,64.3745,40.1663
253.781,14.8441,-6.2370,15.0000,64.3823,33.3046
253.831,14.7817,-1.2474,15.0000,64.3932,37.1808
253.881,15.0936,6.2370,15.0000,64.3885,44.0424
253.931,15.0936,0.0000,15.0000,64.3838,38.9958
253.981,15.2807,3.7422,15.0000,64.3698,42.5072
254.031,15.0312,-4.9896,15.0000,64.3683,34.7973
254.081,15.3431,6.2370,15.0000,64.3511,44.6870
254.131,15.4054,1.2474,15.0000,64.3308,40.8108
254.181,15.0936,-6.2370,15.0000,64.3261,33.9492
254.231,15.5302,8.7318,15.0000,64.2996,47.1891
254.281,15.5302,0.0000,15.0000,64.2731,40.1238
254.331,15.4054,-2.4948,15.0000,64.2529,37.7828
254.381,15.6549,4.9896,15.0000,64.2201,44.4833
254.431,15.7797,2.4948,15.0000,64.1811,42.7870
254.481,15.7797,0.0000,15.0000,64.1421,40.7683
254.531,15.4054,-7.4844,15.0000,64.1219,33.7455
254.581,15.8420,8.7318,15.0000,64.0798,47.9947
254.631,15.5302,-6.2370,15.0000,64.0533,35.0771
254.681,15.5925,1.2474,15.0000,64.0236,41.2942
254.731,15.7173,2.4948,15.0000,63.9878,42.6258
254.781,15.7173,0.0000,15.0000,63.9519,40.6072
254.831,15.9044,3.7422,15.0000,63.9067,44.1186
254.881,16.2162,6.2370,15.0000,63.8459,46.9429
254.931,15.8420,-7.4844,15.0000,63.8038,34.8735
254.981,16.0291,3.7422,15.0000,63.7523,44.4409
255.031,15.7173,-6.2370,15.0000,63.7165,35.5605
255.081,16.3410,12.4740,15.0000,63.6494,52.3118
255.131,16.4657,2.4948,15.0000,63.5761,44.5595
255.181,16.1539,-6.2370,15.0000,63.5184,36.6885
255.231,16.4034,4.9896,15.0000,63.4483,46.4170
255.281,15.6549,-14.9688,15.0000,63.4155,28.3341
255.331,16.2162,11.2266,15.0000,63.3547,50.9802
255.381,16.2786,1.2474,15.0000,63.2908,43.0667
255.431,16.1539,-2.4948,15.0000,63.2331,39.7165
255.481,16.1539,0.0000,15.0000,63.1754,41.7352
255.531,16.4034,4.9896,15.0000,63.1052,46.4170
255.581,16.2786,-2.4948,15.0000,63.0413,40.0388
255.631,16.3410,1.2474,15.0000,62.9742,43.2279
255.681,16.2162,-2.4948,15.0000,62.9134,39.8777
255.731,16.0915,-2.4948,15.0000,62.8588,39.5554
255.781,16.6528,11.2266,15.0000,62.7762,52.1082
255.831,15.7173,-18.7110,15.0000,62.7403,25.4673
255.881,16.4657,14.9688,15.0000,62.6671,54.6528
255.931,16.1539,-6.2370,15.0000,62.6094,36.6885
255.981,16.0291,-2.4948,15.0000,62.5579,39.3942
256.031,16.6528,12.4740,15.0000,62.4753,53.1175
256.081,16.7152,1.2474,15.0000,62.3895,44.1947
256.131,16.5905,-2.4948,15.0000,62.3100,40.8445
256.181,16.3410,-4.9896,15.0000,62.2429,38.1813
256.231,16.3410,0.0000,15.0000,62.1759,42.2186
256.281,16.4657,2.4948,15.0000,62.1026,44.5595
256.331,16.9023,8.7318,15.0000,62.0075,50.7341
256.381,17.0894,3.7422,15.0000,61.9030,47.1802
256.431,17.2765,3.7422,15.0000,61.7892,47.6637
256.481,17.0894,-3.7422,15.0000,61.6847,41.1243
256.531,16.3410,-14.9688,15.0000,61.6177,30.1067
256.581,17.0271,13.7214,15.0000,61.5163,55.0937
256.631,17.0271,0.0000,15.0000,61.4150,43.9911
256.681,16.5905,-8.7318,15.0000,61.3354,35.7979
256.731,17.0271,8.7318,15.0000,61.2341,51.0564
256.781,16.9647,-1.2474,15.0000,61.1358,42.8206
256.831,17.5260,11.2266,15.0000,61.0095,54.3642
256.881,17.1518,-7.4844,15.0000,60.9020,38.2574
256.931,16.9647,-3.7422,15.0000,60.8037,40.8020
256.981,17.2142,4.9896,15.0000,60.6930,48.5118
257.031,17.3389,2.4948,15.0000,60.5761,46.8155
257.081,18.1497,16.2162,15.0000,60.4186,60.0128
257.131,17.8379,-6.2370,15.0000,60.2767,41.0393
257.181,17.7131,-2.4948,15.0000,60.1410,43.7450
257.231,17.5884,-2.4948,15.0000,60.0116,43.4227
257.281,18.2745,13.7214,15.0000,59.8479,58.3165
257.331,17.5260,-14.9688,15.0000,59.7216,33.1683
257.381,17.9002,7.4844,15.0000,59.5766,52.3030
257.431,17.7755,-2.4948,15.0000,59.4378,43.9061
257.481,16.8399,-18.7110,15.0000,59.3458,28.3678
257.531,17.7131,17.4636,15.0000,59.2101,59.8942
257.581,17.0894,-12.4740,15.0000,59.1057,34.0590
257.631,17.4636,7.4844,15.0000,58.9825,51.1751
257.681,17.5260,1.2474,15.0000,58.8562,46.2895
257.731,17.4636,-1.2474,15.0000,58.7330,44.1098
257.781,17.5260,1.2474,15.0000,58.6067,46.2895
257.831,18.0873,11.2266,15.0000,58.4524,55.8144
257.881,17.4636,-12.4740,15.0000,58.3292,35.0258
257.931,17.3389,-2.4948,15.0000,58.2122,42.7781
257.981,17.3389,0.0000,15.0000,58.0953,44.7968
258.031,17.3389,0.0000,15.0000,57.9783,44.7968
258.081,17.4636,2.4948,15.0000,57.8552,47.1377
258.131,19.1476,33.6798,15.0000,57.6478,76.7216
258.181,17.5884,-31.1850,15.0000,57.5184,20.2082
258.231,17.7755,3.7422,15.0000,57.3796,48.9528
258.281,17.7755,0.0000,15.0000,57.2408,45.9248
258.331,17.1518,-12.4740,15.0000,57.1332,34.2201
258.381,17.9002,14.9688,15.0000,56.9882,58.3590
258.431,18.8358,18.7110,15.0000,56.7964,63.8040
258.481,18.3992,-8.7318,15.0000,56.6265,40.4709
258.531,17.7131,-13.7214,15.0000,56.4908,34.6610
258.581,17.5260,-3.7422,15.0000,56.3645,42.2523
258.631,17.7755,4.9896,15.0000,56.2257,49.9621
258.681,18.8358,21.2058,15.0000,56.0339,65.8227
258.731,17.9626,-17.4636,15.0000,55.8858,32.2776
258.781,17.9626,0.0000,15.0000,55.7377,46.4082
258.831,17.4636,-9.9792,15.0000,55.6145,37.0445
258.881,18.2121,14.9688,15.0000,55.4539,59.1646
258.931,17.7131,-9.9792,15.0000,55.3182,37.6890
258.981,18.1497,8.7318,15.0000,55.1608,53.9569
259.031,17.7131,-8.7318,15.0000,55.0251,38.6984
259.081,17.7755,1.2474,15.0000,54.8863,46.9341
259.131,17.7755,0.0000,15.0000,54.7475,45.9248
259.181,17.8379,1.2474,15.0000,54.6057,47.0952
259.231,17.5260,-6.2370,15.0000,54.4794,40.2336
259.281,17.6508,2.4948,15.0000,54.3468,47.6212
259.331,16.5905,-21.2058,15.0000,54.2673,25.7046
259.381,17.9002,26.1954,15.0000,54.1223,67.4429
259.431,17.4636,-8.7318,15.0000,53.9991,38.0538
259.481,18.0873,12.4740,15.0000,53.8447,56.8237
259.531,17.3389,-14.9688,15.0000,53.7278,32.6849
259.581,17.3389,0.0000,15.0000,53.6108,44.7968
259.631,16.9647,-7.4844,15.0000,53.5126,37.7740
259.681,17.9002,18.7111,15.0000,53.3676,61.3870
259.731,17.4636,-8.7318,15.0000,53.2444,38.0538
259.781,16.5905,-17.4636,15.0000,53.1649,28.7325
259.831,16.4034,-3.7422,15.0000,53.0947,39.3518
259.881,17.5884,23.7006,15.0000,52.9653,64.6185
259.931,16.8399,-14.9688,15.0000,52.8733,31.3958
259.981,16.5281,-6.2370,15.0000,52.7969,37.6554
260.031,17.1518,12.4740,15.0000,52.6893,54.4066
260.081,17.2142,1.2474,15.0000,52.5786,45.4839
260.131,16.4657,-14.9688,15.0000,52.5053,30.4290
260.181,16.2786,-3.7422,15.0000,52.4414,39.0294
260.231,17.0271,14.9688,15.0000,52.3400,56.1030
260.281,16.7152,-6.2370,15.0000,52.2543,38.1388
260.331,16.9647,4.9896,15.0000,52.1560,47.8673
260.381,16.3410,-12.4740,15.0000,52.0890,32.1253
260.431,16.8399,9.9792,15.0000,51.9970,51.5823
260.481,16.2162,-12.4740,15.0000,51.9362,31.8031
260.531,16.2786,1.2474,15.0000,51.8723,43.0667
260.581,16.7152,8.7318,15.0000,51.7865,50.2507
260.631,16.5905,-2.4948,15.0000,51.7070,40.8445
260.681,16.4034,-3.7422,15.0000,51.6368,39.3518
260.731,15.9668,-8.7318,15.0000,51.5885,34.1865
260.781,16.2786,6.2370,15.0000,51.5245,47.1041
260.831,16.2786,0.0000,15.0000,51.4606,42.0574
260.881,16.1539,-2.4948,15.0000,51.4029,39.7165
260.931,16.2162,1.2474,15.0000,51.3421,42.9056
260.981,16.2162,0.0000,15.0000,51.2813,41.8963
261.031,15.7173,-9.9792,15.0000,51.2454,32.5326
261.081,16.4034,13.7214,15.0000,51.1752,53.4823
261.131,15.9668,-8.7318,15.0000,51.1269,34.1865
261.181,15.9668,0.0000,15.0000,51.0786,41.2517
261.231,15.7797,-3.7422,15.0000,51.0396,37.7403
261.281,15.6549,-2.4948,15.0000,51.0068,38.4274
261.331,15.6549,0.0000,15.0000,50.9741,40.4460
261.381,15.6549,0.0000,15.0000,50.9413,40.4460
261.431,16.1539,9.9792,15.0000,50.8837,49.8098
261.481,15.4054,-14.9688,15.0000,50.8634,27.6896
261.531,15.0936,-6.2370,15.0000,50.8587,33.9492
261.581,15.7797,13.7214,15.0000,50.8197,51.8709
261.631,15.7797,0.0000,15.0000,50.7807,40.7683
261.681,15.5302,-4.9896,15.0000,50.7542,36.0865
261.731,15.1560,-7.4844,15.0000,50.7464,33.1010
261.781,15.0936,-1.2474,15.0000,50.7417,37.9865
261.831,15.2183,2.4948,15.0000,50.7308,41.3367
261.881,14.6570,-11.2266,15.0000,50.7480,28.7839
261.931,14.7817,2.4948,15.0000,50.7589,40.2087
261.981,15.0312,4.9896,15.0000,50.7573,42.8719
262.031,14.6570,-7.4844,15.0000,50.7745,31.8119
262.081,14.7194,1.2474,15.0000,50.7885,39.0383
262.131,15.0936,7.4844,15.0000,50.7838,45.0517
262.181,14.9688,-2.4948,15.0000,50.7854,36.6549
262.231,15.1560,3.7422,15.0000,50.7776,42.1849
262.281,14.7194,-8.7318,15.0000,50.7916,30.9637
262.331,14.9688,4.9896,15.0000,50.7932,42.7108
262.381,15.0312,1.2474,15.0000,50.7916,39.8439
262.431,14.7817,-4.9896,15.0000,50.8025,34.1528
262.481,14.9688,3.7422,15.0000,50.8041,41.7015
262.531,15.0312,1.2474,15.0000,50.8025,39.8439
262.581,14.9065,-2.4948,15.0000,50.8072,36.4937
