tempo_s,posicao_cm,velocidade_cms,x_ref_cm,e_int,u_K
25.827,2.2454,-16.2162,15.0000,0.6377,-7.3201
25.877,3.3057,21.2058,15.0000,1.2224,25.6990
25.927,3.5551,4.9896,15.0000,1.7947,13.2223
25.977,4.4283,17.4636,15.0000,2.3233,25.5715
26.027,4.9273,9.9792,15.0000,2.8269,20.8047
26.077,5.3015,7.4844,15.0000,3.3118,19.7529
26.127,5.6757,7.4844,15.0000,3.7781,20.7197
26.177,6.0499,7.4844,15.0000,4.2256,21.6865
26.227,6.4242,7.4844,15.0000,4.6543,22.6534
26.277,6.9231,9.9792,15.0000,5.0582,25.9612
26.327,7.1726,4.9896,15.0000,5.4496,22.5684
26.377,7.4221,4.9896,15.0000,5.8285,23.2130
26.427,7.9834,11.2266,15.0000,6.1793,29.7098
26.477,8.1081,2.4948,15.0000,6.5239,22.9669
26.527,8.3576,4.9896,15.0000,6.8560,25.6300
26.577,8.5447,3.7422,15.0000,7.1788,25.1041
26.627,8.6695,2.4948,15.0000,7.4953,24.4171
26.677,8.6695,0.0000,15.0000,7.8118,22.3985
26.727,8.8566,3.7422,15.0000,8.1190,25.9098
26.777,8.9813,2.4948,15.0000,8.4199,25.2228
26.827,8.8566,-2.4948,15.0000,8.7271,20.8632
26.877,8.9190,1.2474,15.0000,9.0311,24.0523
26.927,8.9190,0.0000,15.0000,9.3352,23.0430
26.977,8.6695,-4.9896,15.0000,9.6517,18.3612
27.027,8.6071,-1.2474,15.0000,9.9714,21.2280
27.077,8.5447,-1.2474,15.0000,10.2941,21.0668
27.127,8.3576,-3.7422,15.0000,10.6262,18.5648
27.177,8.3576,0.0000,15.0000,10.9584,21.5928
27.227,8.1705,-3.7422,15.0000,11.2998,18.0814
27.277,8.1081,-1.2474,15.0000,11.6444,19.9389
27.327,7.8587,-4.9896,15.0000,12.0015,16.2663
27.377,7.6716,-3.7422,15.0000,12.3679,16.7923
27.427,7.5468,-2.4948,15.0000,12.7406,17.4793
27.477,7.2350,-6.2370,15.0000,13.1288,13.6456
27.527,6.9231,-6.2370,15.0000,13.5327,12.8399
27.577,6.7360,-3.7422,15.0000,13.9459,14.3752
27.627,6.4242,-6.2370,15.0000,14.3747,11.5508
27.677,6.2370,-3.7422,15.0000,14.8128,13.0860
27.727,5.9252,-6.2370,15.0000,15.2666,10.2617
27.777,5.7381,-3.7422,15.0000,15.7296,11.7969
27.827,5.4262,-6.2370,15.0000,16.2083,8.9726
27.877,5.1768,-4.9896,15.0000,16.6995,9.3374
27.927,5.1144,-1.2474,15.0000,17.1938,12.2042
27.977,4.6154,-9.9792,15.0000,17.7130,3.8498
28.027,4.3036,-6.2370,15.0000,18.2478,6.0721
28.077,4.1165,-3.7422,15.0000,18.7920,7.6073
28.127,3.8670,-4.9896,15.0000,19.3487,5.9534
28.177,3.7422,-2.4948,15.0000,19.9115,7.6498
28.227,3.5551,-3.7422,15.0000,20.4838,6.1571
28.277,3.2433,-6.2370,15.0000,21.0716,3.3327
28.327,2.9314,-6.2370,15.0000,21.6751,2.5270
28.377,2.7443,-3.7422,15.0000,22.2878,4.0623
28.427,3.1185,7.4844,15.0000,22.8819,14.1130
28.477,3.1809,1.2474,15.0000,23.4729,9.2275
28.527,3.1185,-1.2474,15.0000,24.0669,7.0477
28.577,2.9314,-3.7422,15.0000,24.6704,4.5457
28.627,3.0562,2.4948,15.0000,25.2676,9.9146
28.677,3.0562,0.0000,15.0000,25.8648,7.8959
28.727,3.1809,2.4948,15.0000,26.4557,10.2369
28.777,2.7443,-8.7318,15.0000,27.0685,0.0250
28.827,2.8691,2.4948,15.0000,27.6750,9.4312
28.877,2.8067,-1.2474,15.0000,28.2847,6.2420
28.927,3.1809,7.4844,15.0000,28.8757,14.2742
28.977,3.0562,-2.4948,15.0000,29.4729,5.8773
29.027,3.1185,1.2474,15.0000,30.0669,9.0664
29.077,2.9938,-2.4948,15.0000,30.6672,5.7161
29.127,3.1185,2.4948,15.0000,31.2613,10.0757
29.177,3.1809,1.2474,15.0000,31.8523,9.2275
29.227,3.2433,1.2474,15.0000,32.4401,9.3887
29.277,3.2433,0.0000,15.0000,33.0279,8.3793
29.327,3.3057,1.2474,15.0000,33.6127,9.5498
29.377,2.8691,-8.7318,15.0000,34.2192,0.3472
29.427,2.9938,2.4948,15.0000,34.8195,9.7534
29.477,3.1185,2.4948,15.0000,35.4136,10.0757
29.527,3.4304,6.2370,15.0000,35.9921,13.9094
29.577,3.6175,3.7422,15.0000,36.5612,12.3742
29.627,3.8046,3.7422,15.0000,37.1210,12.8576
29.677,4.1165,6.2370,15.0000,37.6651,15.6819
29.727,4.0541,-1.2474,15.0000,38.2124,9.4648
29.777,4.4907,8.7318,15.0000,38.7379,18.6674
29.827,4.5531,1.2474,15.0000,39.2602,12.7726
29.877,4.9896,8.7318,15.0000,39.7608,19.9565
29.927,5.2391,4.9896,15.0000,40.2488,17.5731
29.977,5.3639,2.4948,15.0000,40.7306,15.8767
30.027,5.4886,2.4948,15.0000,41.2062,16.1990
30.077,5.6757,3.7422,15.0000,41.6724,17.6918
30.127,5.9252,4.9896,15.0000,42.1261,19.3456
30.177,6.0499,2.4948,15.0000,42.5736,17.6493
30.227,6.3618,6.2370,15.0000,43.0055,21.4829
30.277,6.5489,3.7422,15.0000,43.4281,19.9477
30.327,6.8607,6.2370,15.0000,43.8351,22.7720
30.377,7.1102,4.9896,15.0000,44.2296,22.4073
30.427,7.1726,1.2474,15.0000,44.6209,19.5404
30.477,7.3597,3.7422,15.0000,45.0029,22.0425
30.527,7.6092,4.9896,15.0000,45.3725,23.6964
30.577,7.7339,2.4948,15.0000,45.7358,22.0000
30.627,8.0458,6.2370,15.0000,46.0835,25.8337
30.677,8.2329,3.7422,15.0000,46.4218,24.2985
30.727,8.2329,0.0000,15.0000,46.7602,21.2705
30.777,8.4200,3.7422,15.0000,47.0892,24.7819
30.827,8.6071,3.7422,15.0000,47.4089,25.2653
30.877,8.6071,0.0000,15.0000,47.7285,22.2373
30.927,8.9190,6.2370,15.0000,48.0325,28.0896
30.977,8.9813,1.2474,15.0000,48.3335,24.2135
31.027,9.0437,1.2474,15.0000,48.6313,24.3746
31.077,9.2308,3.7422,15.0000,48.9198,26.8767
31.127,9.4179,3.7422,15.0000,49.1989,27.3601
31.177,9.3555,-1.2474,15.0000,49.4811,23.1617
31.227,9.4803,2.4948,15.0000,49.7571,26.5119
31.277,9.4803,0.0000,15.0000,50.0331,24.4933
31.327,9.5427,1.2474,15.0000,50.3059,25.6637
31.377,9.6674,2.4948,15.0000,50.5725,26.9953
31.427,9.5427,-2.4948,15.0000,50.8454,22.6357
31.477,9.7298,3.7422,15.0000,51.1089,28.1658
31.527,9.7921,1.2474,15.0000,51.3693,26.3083
31.577,9.6674,-2.4948,15.0000,51.6360,22.9580
31.627,9.6050,-1.2474,15.0000,51.9057,23.8062
31.677,9.6674,1.2474,15.0000,52.1723,25.9860
31.727,9.6050,-1.2474,15.0000,52.4421,23.8062
31.777,9.6050,0.0000,15.0000,52.7118,24.8155
31.827,9.6050,0.0000,15.0000,52.9816,24.8155
31.877,9.6050,0.0000,15.0000,53.2513,24.8155
31.927,9.6050,0.0000,15.0000,53.5211,24.8155
31.977,9.7921,3.7422,15.0000,53.7815,28.3269
32.027,9.5427,-4.9896,15.0000,54.0543,20.6171
32.077,9.5427,0.0000,15.0000,54.3272,24.6544
32.127,9.6674,2.4948,15.0000,54.5938,26.9953
32.177,9.4803,-3.7422,15.0000,54.8698,21.4653
32.227,9.6050,2.4948,15.0000,55.1396,26.8342
32.277,9.6674,1.2474,15.0000,55.4062,25.9860
32.327,9.6050,-1.2474,15.0000,55.6760,23.8062
32.377,9.6050,0.0000,15.0000,55.9457,24.8155
32.427,9.4179,-3.7422,15.0000,56.2248,21.3041
32.477,9.4803,1.2474,15.0000,56.5008,25.5026
32.527,9.5427,1.2474,15.0000,56.7737,25.6637
32.577,9.6674,2.4948,15.0000,57.0403,26.9953
32.627,9.4803,-3.7422,15.0000,57.3163,21.4653
32.677,9.4803,0.0000,15.0000,57.5923,24.4933
32.727,9.5427,1.2474,15.0000,57.8651,25.6637
32.777,9.6050,1.2474,15.0000,58.1349,25.8249
32.827,9.6050,0.0000,15.0000,58.4046,24.8155
32.877,9.6050,0.0000,15.0000,58.6744,24.8155
32.927,9.4179,-3.7422,15.0000,58.9535,21.3041
32.977,9.5427,2.4948,15.0000,59.2263,26.6731
33.027,9.5427,0.0000,15.0000,59.4992,24.6544
33.077,9.4179,-2.4948,15.0000,59.7783,22.3135
33.127,9.6050,3.7422,15.0000,60.0481,27.8435
33.177,9.4803,-2.4948,15.0000,60.3240,22.4746
33.227,9.4179,-1.2474,15.0000,60.6032,23.3228
33.277,9.5427,2.4948,15.0000,60.8760,26.6731
33.327,9.6050,1.2474,15.0000,61.1458,25.8249
33.377,9.4803,-2.4948,15.0000,61.4218,22.4746
33.427,9.4179,-1.2474,15.0000,61.7009,23.3228
33.477,9.5427,2.4948,15.0000,61.9737,26.6731
33.527,9.6050,1.2474,15.0000,62.2435,25.8249
33.577,9.4803,-2.4948,15.0000,62.5195,22.4746
33.627,9.6050,2.4948,15.0000,62.7892,26.8342
33.677,9.6050,0.0000,15.0000,63.0590,24.8155
33.727,9.6674,1.2474,15.0000,63.3256,25.9860
33.777,9.5427,-2.4948,15.0000,63.5985,22.6357
33.827,9.6674,2.4948,15.0000,63.8651,26.9953
33.877,9.6674,0.0000,15.0000,64.1317,24.9767
33.927,9.3555,-6.2370,15.0000,64.4139,19.1244
33.977,9.4179,1.2474,15.0000,64.6930,25.3414
34.027,9.6050,3.7422,15.0000,64.9628,27.8435
34.077,9.5427,-1.2474,15.0000,65.2357,23.6451
34.127,9.5427,0.0000,15.0000,65.5085,24.6544
34.177,9.7298,3.7422,15.0000,65.7720,28.1658
34.227,9.6674,-1.2474,15.0000,66.0387,23.9674
34.277,9.7298,1.2474,15.0000,66.3022,26.1471
34.327,9.6674,-1.2474,15.0000,66.5688,23.9674
34.377,9.5427,-2.4948,15.0000,66.8417,22.6357
34.427,9.7298,3.7422,15.0000,67.1052,28.1658
34.477,9.6674,-1.2474,15.0000,67.3718,23.9674
34.527,9.6674,0.0000,15.0000,67.6384,24.9767
34.577,9.7921,2.4948,15.0000,67.8988,27.3176
34.627,9.7921,0.0000,15.0000,68.1592,25.2990
34.677,9.8545,1.2474,15.0000,68.4165,26.4694
34.727,9.9792,2.4948,15.0000,68.6675,27.8010
34.777,9.7921,-3.7422,15.0000,68.9279,22.2710
34.827,10.1664,7.4844,15.0000,69.1696,32.3217
34.877,10.1040,-1.2474,15.0000,69.4144,25.0953
34.927,10.4158,6.2370,15.0000,69.6436,31.9570
34.977,10.2287,-3.7422,15.0000,69.8822,23.3990
35.027,10.5406,6.2370,15.0000,70.1052,32.2793
35.077,10.6029,1.2474,15.0000,70.3250,28.4031
35.127,10.6653,1.2474,15.0000,70.5418,28.5642
35.177,10.7277,1.2474,15.0000,70.7554,28.7254
35.227,11.0395,6.2370,15.0000,70.9534,33.5684
35.277,11.1643,2.4948,15.0000,71.1452,30.8627
35.327,11.1019,-1.2474,15.0000,71.3401,27.6736
35.377,11.2890,3.7422,15.0000,71.5256,32.1943
35.427,11.4138,2.4948,15.0000,71.7049,31.5072
35.477,11.2890,-2.4948,15.0000,71.8905,27.1476
35.527,11.3514,1.2474,15.0000,72.0729,30.3368
35.577,11.5385,3.7422,15.0000,72.2460,32.8388
35.627,11.5385,0.0000,15.0000,72.4191,29.8109
35.677,11.8503,6.2370,15.0000,72.5766,35.6632
35.727,11.9127,1.2474,15.0000,72.7309,31.7870
35.777,11.9127,0.0000,15.0000,72.8853,30.7777
35.827,12.0375,2.4948,15.0000,73.0334,33.1186
35.877,12.4117,7.4844,15.0000,73.1628,38.1227
35.927,12.7859,7.4844,15.0000,73.2735,39.0896
35.977,12.7235,-1.2474,15.0000,73.3874,31.8632
36.027,12.9106,3.7422,15.0000,73.4918,36.3839
36.077,12.9106,0.0000,15.0000,73.5963,33.3559
36.127,13.1601,4.9896,15.0000,73.6883,38.0378
36.177,13.5343,7.4844,15.0000,73.7616,41.0233
36.227,13.4096,-2.4948,15.0000,73.8411,32.6264
36.277,13.5343,2.4948,15.0000,73.9144,36.9860
36.327,13.0977,-8.7318,15.0000,74.0095,26.7741
36.377,13.6591,11.2266,15.0000,74.0765,44.3735
36.427,13.6591,0.0000,15.0000,74.1436,35.2896
36.477,13.8462,3.7422,15.0000,74.2013,38.8010
36.527,13.7214,-2.4948,15.0000,74.2652,33.4321
36.577,13.6591,-1.2474,15.0000,74.3323,34.2803
36.627,13.5967,-1.2474,15.0000,74.4024,34.1191
36.677,14.1580,11.2266,15.0000,74.4445,45.6626
36.727,13.9086,-4.9896,15.0000,74.4991,31.8968
36.777,14.1580,4.9896,15.0000,74.5412,40.6160
36.827,13.9709,-3.7422,15.0000,74.5926,33.0673
36.877,13.9086,-1.2474,15.0000,74.6472,34.9248
36.927,14.2828,7.4844,15.0000,74.6831,42.9569
36.977,13.8462,-8.7318,15.0000,74.7408,28.7077
37.027,14.3451,9.9792,15.0000,74.7735,45.1367
37.077,14.3451,0.0000,15.0000,74.8063,37.0621
37.127,13.8462,-9.9792,15.0000,74.8639,27.6984
37.177,13.8462,0.0000,15.0000,74.9216,35.7730
37.227,14.0333,3.7422,15.0000,74.9700,39.2844
37.277,13.9709,-1.2474,15.0000,75.0214,35.0860
37.327,14.0333,1.2474,15.0000,75.0698,37.2658
37.377,14.1580,2.4948,15.0000,75.1119,38.5973
37.427,14.0957,-1.2474,15.0000,75.1571,35.4082
37.477,13.9709,-2.4948,15.0000,75.2085,34.0766
37.527,13.5967,-7.4844,15.0000,75.2787,29.0725
37.577,13.7214,2.4948,15.0000,75.3426,37.4694
37.627,13.6591,-1.2474,15.0000,75.4097,34.2803
37.677,13.7838,2.4948,15.0000,75.4705,37.6305
37.727,13.5343,-4.9896,15.0000,75.5438,30.9300
37.777,13.4096,-2.4948,15.0000,75.6233,32.6264
37.827,13.4720,1.2474,15.0000,75.6997,35.8155
37.877,13.7214,4.9896,15.0000,75.7636,39.4880
37.927,13.4096,-6.2370,15.0000,75.8431,29.5984
37.977,13.2849,-2.4948,15.0000,75.9289,32.3041
38.027,13.2225,-1.2474,15.0000,76.0178,33.1523
38.077,12.9730,-4.9896,15.0000,76.1191,29.4798
38.127,13.0354,1.2474,15.0000,76.2173,34.6875
38.177,13.1601,2.4948,15.0000,76.3093,36.0191
38.227,13.1601,0.0000,15.0000,76.4013,34.0005
38.277,13.1601,0.0000,15.0000,76.4933,34.0005
38.327,13.0354,-2.4948,15.0000,76.5916,31.6596
38.377,12.9730,-1.2474,15.0000,76.6929,32.5077
38.427,13.0977,2.4948,15.0000,76.7880,35.8580
38.477,12.6612,-8.7318,15.0000,76.9050,25.6461
38.527,12.9106,4.9896,15.0000,77.0094,37.3932
38.577,12.9730,1.2474,15.0000,77.1108,34.5264
38.627,12.9106,-1.2474,15.0000,77.2153,32.3466
38.677,12.9106,0.0000,15.0000,77.3197,33.3559
38.727,13.0354,2.4948,15.0000,77.4180,35.6969
38.777,13.0977,1.2474,15.0000,77.5131,34.8487
38.827,12.8483,-4.9896,15.0000,77.6207,29.1575
38.877,12.8483,0.0000,15.0000,77.7282,33.1948
38.927,12.9106,1.2474,15.0000,77.8327,34.3652
38.977,13.0977,3.7422,15.0000,77.9278,36.8673
39.027,12.9730,-2.4948,15.0000,78.0292,31.4984
39.077,12.9106,-1.2474,15.0000,78.1336,32.3466
39.127,13.0354,2.4948,15.0000,78.2319,35.6969
39.177,13.2849,4.9896,15.0000,78.3176,38.3601
39.227,13.1601,-2.4948,15.0000,78.4096,31.9818
39.277,13.2849,2.4948,15.0000,78.4954,36.3414
39.327,13.0977,-3.7422,15.0000,78.5905,30.8114
39.377,13.2849,3.7422,15.0000,78.6762,37.3507
39.427,13.1601,-2.4948,15.0000,78.7682,31.9818
39.477,13.2849,2.4948,15.0000,78.8540,36.3414
39.527,13.0354,-4.9896,15.0000,78.9522,29.6409
39.577,13.4096,7.4844,15.0000,79.0317,40.7010
39.627,13.3472,-1.2474,15.0000,79.1144,33.4746
39.677,13.4096,1.2474,15.0000,79.1939,35.6544
39.727,13.0977,-6.2370,15.0000,79.2890,28.7927
39.777,12.9730,-2.4948,15.0000,79.3904,31.4984
39.827,13.0977,2.4948,15.0000,79.4855,35.8580
39.877,13.1601,1.2474,15.0000,79.5775,35.0098
39.927,12.8483,-6.2370,15.0000,79.6851,28.1481
39.977,12.7859,-1.2474,15.0000,79.7958,32.0243
40.027,13.0977,6.2370,15.0000,79.8909,38.8860
40.077,12.9730,-2.4948,15.0000,79.9922,31.4984
40.127,13.1601,3.7422,15.0000,80.0842,37.0284
40.177,13.0354,-2.4948,15.0000,80.1825,31.6596
40.227,13.0977,1.2474,15.0000,80.2776,34.8487
40.277,13.2849,3.7422,15.0000,80.3633,37.3507
40.327,13.2225,-1.2474,15.0000,80.4522,33.1523
40.377,13.0977,-2.4948,15.0000,80.5473,31.8207
40.427,13.2849,3.7422,15.0000,80.6331,37.3507
40.477,13.1601,-2.4948,15.0000,80.7251,31.9818
40.527,13.0354,-2.4948,15.0000,80.8233,31.6596
40.577,13.2225,3.7422,15.0000,80.9122,37.1896
40.627,13.0977,-2.4948,15.0000,81.0073,31.8207
40.677,13.1601,1.2474,15.0000,81.0993,35.0098
40.727,13.0977,-1.2474,15.0000,81.1944,32.8300
40.777,13.5343,8.7318,15.0000,81.2677,42.0326
40.827,13.1601,-7.4844,15.0000,81.3597,27.9445
40.877,13.2849,2.4948,15.0000,81.4454,36.3414
40.927,13.2849,0.0000,15.0000,81.5312,34.3228
40.977,13.1601,-2.4948,15.0000,81.6232,31.9818
41.027,13.0977,-1.2474,15.0000,81.7183,32.8300
41.077,13.1601,1.2474,15.0000,81.8103,35.0098
41.127,13.2849,2.4948,15.0000,81.8961,36.3414
41.177,13.2849,0.0000,15.0000,81.9818,34.3228
41.227,13.1601,-2.4948,15.0000,82.0738,31.9818
41.277,13.2225,1.2474,15.0000,82.1627,35.1709
41.327,13.1601,-1.2474,15.0000,82.2547,32.9911
41.377,12.9730,-3.7422,15.0000,82.3560,30.4891
41.427,13.2849,6.2370,15.0000,82.4418,39.3694
41.477,13.1601,-2.4948,15.0000,82.5338,31.9818
41.527,13.2849,2.4948,15.0000,82.6195,36.3414
41.577,13.0977,-3.7422,15.0000,82.7146,30.8114
41.627,13.0977,0.0000,15.0000,82.8098,33.8393
41.677,13.3472,4.9896,15.0000,82.8924,38.5212
41.727,13.1601,-3.7422,15.0000,82.9844,30.9725
41.777,13.3472,3.7422,15.0000,83.0670,37.5119
41.827,13.0977,-4.9896,15.0000,83.1621,29.8020
41.877,13.4096,6.2370,15.0000,83.2417,39.6917
41.927,13.0977,-6.2370,15.0000,83.3368,28.7927
41.977,13.1601,1.2474,15.0000,83.4288,35.0098
42.027,13.1601,0.0000,15.0000,83.5208,34.0005
42.077,13.4096,4.9896,15.0000,83.6003,38.6823
42.127,13.0354,-7.4844,15.0000,83.6985,27.6222
42.177,13.1601,2.4948,15.0000,83.7905,36.0191
42.227,13.4720,6.2370,15.0000,83.8669,39.8528
42.277,12.9730,-9.9792,15.0000,83.9683,25.4425
42.327,13.3472,7.4844,15.0000,84.0509,40.5398
42.377,13.3472,0.0000,15.0000,84.1335,34.4839
42.427,13.4720,2.4948,15.0000,84.2099,36.8248
42.477,13.5343,1.2474,15.0000,84.2832,35.9766
42.527,13.4720,-1.2474,15.0000,84.3596,33.7968
42.577,13.2849,-3.7422,15.0000,84.4454,31.2948
42.627,13.0977,-3.7422,15.0000,84.5405,30.8114
42.677,13.3472,4.9896,15.0000,84.6231,38.5212
42.727,13.2849,-1.2474,15.0000,84.7089,33.3134
42.777,13.5967,6.2370,15.0000,84.7791,40.1751
42.827,13.5343,-1.2474,15.0000,84.8523,33.9580
42.877,13.3472,-3.7422,15.0000,84.9350,31.4559
42.927,13.5343,3.7422,15.0000,85.0083,37.9953
42.977,13.4720,-1.2474,15.0000,85.0847,33.7968
43.027,13.4096,-1.2474,15.0000,85.1642,33.6357
43.077,13.3472,-1.2474,15.0000,85.2468,33.4746
43.127,13.5967,4.9896,15.0000,85.3170,39.1658
43.177,13.7214,2.4948,15.0000,85.3809,37.4694
43.227,13.4720,-4.9896,15.0000,85.4573,30.7688
43.277,13.4096,-1.2474,15.0000,85.5368,33.6357
43.327,13.4096,0.0000,15.0000,85.6164,34.6450
43.377,13.7838,7.4844,15.0000,85.6772,41.6678
43.427,13.1601,-12.4740,15.0000,85.7692,23.9072
43.477,13.2225,1.2474,15.0000,85.8580,35.1709
43.527,13.5343,6.2370,15.0000,85.9313,40.0139
43.577,13.5343,0.0000,15.0000,86.0046,34.9673
43.627,13.4720,-1.2474,15.0000,86.0810,33.7968
43.677,13.4720,0.0000,15.0000,86.1574,34.8062
43.727,13.4096,-1.2474,15.0000,86.2369,33.6357
43.777,13.5343,2.4948,15.0000,86.3102,36.9860
43.827,13.7838,4.9896,15.0000,86.3710,39.6492
43.877,13.4720,-6.2370,15.0000,86.4474,29.7595
43.927,13.4720,0.0000,15.0000,86.5238,34.8062
43.977,13.4096,-1.2474,15.0000,86.6034,33.6357
44.027,13.5343,2.4948,15.0000,86.6766,36.9860
44.077,13.7214,3.7422,15.0000,86.7406,38.4787
44.127,13.5967,-2.4948,15.0000,86.8107,33.1098
44.177,13.5967,0.0000,15.0000,86.8809,35.1284
44.227,13.6591,1.2474,15.0000,86.9479,36.2989
44.277,13.7838,2.4948,15.0000,87.0088,37.6305
44.327,13.4720,-6.2370,15.0000,87.0852,29.7595
44.377,13.5343,1.2474,15.0000,87.1584,35.9766
44.427,13.5967,1.2474,15.0000,87.2286,36.1378
44.477,13.6591,1.2474,15.0000,87.2956,36.2989
44.527,13.4096,-4.9896,15.0000,87.3752,30.6077
44.577,13.4720,1.2474,15.0000,87.4516,35.8155
44.627,13.7838,6.2370,15.0000,87.5124,40.6585
44.677,13.7214,-1.2474,15.0000,87.5763,34.4414
44.727,13.3472,-7.4844,15.0000,87.6589,28.4279
44.777,13.4096,1.2474,15.0000,87.7385,35.6544
44.827,13.4096,0.0000,15.0000,87.8180,34.6450
44.877,13.2849,-2.4948,15.0000,87.9037,32.3041
44.927,14.0333,14.9688,15.0000,87.9521,48.3683
44.977,13.7214,-6.2370,15.0000,88.0160,30.4041
45.027,13.6591,-1.2474,15.0000,88.0831,34.2803
45.077,13.4096,-4.9896,15.0000,88.1626,30.6077
45.127,13.4096,0.0000,15.0000,88.2421,34.6450
45.177,13.5967,3.7422,15.0000,88.3123,38.1564
45.227,13.5343,-1.2474,15.0000,88.3855,33.9580
45.277,13.4096,-2.4948,15.0000,88.4651,32.6264
45.327,13.3472,-1.2474,15.0000,88.5477,33.4746
45.377,13.6591,6.2370,15.0000,88.6147,40.3362
45.427,13.6591,0.0000,15.0000,88.6818,35.2896
45.477,13.7838,2.4948,15.0000,88.7426,37.6305
45.527,13.6591,-2.4948,15.0000,88.8096,33.2709
45.577,13.7214,1.2474,15.0000,88.8736,36.4601
45.627,13.5967,-2.4948,15.0000,88.9437,33.1098
45.677,13.9709,7.4844,15.0000,88.9952,42.1512
45.727,13.5967,-7.4844,15.0000,89.0654,29.0725
45.777,13.8462,4.9896,15.0000,89.1231,39.8103
45.827,13.4720,-7.4844,15.0000,89.1995,28.7502
45.877,13.9709,9.9792,15.0000,89.2509,44.1699
45.927,13.9086,-1.2474,15.0000,89.3055,34.9248
45.977,13.7214,-3.7422,15.0000,89.3694,32.4228
46.027,14.2204,9.9792,15.0000,89.4084,44.8144
46.077,13.8462,-7.4844,15.0000,89.4661,29.7171
46.127,14.0957,4.9896,15.0000,89.5113,40.4548
46.177,14.2204,2.4948,15.0000,89.5503,38.7585
46.227,14.0333,-3.7422,15.0000,89.5986,33.2285
46.277,14.2828,4.9896,15.0000,89.6345,40.9383
46.327,14.0333,-4.9896,15.0000,89.6828,32.2191
46.377,14.3451,6.2370,15.0000,89.7155,42.1088
46.427,14.3451,0.0000,15.0000,89.7483,37.0621
46.477,14.3451,0.0000,15.0000,89.7810,37.0621
46.527,14.2828,-1.2474,15.0000,89.8169,35.8917
46.577,14.5323,4.9896,15.0000,89.8403,41.5828
46.627,14.4075,-2.4948,15.0000,89.8699,35.2046
46.677,14.6570,4.9896,15.0000,89.8871,41.9051
46.727,14.6570,0.0000,15.0000,89.9042,37.8678
46.777,14.3451,-6.2370,15.0000,89.9370,32.0155
46.827,14.4699,2.4948,15.0000,89.9635,39.4030
46.877,14.3451,-2.4948,15.0000,89.9962,35.0435
46.927,14.3451,0.0000,15.0000,90.0289,37.0621
46.977,14.2828,-1.2474,15.0000,90.0648,35.8917
47.027,14.0333,-4.9896,15.0000,90.1131,32.2191
47.077,14.6570,12.4740,15.0000,90.1303,47.9611
47.127,14.5323,-2.4948,15.0000,90.1537,35.5269
47.177,14.4075,-2.4948,15.0000,90.1833,35.2046
47.227,14.6570,4.9896,15.0000,90.2005,41.9051
47.277,14.4699,-3.7422,15.0000,90.2270,34.3564
47.327,14.0957,-7.4844,15.0000,90.2722,30.3616
47.377,14.2204,2.4948,15.0000,90.3112,38.7585
47.427,14.5323,6.2370,15.0000,90.3345,42.5922
47.477,14.4699,-1.2474,15.0000,90.3610,36.3751
47.527,14.5946,2.4948,15.0000,90.3813,39.7253
47.577,14.3451,-4.9896,15.0000,90.4141,33.0248
47.627,14.4075,1.2474,15.0000,90.4437,38.2326
47.677,14.2204,-3.7422,15.0000,90.4827,33.7119
47.727,14.3451,2.4948,15.0000,90.5154,39.0808
47.777,14.5323,3.7422,15.0000,90.5388,40.5735
47.827,14.1580,-7.4844,15.0000,90.5809,30.5228
47.877,14.1580,0.0000,15.0000,90.6230,36.5787
47.927,14.7194,11.2266,15.0000,90.6370,47.1129
47.977,14.4075,-6.2370,15.0000,90.6666,32.1766
48.027,14.0333,-7.4844,15.0000,90.7150,30.2005
48.077,14.3451,6.2370,15.0000,90.7477,42.1088
48.127,14.5946,4.9896,15.0000,90.7680,41.7440
48.177,14.1580,-8.7318,15.0000,90.8101,29.5134
48.227,14.5323,7.4844,15.0000,90.8335,43.6015
48.277,14.0957,-8.7318,15.0000,90.8787,29.3523
48.327,14.1580,1.2474,15.0000,90.9208,37.5880
48.377,14.1580,0.0000,15.0000,90.9629,36.5787
48.427,13.9709,-3.7422,15.0000,91.0144,33.0673
48.477,14.3451,7.4844,15.0000,91.0471,43.1181
48.527,14.1580,-3.7422,15.0000,91.0892,33.5507
48.577,14.2828,2.4948,15.0000,91.1251,38.9196
48.627,14.6570,7.4844,15.0000,91.1422,43.9238
48.677,14.3451,-6.2370,15.0000,91.1750,32.0155
48.727,14.1580,-3.7422,15.0000,91.2171,33.5507
48.777,14.2828,2.4948,15.0000,91.2529,38.9196
48.827,14.6570,7.4844,15.0000,91.2701,43.9238
48.877,14.3451,-6.2370,15.0000,91.3028,32.0155
48.927,14.2204,-2.4948,15.0000,91.3418,34.7212
48.977,14.1580,-1.2474,15.0000,91.3839,35.5694
49.027,14.0957,-1.2474,15.0000,91.4291,35.4082
49.077,14.5323,8.7318,15.0000,91.4525,44.6108
49.127,14.6570,2.4948,15.0000,91.4696,39.8865
49.177,14.7194,1.2474,15.0000,91.4837,39.0383
49.227,14.2828,-8.7318,15.0000,91.5195,29.8357
49.277,14.5946,6.2370,15.0000,91.5398,42.7533
49.327,14.2204,-7.4844,15.0000,91.5788,30.6839
49.377,14.2204,0.0000,15.0000,91.6178,36.7398
49.427,14.2204,0.0000,15.0000,91.6567,36.7398
49.477,14.4075,3.7422,15.0000,91.6864,40.2512
49.527,14.4699,1.2474,15.0000,91.7129,38.3937
49.577,14.0957,-7.4844,15.0000,91.7581,30.3616
49.627,14.5323,8.7318,15.0000,91.7815,44.6108
49.677,14.2204,-6.2370,15.0000,91.8204,31.6932
49.727,14.4699,4.9896,15.0000,91.8470,41.4217
49.777,14.4699,0.0000,15.0000,91.8735,37.3844
49.827,14.2828,-3.7422,15.0000,91.9093,33.8730
49.877,14.2204,-1.2474,15.0000,91.9483,35.7305
49.927,14.2828,1.2474,15.0000,91.9842,37.9103
49.977,14.2828,0.0000,15.0000,92.0200,36.9010
50.027,14.2828,0.0000,15.0000,92.0559,36.9010
50.077,14.4699,3.7422,15.0000,92.0824,40.4124
50.127,14.5323,1.2474,15.0000,92.1058,38.5549
50.177,14.4075,-2.4948,15.0000,92.1354,35.2046
50.227,14.4699,1.2474,15.0000,92.1619,38.3937
50.277,14.3451,-2.4948,15.0000,92.1946,35.0435
50.327,14.4075,1.2474,15.0000,92.2243,38.2326
50.377,14.5323,2.4948,15.0000,92.2477,39.5642
50.427,14.7817,4.9896,15.0000,92.2586,42.2274
50.477,14.6570,-2.4948,15.0000,92.2757,35.8492
50.527,14.6570,0.0000,15.0000,92.2929,37.8678
50.577,14.0957,-11.2266,15.0000,92.3381,27.3336
50.627,14.4075,6.2370,15.0000,92.3677,42.2699
50.677,14.4075,0.0000,15.0000,92.3973,37.2233
50.727,14.4075,0.0000,15.0000,92.4270,37.2233
50.777,14.4699,1.2474,15.0000,92.4535,38.3937
50.827,14.1580,-6.2370,15.0000,92.4956,31.5321
50.877,14.1580,0.0000,15.0000,92.5377,36.5787
50.927,14.4075,4.9896,15.0000,92.5673,41.2605
50.977,14.2204,-3.7422,15.0000,92.6063,33.7119
51.027,14.4699,4.9896,15.0000,92.6328,41.4217
51.077,14.4699,0.0000,15.0000,92.6593,37.3844
51.127,14.5323,1.2474,15.0000,92.6827,38.5549
51.177,14.2204,-6.2370,15.0000,92.7216,31.6932
51.227,14.0333,-3.7422,15.0000,92.7700,33.2285
51.277,14.6570,12.4740,15.0000,92.7871,47.9611
51.327,14.1580,-9.9792,15.0000,92.8292,28.5041
51.377,13.9709,-3.7422,15.0000,92.8807,33.0673
51.427,14.4075,8.7318,15.0000,92.9103,44.2885
51.477,14.5323,2.4948,15.0000,92.9337,39.5642
51.527,14.4075,-2.4948,15.0000,92.9633,35.2046
51.577,14.2204,-3.7422,15.0000,93.0023,33.7119
51.627,14.4075,3.7422,15.0000,93.0319,40.2512
51.677,14.4699,1.2474,15.0000,93.0584,38.3937
51.727,14.1580,-6.2370,15.0000,93.1005,31.5321
51.777,14.6570,9.9792,15.0000,93.1177,45.9424
51.827,14.5946,-1.2474,15.0000,93.1379,36.6973
51.877,14.4699,-2.4948,15.0000,93.1645,35.3657
51.927,14.3451,-2.4948,15.0000,93.1972,35.0435
51.977,14.5323,3.7422,15.0000,93.2206,40.5735
52.027,14.5323,0.0000,15.0000,93.2440,37.5455
52.077,14.4075,-2.4948,15.0000,93.2736,35.2046
52.127,14.5946,3.7422,15.0000,93.2939,40.7347
52.177,14.5323,-1.2474,15.0000,93.3172,36.5362
52.227,14.0333,-9.9792,15.0000,93.3656,28.1818
52.277,14.4699,8.7318,15.0000,93.3921,44.4497
52.327,14.9065,8.7318,15.0000,93.3968,45.5777
52.377,14.4075,-9.9792,15.0000,93.4264,29.1486
52.427,14.6570,4.9896,15.0000,93.4435,41.9051
52.477,14.8441,3.7422,15.0000,93.4513,41.3792
52.527,14.9688,2.4948,15.0000,93.4529,40.6922
52.577,14.7817,-3.7422,15.0000,93.4638,35.1621
52.627,15.2183,8.7318,15.0000,93.4529,46.3833
52.677,14.9065,-6.2370,15.0000,93.4576,33.4658
52.727,14.5946,-6.2370,15.0000,93.4778,32.6600
52.777,14.8441,4.9896,15.0000,93.4856,42.3885
52.827,14.8441,0.0000,15.0000,93.4934,38.3512
52.877,15.2183,7.4844,15.0000,93.4825,45.3740
52.927,14.8441,-7.4844,15.0000,93.4903,32.2953
52.977,14.9065,1.2474,15.0000,93.4950,39.5217
53.027,14.9065,0.0000,15.0000,93.4997,38.5124
53.077,14.5946,-6.2370,15.0000,93.5199,32.6600
53.127,15.0936,9.9792,15.0000,93.5152,47.0704
53.177,15.2183,2.4948,15.0000,93.5043,41.3367
53.227,14.8441,-7.4844,15.0000,93.5121,32.2953
53.277,14.8441,0.0000,15.0000,93.5199,38.3512
53.327,15.0936,4.9896,15.0000,93.5152,43.0331
53.377,14.8441,-4.9896,15.0000,93.5230,34.3139
53.427,15.5302,13.7214,15.0000,93.4965,51.2263
53.477,15.7173,3.7422,15.0000,93.4607,43.6351
53.527,15.2183,-9.9792,15.0000,93.4497,31.2435
53.577,15.2807,1.2474,15.0000,93.4357,40.4885
53.627,15.0936,-3.7422,15.0000,93.4310,35.9678
53.677,15.3431,4.9896,15.0000,93.4139,43.6777
53.727,15.6549,6.2370,15.0000,93.3811,45.4927
53.777,15.4054,-4.9896,15.0000,93.3609,35.7642
53.827,15.0936,-6.2370,15.0000,93.3562,33.9492
53.877,15.2807,3.7422,15.0000,93.3421,42.5072
53.927,15.2807,0.0000,15.0000,93.3281,39.4792
53.977,15.2807,0.0000,15.0000,93.3141,39.4792
54.027,15.4054,2.4948,15.0000,93.2938,41.8201
54.077,15.8420,8.7318,15.0000,93.2517,47.9947
54.127,15.0936,-14.9688,15.0000,93.2470,26.8839
54.177,15.2807,3.7422,15.0000,93.2330,42.5072
54.227,15.3431,1.2474,15.0000,93.2158,40.6497
54.277,15.4054,1.2474,15.0000,93.1956,40.8108
54.327,15.5925,3.7422,15.0000,93.1659,43.3129
54.377,15.2183,-7.4844,15.0000,93.1550,33.2621
54.427,15.2183,0.0000,15.0000,93.1441,39.3181
54.477,15.4054,3.7422,15.0000,93.1238,42.8295
54.527,14.8441,-11.2266,15.0000,93.1316,29.2673
54.577,15.4054,11.2266,15.0000,93.1114,48.8854
54.627,15.1560,-4.9896,15.0000,93.1036,35.1196
54.677,15.2183,1.2474,15.0000,93.0927,40.3274
54.727,15.0312,-3.7422,15.0000,93.0911,35.8067
54.777,14.8441,-3.7422,15.0000,93.0989,35.3233
54.827,15.5302,13.7214,15.0000,93.0724,51.2263
54.877,15.2183,-6.2370,15.0000,93.0615,34.2714
54.927,15.0936,-2.4948,15.0000,93.0568,36.9771
54.977,14.7194,-7.4844,15.0000,93.0708,31.9730
55.027,14.9065,3.7422,15.0000,93.0755,41.5404
55.077,15.0312,2.4948,15.0000,93.0739,40.8533
55.127,15.4054,7.4844,15.0000,93.0537,45.8574
55.177,15.0312,-7.4844,15.0000,93.0521,32.7787
55.227,14.8441,-3.7422,15.0000,93.0599,35.3233
55.277,15.4054,11.2266,15.0000,93.0396,48.8854
55.327,15.1560,-4.9896,15.0000,93.0318,35.1196
55.377,15.2183,1.2474,15.0000,93.0209,40.3274
55.427,15.0936,-2.4948,15.0000,93.0162,36.9771
55.477,15.2183,2.4948,15.0000,93.0053,41.3367
55.527,15.6549,8.7318,15.0000,92.9726,47.5113
55.577,14.7817,-17.4636,15.0000,92.9835,24.0596
55.627,15.2183,8.7318,15.0000,92.9726,46.3833
55.677,14.9065,-6.2370,15.0000,92.9772,33.4658
55.727,15.0312,2.4948,15.0000,92.9757,40.8533
55.777,15.2183,3.7422,15.0000,92.9648,42.3461
55.827,15.0312,-3.7422,15.0000,92.9632,35.8067
55.877,14.9688,-1.2474,15.0000,92.9648,37.6642
55.927,14.9065,-1.2474,15.0000,92.9694,37.5030
55.977,15.2183,6.2370,15.0000,92.9585,44.3647
56.027,15.2807,1.2474,15.0000,92.9445,40.4885
56.077,14.9065,-7.4844,15.0000,92.9492,32.4564
56.127,15.1560,4.9896,15.0000,92.9414,43.1942
56.177,15.0312,-2.4948,15.0000,92.9398,36.8160
56.227,15.0312,0.0000,15.0000,92.9382,38.8346
56.277,15.6549,12.4740,15.0000,92.9055,50.5393
56.327,15.2183,-8.7318,15.0000,92.8946,32.2528
56.377,14.7817,-8.7318,15.0000,92.9055,31.1248
56.427,15.2183,8.7318,15.0000,92.8946,46.3833
56.477,15.2807,1.2474,15.0000,92.8806,40.4885
56.527,15.4054,2.4948,15.0000,92.8603,41.8201
56.577,15.3431,-1.2474,15.0000,92.8431,38.6310
56.627,14.9065,-8.7318,15.0000,92.8478,31.4471
56.677,14.8441,-1.2474,15.0000,92.8556,37.3419
56.727,14.9065,1.2474,15.0000,92.8603,39.5217
56.777,14.8441,-1.2474,15.0000,92.8681,37.3419
56.827,15.3431,9.9792,15.0000,92.8509,47.7149
56.877,15.0312,-6.2370,15.0000,92.8494,33.7880
56.927,15.3431,6.2370,15.0000,92.8322,44.6870
56.977,15.0312,-6.2370,15.0000,92.8306,33.7880
57.027,15.3431,6.2370,15.0000,92.8135,44.6870
57.077,15.4054,1.2474,15.0000,92.7932,40.8108
57.127,15.4054,0.0000,15.0000,92.7729,39.8015
57.177,14.7817,-12.4740,15.0000,92.7839,28.0968
57.227,15.1560,7.4844,15.0000,92.7761,45.2129
57.277,14.9688,-3.7422,15.0000,92.7776,35.6456
57.327,15.4054,8.7318,15.0000,92.7573,46.8667
57.377,15.3431,-1.2474,15.0000,92.7402,38.6310
57.427,15.2807,-1.2474,15.0000,92.7262,38.4699
57.477,15.2183,-1.2474,15.0000,92.7152,38.3087
57.527,15.1560,-1.2474,15.0000,92.7074,38.1476
57.577,15.1560,0.0000,15.0000,92.6996,39.1569
57.627,15.1560,0.0000,15.0000,92.6918,39.1569
57.677,14.9065,-4.9896,15.0000,92.6965,34.4751
57.727,14.9688,1.2474,15.0000,92.6981,39.6828
57.777,15.3431,7.4844,15.0000,92.6809,45.6963
57.827,14.9065,-8.7318,15.0000,92.6856,31.4471
57.877,14.9688,1.2474,15.0000,92.6872,39.6828
57.927,15.3431,7.4844,15.0000,92.6700,45.6963
57.977,14.8441,-9.9792,15.0000,92.6778,30.2766
58.027,14.7817,-1.2474,15.0000,92.6887,37.1808
58.077,15.2183,8.7318,15.0000,92.6778,46.3833
58.127,15.0936,-2.4948,15.0000,92.6731,36.9771
58.177,15.2807,3.7422,15.0000,92.6591,42.5072
58.227,15.0936,-3.7422,15.0000,92.6544,35.9678
58.277,15.1560,1.2474,15.0000,92.6466,40.1663
58.327,15.4054,4.9896,15.0000,92.6263,43.8388
58.377,14.6570,-14.9688,15.0000,92.6435,25.7559
58.427,15.1560,9.9792,15.0000,92.6357,47.2315
58.477,15.2807,2.4948,15.0000,92.6216,41.4979
58.527,14.9065,-7.4844,15.0000,92.6263,32.4564
58.577,15.1560,4.9896,15.0000,92.6185,43.1942
58.627,15.0312,-2.4948,15.0000,92.6170,36.8160
58.677,15.1560,2.4948,15.0000,92.6092,41.1756
58.727,15.2183,1.2474,15.0000,92.5982,40.3274
58.777,14.6570,-11.2266,15.0000,92.6154,28.7839
58.827,14.9065,4.9896,15.0000,92.6201,42.5497
58.877,15.2183,6.2370,15.0000,92.6092,44.3647
58.927,15.0312,-3.7422,15.0000,92.6076,35.8067
58.977,14.7817,-4.9896,15.0000,92.6185,34.1528
59.027,15.2807,9.9792,15.0000,92.6045,47.5538
59.077,15.4054,2.4948,15.0000,92.5842,41.8201
59.127,15.2183,-3.7422,15.0000,92.5733,36.2901
59.177,15.2807,1.2474,15.0000,92.5593,40.4885
59.227,14.9065,-7.4844,15.0000,92.5639,32.4564
59.277,14.8441,-1.2474,15.0000,92.5717,37.3419
59.327,15.5302,13.7214,15.0000,92.5452,51.2263
59.377,15.3431,-3.7422,15.0000,92.5281,36.6124
59.427,14.9688,-7.4844,15.0000,92.5296,32.6176
59.477,15.0936,2.4948,15.0000,92.5249,41.0144
59.527,15.0312,-1.2474,15.0000,92.5234,37.8253
59.577,15.1560,2.4948,15.0000,92.5156,41.1756
59.627,15.2183,1.2474,15.0000,92.5047,40.3274
59.677,14.9688,-4.9896,15.0000,92.5062,34.6362
59.727,15.1560,3.7422,15.0000,92.4984,42.1849
59.777,15.0936,-1.2474,15.0000,92.4937,37.9865
59.827,15.0936,0.0000,15.0000,92.4891,38.9958
59.877,15.0312,-1.2474,15.0000,92.4875,37.8253
59.927,15.3431,6.2370,15.0000,92.4704,44.6870
59.977,15.0936,-4.9896,15.0000,92.4657,34.9585
60.027,15.0312,-1.2474,15.0000,92.4641,37.8253
60.077,15.2183,3.7422,15.0000,92.4532,42.3461
60.127,15.0936,-2.4948,15.0000,92.4485,36.9771
60.177,15.1560,1.2474,15.0000,92.4407,40.1663
60.227,14.8441,-6.2370,15.0000,92.4485,33.3046
60.277,14.9065,1.2474,15.0000,92.4532,39.5217
60.327,14.9065,0.0000,15.0000,92.4579,38.5124
60.377,15.1560,4.9896,15.0000,92.4501,43.1942
60.427,15.2183,1.2474,15.0000,92.4391,40.3274
60.477,15.3431,2.4948,15.0000,92.4220,41.6590
60.527,15.3431,0.0000,15.0000,92.4048,39.6403
60.577,15.2807,-1.2474,15.0000,92.3908,38.4699
60.627,15.0312,-4.9896,15.0000,92.3892,34.7973
60.677,15.3431,6.2370,15.0000,92.3721,44.6870
60.727,15.0936,-4.9896,15.0000,92.3674,34.9585
60.777,15.4054,6.2370,15.0000,92.3471,44.8481
60.827,14.7194,-13.7214,15.0000,92.3612,26.9264
60.877,14.8441,2.4948,15.0000,92.3690,40.3699
60.927,15.0312,3.7422,15.0000,92.3674,41.8626
60.977,14.9688,-1.2474,15.0000,92.3690,37.6642
61.027,15.1560,3.7422,15.0000,92.3612,42.1849
61.077,15.3431,3.7422,15.0000,92.3440,42.6683
61.127,14.9688,-7.4844,15.0000,92.3456,32.6176
61.177,14.8441,-2.4948,15.0000,92.3534,36.3326
61.227,15.1560,6.2370,15.0000,92.3456,44.2035
61.277,14.9065,-4.9896,15.0000,92.3502,34.4751
61.327,15.0936,3.7422,15.0000,92.3456,42.0237
61.377,15.0312,-1.2474,15.0000,92.3440,37.8253
61.427,15.2183,3.7422,15.0000,92.3331,42.3461
61.477,15.4054,3.7422,15.0000,92.3128,42.8295
61.527,14.7194,-13.7214,15.0000,92.3268,26.9264
61.577,15.2183,9.9792,15.0000,92.3159,47.3927
61.627,14.7194,-9.9792,15.0000,92.3300,29.9543
61.677,14.7194,0.0000,15.0000,92.3440,38.0290
61.727,15.2183,9.9792,15.0000,92.3331,47.3927
61.777,14.8441,-7.4844,15.0000,92.3409,32.2953
61.827,15.2807,8.7318,15.0000,92.3268,46.5445
61.877,15.2807,0.0000,15.0000,92.3128,39.4792
61.927,15.2183,-1.2474,15.0000,92.3019,38.3087
61.977,14.9688,-4.9896,15.0000,92.3034,34.6362
62.027,15.0936,2.4948,15.0000,92.2988,41.0144
62.077,14.9065,-3.7422,15.0000,92.3034,35.4844
62.127,14.9688,1.2474,15.0000,92.3050,39.6828
62.177,15.5925,12.4740,15.0000,92.2754,50.3781
62.227,15.5925,0.0000,15.0000,92.2457,40.2849
62.277,14.9688,-12.4740,15.0000,92.2473,28.5803
62.327,15.0936,2.4948,15.0000,92.2426,41.0144
62.377,15.0936,0.0000,15.0000,92.2379,38.9958
62.427,15.1560,1.2474,5.0000,-0.5078,40.1663
62.477,15.0312,-2.4948,5.0000,-1.0094,36.8160
62.527,15.0936,1.2474,5.0000,-1.5140,40.0051
62.577,15.0936,0.0000,5.0000,-2.0187,38.9958
62.627,15.1560,1.2474,5.0000,-2.5265,40.1663
62.677,15.2807,2.4948,5.0000,-3.0406,41.4979
62.727,15.1560,-2.4948,5.0000,-3.5484,37.1383
62.777,15.4054,4.9896,5.0000,-4.0686,43.8388
62.827,15.2183,-3.7422,5.0000,-4.5795,36.2901
62.877,14.9065,-6.2370,5.0000,-5.0749,33.4658
62.927,15.1560,4.9896,5.0000,-5.5827,43.1942
62.977,15.0936,-1.2474,5.0000,-6.0873,37.9865
63.027,14.6570,-8.7318,5.0000,-6.5702,30.8026
63.077,14.9688,6.2370,5.0000,-7.0686,43.7201
63.127,15.1560,3.7422,5.0000,-7.5764,42.1849
63.177,14.9065,-4.9896,5.0000,-8.0718,34.4751
63.227,15.0936,3.7422,5.0000,-8.5764,42.0237
63.277,14.9065,-3.7422,5.0000,-9.0718,35.4844
63.327,15.0312,2.4948,5.0000,-9.5733,40.8533
63.377,15.2183,3.7422,5.0000,-10.0842,42.3461
63.427,15.0312,-3.7422,5.0000,-10.5858,35.8067
63.477,15.0312,0.0000,5.0000,-11.0874,38.8346
63.527,15.0936,1.2474,5.0000,-11.5920,40.0051
63.577,15.1560,1.2474,5.0000,-12.0998,40.1663
63.627,14.9688,-3.7422,5.0000,-12.5983,35.6456
63.677,14.9065,-1.2474,5.0000,-13.0936,37.5030
63.727,15.2183,6.2370,5.0000,-13.6045,44.3647
63.777,15.3431,2.4948,5.0000,-14.1217,41.6590
63.827,14.7817,-11.2266,5.0000,-14.6108,29.1062
63.877,14.7817,0.0000,5.0000,-15.0998,38.1901
63.927,14.8441,1.2474,5.0000,-15.5920,39.3606
63.977,15.2183,7.4844,5.0000,-16.1030,45.3740
64.027,15.0312,-3.7422,5.0000,-16.6045,35.8067
64.077,15.0312,0.0000,5.0000,-17.1061,38.8346
64.127,15.0936,1.2474,5.0000,-17.6108,40.0051
64.177,15.1560,1.2474,5.0000,-18.1186,40.1663
64.227,14.9688,-3.7422,5.0000,-18.6170,35.6456
64.277,14.6570,-6.2370,5.0000,-19.0999,32.8212
64.327,14.9065,4.9896,5.0000,-19.5952,42.5497
64.377,15.0936,3.7422,5.0000,-20.0999,42.0237
64.427,15.2183,2.4948,5.0000,-20.6108,41.3367
64.477,14.8441,-7.4844,5.0000,-21.1030,32.2953
64.527,14.5323,-6.2370,5.0000,-21.5796,32.4989
64.577,14.5946,1.2474,5.0000,-22.0593,38.7160
64.627,14.5323,-1.2474,5.0000,-22.5359,36.5362
64.677,14.9065,7.4844,5.0000,-23.0313,44.5683
64.727,14.4699,-8.7318,5.0000,-23.5048,30.3191
64.777,14.9688,9.9792,5.0000,-24.0032,46.7481
64.827,14.9688,0.0000,5.0000,-24.5016,38.6735
64.877,14.6570,-6.2370,5.0000,-24.9845,32.8212
64.927,14.5946,-1.2474,5.0000,-25.4642,36.6973
64.977,14.4699,-2.4948,5.0000,-25.9377,35.3657
65.027,14.2204,-4.9896,5.0000,-26.3987,32.7026
65.077,14.1580,-1.2474,5.0000,-26.8566,35.5694
65.127,13.8462,-6.2370,5.0000,-27.2989,30.7264
65.177,13.6591,-3.7422,5.0000,-27.7319,32.2616
65.227,13.4096,-4.9896,5.0000,-28.1524,30.6077
65.277,13.6591,4.9896,5.0000,-28.5853,39.3269
65.327,13.0977,-11.2266,5.0000,-28.9902,24.7554
65.377,13.4096,6.2370,5.0000,-29.4107,39.6917
65.427,13.0354,-7.4844,5.0000,-29.8125,27.6222
65.477,12.6612,-7.4844,5.0000,-30.1955,26.6554
65.527,12.9106,4.9896,5.0000,-30.5911,37.3932
65.577,12.6612,-4.9896,5.0000,-30.9741,28.6741
65.627,12.6612,0.0000,5.0000,-31.3572,32.7114
65.677,12.3493,-6.2370,5.0000,-31.7246,26.8590
65.727,12.4117,1.2474,5.0000,-32.0952,33.0761
65.777,12.3493,-1.2474,5.0000,-32.4627,30.8963
65.827,11.9751,-7.4844,5.0000,-32.8114,24.8829
65.877,12.0998,2.4948,5.0000,-33.1664,33.2798
65.927,12.0375,-1.2474,5.0000,-33.5183,30.0906
65.977,11.4761,-11.2266,5.0000,-33.8421,20.5658
66.027,11.8503,7.4844,5.0000,-34.1846,36.6725
66.077,11.5385,-6.2370,5.0000,-34.5116,24.7642
66.127,11.4761,-1.2474,5.0000,-34.8354,28.6404
66.177,11.6009,2.4948,5.0000,-35.1654,31.9906
66.227,11.4138,-3.7422,5.0000,-35.4861,26.4606
66.277,11.4138,0.0000,5.0000,-35.8068,29.4886
66.327,11.3514,-1.2474,5.0000,-36.1244,28.3181
66.377,11.1019,-4.9896,5.0000,-36.4295,24.6456
66.427,11.1019,0.0000,5.0000,-36.7345,28.6829
66.477,11.2890,3.7422,5.0000,-37.0490,32.1943
66.527,11.1643,-2.4948,5.0000,-37.3572,26.8254
66.577,11.2266,1.2474,5.0000,-37.6685,30.0145
66.627,11.0395,-3.7422,5.0000,-37.9705,25.4938
66.677,11.0395,0.0000,5.0000,-38.2725,28.5217
66.727,11.1019,1.2474,5.0000,-38.5776,29.6922
66.777,11.1643,1.2474,5.0000,-38.8858,29.8533
66.827,11.2266,1.2474,5.0000,-39.1971,30.0145
66.877,10.9772,-4.9896,5.0000,-39.4960,24.3233
66.927,11.0395,1.2474,5.0000,-39.7980,29.5311
66.977,11.2266,3.7422,5.0000,-40.1093,32.0331
67.027,11.0395,-3.7422,5.0000,-40.4113,25.4938
67.077,11.0395,0.0000,5.0000,-40.7132,28.5217
67.127,11.1019,1.2474,5.0000,-41.0183,29.6922
67.177,11.1019,0.0000,5.0000,-41.3234,28.6829
67.227,11.1019,0.0000,5.0000,-41.6285,28.6829
67.277,11.1019,0.0000,5.0000,-41.9336,28.6829
67.327,11.1019,0.0000,5.0000,-42.2387,28.6829
67.377,11.1019,0.0000,5.0000,-42.5438,28.6829
67.427,11.2266,2.4948,5.0000,-42.8551,31.0238
67.477,10.9148,-6.2370,5.0000,-43.1509,23.1528
67.527,11.0395,2.4948,5.0000,-43.4529,30.5404
67.577,11.1019,1.2474,5.0000,-43.7580,29.6922
67.627,11.1643,1.2474,5.0000,-44.0662,29.8533
67.677,11.2266,1.2474,5.0000,-44.3775,30.0145
67.727,11.0395,-3.7422,5.0000,-44.6795,25.4938
67.777,11.1643,2.4948,5.0000,-44.9877,30.8627
67.827,11.1643,0.0000,5.0000,-45.2959,28.8440
67.877,11.1643,0.0000,5.0000,-45.6041,28.8440
67.927,11.1643,0.0000,5.0000,-45.9123,28.8440
67.977,11.2890,2.4948,5.0000,-46.2268,31.1849
68.027,11.1643,-2.4948,5.0000,-46.5350,26.8254
68.077,11.0395,-2.4948,5.0000,-46.8370,26.5031
68.127,11.1019,1.2474,5.0000,-47.1421,29.6922
68.177,10.9772,-2.4948,5.0000,-47.4409,26.3420
68.227,11.0395,1.2474,5.0000,-47.7429,29.5311
68.277,10.9148,-2.4948,5.0000,-48.0386,26.1808
68.327,11.2890,7.4844,5.0000,-48.3531,35.2222
68.377,11.0395,-4.9896,5.0000,-48.6551,24.4845
68.427,11.1019,1.2474,5.0000,-48.9602,29.6922
68.477,11.1019,0.0000,5.0000,-49.2653,28.6829
68.527,10.8524,-4.9896,5.0000,-49.5579,24.0010
68.577,11.0395,3.7422,5.0000,-49.8599,31.5497
68.627,10.9772,-1.2474,5.0000,-50.1587,27.3513
68.677,11.0395,1.2474,5.0000,-50.4607,29.5311
68.727,11.0395,0.0000,5.0000,-50.7627,28.5217
68.777,11.1019,1.2474,5.0000,-51.0678,29.6922
68.827,10.8524,-4.9896,5.0000,-51.3604,24.0010
68.877,11.1019,4.9896,5.0000,-51.6655,32.7202
68.927,10.9148,-3.7422,5.0000,-51.9612,25.1715
68.977,10.9148,0.0000,5.0000,-52.2570,28.1995
69.027,11.2266,6.2370,5.0000,-52.5683,34.0518
69.077,11.0395,-3.7422,5.0000,-52.8703,25.4938
69.127,10.7901,-4.9896,5.0000,-53.1598,23.8399
69.177,10.9148,2.4948,5.0000,-53.4555,30.2181
69.227,11.0395,2.4948,5.0000,-53.7575,30.5404
69.277,10.7901,-4.9896,5.0000,-54.0470,23.8399
69.327,10.9772,3.7422,5.0000,-54.3458,31.3886
69.377,10.7901,-3.7422,5.0000,-54.6354,24.8492
69.427,10.8524,1.2474,5.0000,-54.9280,29.0477
69.477,10.9148,1.2474,5.0000,-55.2237,29.2088
69.527,10.8524,-1.2474,5.0000,-55.5163,27.0290
69.577,10.8524,0.0000,5.0000,-55.8090,28.0383
69.627,10.6653,-3.7422,5.0000,-56.0922,24.5269
69.677,10.6029,-1.2474,5.0000,-56.3724,26.3845
69.727,10.4782,-2.4948,5.0000,-56.6463,25.0528
69.777,10.3535,-2.4948,5.0000,-56.9139,24.7306
69.827,10.3535,0.0000,5.0000,-57.1816,26.7492
69.877,10.2911,-1.2474,5.0000,-57.4462,25.5788
69.927,10.2911,0.0000,5.0000,-57.7107,26.5881
69.977,10.1664,-2.4948,5.0000,-57.9691,24.2471
70.027,9.8545,-6.2370,5.0000,-58.2118,20.4135
70.077,10.0416,3.7422,5.0000,-58.4639,28.9715
70.127,9.8545,-3.7422,5.0000,-58.7066,22.4321
70.177,9.7921,-1.2474,5.0000,-58.9462,24.2896
70.227,9.6674,-2.4948,5.0000,-59.1796,22.9580
70.277,9.4803,-3.7422,5.0000,-59.4036,21.4653
70.327,9.3555,-2.4948,5.0000,-59.6213,22.1524
70.377,9.2308,-2.4948,5.0000,-59.8329,21.8300
70.427,9.1061,-2.4948,5.0000,-60.0382,21.5078
70.477,8.9813,-2.4948,5.0000,-60.2373,21.1855
70.527,9.0437,1.2474,5.0000,-60.4394,24.3746
70.577,8.9190,-2.4948,5.0000,-60.6354,21.0243
70.627,8.6071,-6.2370,5.0000,-60.8157,17.1907
70.677,8.6695,1.2474,5.0000,-60.9992,23.4078
70.727,8.4200,-4.9896,5.0000,-61.1702,17.7166
70.777,8.2953,-2.4948,5.0000,-61.3350,19.4130
70.827,7.9834,-6.2370,5.0000,-61.4842,15.5793
70.877,7.9834,0.0000,5.0000,-61.6333,20.6259
70.927,7.7963,-3.7422,5.0000,-61.7731,17.1145
70.977,7.6092,-3.7422,5.0000,-61.9036,16.6311
71.027,7.4221,-3.7422,5.0000,-62.0247,16.1477
71.077,7.2350,-3.7422,5.0000,-62.1365,15.6643
71.127,6.9855,-4.9896,5.0000,-62.2357,14.0104
71.177,6.9231,-1.2474,5.0000,-62.3319,16.8772
71.227,6.7984,-2.4948,5.0000,-62.4218,15.5456
71.277,6.5489,-4.9896,5.0000,-62.4993,12.8824
71.327,6.2370,-6.2370,5.0000,-62.5611,11.0674
71.377,6.1123,-2.4948,5.0000,-62.6167,13.7731
71.427,5.8628,-4.9896,5.0000,-62.6599,11.1099
71.477,5.6757,-3.7422,5.0000,-62.6936,11.6358
71.527,5.6133,-1.2474,5.0000,-62.7243,13.4933
71.577,5.4886,-2.4948,5.0000,-62.7487,12.1617
71.627,5.4262,-1.2474,5.0000,-62.7700,13.0099
71.677,5.3015,-2.4948,5.0000,-62.7851,11.6783
71.727,5.0520,-4.9896,5.0000,-62.7877,9.0151
71.777,5.2391,3.7422,5.0000,-62.7997,16.5638
71.827,5.0520,-3.7422,5.0000,-62.8023,10.0244
71.877,4.8649,-3.7422,5.0000,-62.7955,9.5410
71.927,4.8649,0.0000,5.0000,-62.7888,12.5690
71.977,4.8649,0.0000,5.0000,-62.7820,12.5690
72.027,4.7402,-2.4948,5.0000,-62.7690,10.2280
72.077,4.6154,-2.4948,5.0000,-62.7498,9.9058
72.127,4.5531,-1.2474,5.0000,-62.7274,10.7539
72.177,4.4283,-2.4948,5.0000,-62.6989,9.4223
72.227,4.4907,1.2474,5.0000,-62.6734,12.6114
72.277,4.4283,-1.2474,5.0000,-62.6448,10.4317
72.327,4.4907,1.2474,5.0000,-62.6193,12.6114
72.377,4.4907,0.0000,5.0000,-62.5939,11.6021
72.427,4.4907,0.0000,5.0000,-62.5684,11.6021
72.477,4.4283,-1.2474,5.0000,-62.5398,10.4317
72.527,4.3659,-1.2474,5.0000,-62.5081,10.2705
72.577,4.5531,3.7422,5.0000,-62.4858,14.7912
72.627,4.4907,-1.2474,5.0000,-62.4603,10.5928
72.677,4.6154,2.4948,5.0000,-62.4411,13.9431
72.727,4.5531,-1.2474,5.0000,-62.4187,10.7539
72.777,4.6778,2.4948,5.0000,-62.4026,14.1042
72.827,4.6154,-1.2474,5.0000,-62.3834,10.9151
72.877,4.7402,2.4948,5.0000,-62.3704,14.2653
72.927,4.8025,1.2474,5.0000,-62.3605,13.4171
72.977,4.8025,0.0000,5.0000,-62.3507,12.4078
73.027,4.8025,0.0000,5.0000,-62.3408,12.4078
73.077,4.8025,0.0000,5.0000,-62.3309,12.4078
73.127,4.9896,3.7422,5.0000,-62.3304,15.9192
73.177,4.9896,0.0000,5.0000,-62.3299,12.8912
73.227,4.9896,0.0000,5.0000,-62.3294,12.8912
73.277,5.1144,2.4948,5.0000,-62.3351,15.2322
73.327,5.0520,-1.2474,5.0000,-62.3377,12.0431
73.377,5.1144,1.2474,5.0000,-62.3434,14.2228
73.427,5.1144,0.0000,5.0000,-62.3491,13.2135
73.477,5.0520,-1.2474,5.0000,-62.3517,12.0431
73.527,5.0520,0.0000,5.0000,-62.3543,13.0524
73.577,5.2391,3.7422,5.0000,-62.3663,16.5638
73.627,5.2391,0.0000,5.0000,-62.3782,13.5358
73.677,5.2391,0.0000,5.0000,-62.3902,13.5358
73.727,5.1144,-2.4948,5.0000,-62.3959,11.1949
73.777,5.1144,0.0000,5.0000,-62.4016,13.2135
73.827,5.0520,-1.2474,5.0000,-62.4042,12.0431
73.877,5.1144,1.2474,5.0000,-62.4099,14.2228
73.927,5.1768,1.2474,5.0000,-62.4188,14.3840
73.977,5.1144,-1.2474,5.0000,-62.4245,12.2042
74.027,5.0520,-1.2474,5.0000,-62.4271,12.0431
74.077,5.1144,1.2474,5.0000,-62.4328,14.2228
74.127,5.1144,0.0000,5.0000,-62.4385,13.2135
74.177,5.1144,0.0000,5.0000,-62.4443,13.2135
74.227,5.1768,1.2474,5.0000,-62.4531,14.3840
74.277,5.1144,-1.2474,5.0000,-62.4588,12.2042
74.327,5.1768,1.2474,5.0000,-62.4677,14.3840
74.377,5.1144,-1.2474,5.0000,-62.4734,12.2042
74.427,5.1768,1.2474,5.0000,-62.4822,14.3840
74.477,5.1768,0.0000,5.0000,-62.4911,13.3747
74.527,5.1768,0.0000,5.0000,-62.4999,13.3747
74.577,5.1144,-1.2474,5.0000,-62.5056,12.2042
74.627,5.1768,1.2474,5.0000,-62.5145,14.3840
74.677,5.1768,0.0000,5.0000,-62.5233,13.3747
74.727,5.1768,0.0000,5.0000,-62.5321,13.3747
74.777,5.1768,0.0000,5.0000,-62.5410,13.3747
74.827,5.1144,-1.2474,5.0000,-62.5467,12.2042
74.877,5.1144,0.0000,5.0000,-62.5524,13.2135
74.927,5.1144,0.0000,5.0000,-62.5581,13.2135
74.977,5.0520,-1.2474,5.0000,-62.5607,12.0431
75.027,5.1768,2.4948,5.0000,-62.5696,15.3933
75.077,5.1768,0.0000,5.0000,-62.5784,13.3747
75.127,5.1768,0.0000,5.0000,-62.5873,13.3747
75.177,5.3015,2.4948,5.0000,-62.6023,15.7156
75.227,5.1144,-3.7422,5.0000,-62.6081,10.1855
75.277,5.0520,-1.2474,5.0000,-62.6107,12.0431
75.327,5.1768,2.4948,5.0000,-62.6195,15.3933
75.377,5.1144,-1.2474,5.0000,-62.6252,12.2042
75.427,5.2391,2.4948,5.0000,-62.6372,15.5544
75.477,5.0520,-3.7422,5.0000,-62.6398,10.0244
75.527,5.1144,1.2474,5.0000,-62.6455,14.2228
75.577,5.0520,-1.2474,5.0000,-62.6481,12.0431
75.627,5.0520,0.0000,5.0000,-62.6507,13.0524
75.677,5.1768,2.4948,5.0000,-62.6595,15.3933
75.727,4.9896,-3.7422,5.0000,-62.6590,9.8633
75.777,5.1768,3.7422,5.0000,-62.6678,16.4026
75.827,5.0520,-2.4948,5.0000,-62.6704,11.0337
75.877,5.1144,1.2474,5.0000,-62.6762,14.2228
75.927,5.2391,2.4948,5.0000,-62.6881,15.5544
75.977,5.1144,-2.4948,5.0000,-62.6938,11.1949
76.027,5.1768,1.2474,5.0000,-62.7027,14.3840
76.077,5.0520,-2.4948,5.0000,-62.7053,11.0337
76.127,5.1144,1.2474,5.0000,-62.7110,14.2228
76.177,5.1768,1.2474,5.0000,-62.7198,14.3840
76.227,5.1768,0.0000,5.0000,-62.7287,13.3747
76.277,5.2391,1.2474,5.0000,-62.7406,14.5451
76.327,5.1768,-1.2474,5.0000,-62.7495,12.3653
76.377,5.0520,-2.4948,5.0000,-62.7521,11.0337
76.427,5.1768,2.4948,5.0000,-62.7609,15.3933
76.477,5.1144,-1.2474,5.0000,-62.7666,12.2042
76.527,5.2391,2.4948,5.0000,-62.7786,15.5544
76.577,5.0520,-3.7422,5.0000,-62.7812,10.0244
76.627,5.1144,1.2474,5.0000,-62.7869,14.2228
76.677,5.1144,0.0000,5.0000,-62.7926,13.2135
76.727,5.0520,-1.2474,5.0000,-62.7952,12.0431
76.777,5.1768,2.4948,5.0000,-62.8041,15.3933
76.827,5.1768,0.0000,5.0000,-62.8129,13.3747
76.877,5.1768,0.0000,5.0000,-62.8218,13.3747
76.927,5.1144,-1.2474,5.0000,-62.8275,12.2042
76.977,5.1768,1.2474,5.0000,-62.8363,14.3840
77.027,5.1144,-1.2474,5.0000,-62.8420,12.2042
77.077,5.2391,2.4948,5.0000,-62.8540,15.5544
77.127,5.0520,-3.7422,5.0000,-62.8566,10.0244
77.177,5.1144,1.2474,5.0000,-62.8623,14.2228
77.227,4.9896,-2.4948,5.0000,-62.8618,10.8726
77.277,5.0520,1.2474,5.0000,-62.8644,14.0617
77.327,5.1768,2.4948,5.0000,-62.8732,15.3933
77.377,5.1768,0.0000,5.0000,-62.8821,13.3747
77.427,5.0520,-2.4948,5.0000,-62.8847,11.0337
77.477,5.0520,0.0000,5.0000,-62.8873,13.0524
77.527,5.0520,0.0000,5.0000,-62.8899,13.0524
77.577,5.1144,1.2474,5.0000,-62.8956,14.2228
77.627,5.0520,-1.2474,5.0000,-62.8982,12.0431
77.677,5.1144,1.2474,5.0000,-62.9039,14.2228
77.727,5.0520,-1.2474,5.0000,-62.9065,12.0431
77.777,5.1144,1.2474,5.0000,-62.9122,14.2228
77.827,5.1144,0.0000,5.0000,-62.9179,13.2135
77.877,5.1144,0.0000,5.0000,-62.9237,13.2135
77.927,5.1144,0.0000,5.0000,-62.9294,13.2135
77.977,5.1144,0.0000,5.0000,-62.9351,13.2135
78.027,5.1144,0.0000,5.0000,-62.9408,13.2135
78.077,5.1144,0.0000,5.0000,-62.9465,13.2135
78.127,5.1768,1.2474,5.0000,-62.9554,14.3840
78.177,5.1768,0.0000,5.0000,-62.9642,13.3747
78.227,5.1144,-1.2474,5.0000,-62.9699,12.2042
78.277,5.1144,0.0000,5.0000,-62.9757,13.2135
78.327,5.0520,-1.2474,5.0000,-62.9783,12.0431
78.377,5.0520,0.0000,5.0000,-62.9809,13.0524
78.427,5.1768,2.4948,5.0000,-62.9897,15.3933
78.477,5.2391,1.2474,5.0000,-63.0017,14.5451
78.527,5.2391,0.0000,5.0000,-63.0136,13.5358
78.577,5.1144,-2.4948,5.0000,-63.0193,11.1949
78.627,5.1768,1.2474,5.0000,-63.0282,14.3840
78.677,5.1768,0.0000,5.0000,-63.0370,13.3747
78.727,5.1768,0.0000,5.0000,-63.0459,13.3747
78.777,5.1768,0.0000,5.0000,-63.0547,13.3747
78.827,5.1768,0.0000,5.0000,-63.0635,13.3747
78.877,5.1768,0.0000,5.0000,-63.0724,13.3747
78.927,5.1144,-1.2474,5.0000,-63.0781,12.2042
78.977,5.1144,0.0000,5.0000,-63.0838,13.2135
79.027,5.1144,0.0000,5.0000,-63.0895,13.2135
79.077,5.1768,1.2474,5.0000,-63.0984,14.3840
79.127,5.1144,-1.2474,5.0000,-63.1041,12.2042
79.177,5.0520,-1.2474,5.0000,-63.1067,12.0431
79.227,5.1768,2.4948,5.0000,-63.1155,15.3933
79.277,5.1144,-1.2474,5.0000,-63.1213,12.2042
79.327,5.0520,-1.2474,5.0000,-63.1239,12.0431
79.377,5.1144,1.2474,5.0000,-63.1296,14.2228
79.427,5.1768,1.2474,5.0000,-63.1384,14.3840
79.477,5.0520,-2.4948,5.0000,-63.1410,11.0337
79.527,5.0520,0.0000,5.0000,-63.1436,13.0524
79.577,5.0520,0.0000,5.0000,-63.1462,13.0524
79.627,5.1144,1.2474,5.0000,-63.1519,14.2228
79.677,4.9896,-2.4948,5.0000,-63.1514,10.8726
79.727,5.2391,4.9896,5.0000,-63.1634,17.5731
79.777,5.1768,-1.2474,5.0000,-63.1722,12.3653
79.827,4.9896,-3.7422,5.0000,-63.1717,9.8633
79.877,5.1144,2.4948,5.0000,-63.1774,15.2322
79.927,5.1768,1.2474,5.0000,-63.1863,14.3840
79.977,4.9896,-3.7422,5.0000,-63.1857,9.8633
80.027,5.1144,2.4948,5.0000,-63.1915,15.2322
80.077,5.1144,0.0000,5.0000,-63.1972,13.2135
80.127,5.0520,-1.2474,5.0000,-63.1998,12.0431
80.177,5.1768,2.4948,5.0000,-63.2086,15.3933
80.227,5.0520,-2.4948,5.0000,-63.2112,11.0337
80.277,5.1768,2.4948,5.0000,-63.2201,15.3933
80.327,5.0520,-2.4948,5.0000,-63.2227,11.0337
80.377,5.0520,0.0000,5.0000,-63.2253,13.0524
80.427,5.0520,0.0000,5.0000,-63.2279,13.0524
80.477,5.1144,1.2474,5.0000,-63.2336,14.2228
80.527,5.0520,-1.2474,5.0000,-63.2362,12.0431
80.577,4.9896,-1.2474,5.0000,-63.2357,11.8819
80.627,5.1144,2.4948,5.0000,-63.2414,15.2322
80.677,5.0520,-1.2474,5.0000,-63.2440,12.0431
80.727,5.0520,0.0000,5.0000,-63.2466,13.0524
80.777,4.9896,-1.2474,5.0000,-63.2461,11.8819
80.827,5.1144,2.4948,5.0000,-63.2518,15.2322
80.877,5.0520,-1.2474,5.0000,-63.2544,12.0431
80.927,5.0520,0.0000,5.0000,-63.2570,13.0524
80.977,5.1768,2.4948,5.0000,-63.2658,15.3933
81.027,5.0520,-2.4948,5.0000,-63.2684,11.0337
81.077,5.0520,0.0000,5.0000,-63.2710,13.0524
81.127,5.1144,1.2474,5.0000,-63.2767,14.2228
81.177,5.1768,1.2474,5.0000,-63.2856,14.3840
81.227,5.1144,-1.2474,5.0000,-63.2913,12.2042
81.277,5.1768,1.2474,5.0000,-63.3001,14.3840
81.327,5.1144,-1.2474,5.0000,-63.3059,12.2042
81.377,5.0520,-1.2474,5.0000,-63.3085,12.0431
81.427,5.1144,1.2474,5.0000,-63.3142,14.2228
81.477,5.1144,0.0000,5.0000,-63.3199,13.2135
81.527,5.0520,-1.2474,5.0000,-63.3225,12.0431
81.577,5.1144,1.2474,5.0000,-63.3282,14.2228
81.627,5.0520,-1.2474,5.0000,-63.3308,12.0431
81.677,5.0520,0.0000,5.0000,-63.3334,13.0524
81.727,5.1144,1.2474,5.0000,-63.3391,14.2228
81.777,4.9896,-2.4948,5.0000,-63.3386,10.8726
81.827,5.1144,2.4948,5.0000,-63.3443,15.2322
81.877,5.1144,0.0000,5.0000,-63.3501,13.2135
81.927,5.1144,0.0000,5.0000,-63.3558,13.2135
81.977,5.1144,0.0000,5.0000,-63.3615,13.2135
82.027,5.1144,0.0000,5.0000,-63.3672,13.2135
82.077,5.1768,1.2474,5.0000,-63.3761,14.3840
82.127,5.1768,0.0000,5.0000,-63.3849,13.3747
82.177,5.1144,-1.2474,5.0000,-63.3906,12.2042
82.227,5.1144,0.0000,5.0000,-63.3963,13.2135
82.277,5.1768,1.2474,5.0000,-63.4052,14.3840
82.327,5.1144,-1.2474,5.0000,-63.4109,12.2042
82.377,4.9896,-2.4948,5.0000,-63.4104,10.8726
82.427,5.1144,2.4948,5.0000,-63.4161,15.2322
82.477,5.1768,1.2474,5.0000,-63.4249,14.3840
82.527,5.0520,-2.4948,5.0000,-63.4275,11.0337
82.577,5.2391,3.7422,5.0000,-63.4395,16.5638
82.627,5.1144,-2.4948,5.0000,-63.4452,11.1949
82.677,5.0520,-1.2474,5.0000,-63.4478,12.0431
82.727,5.0520,0.0000,5.0000,-63.4504,13.0524
82.777,5.0520,0.0000,5.0000,-63.4530,13.0524
82.827,5.0520,0.0000,5.0000,-63.4556,13.0524
82.877,5.1768,2.4948,5.0000,-63.4644,15.3933
82.927,5.1768,0.0000,5.0000,-63.4733,13.3747
82.977,5.1144,-1.2474,5.0000,-63.4790,12.2042
83.027,5.0520,-1.2474,5.0000,-63.4816,12.0431
83.077,5.1144,1.2474,5.0000,-63.4873,14.2228
83.127,5.0520,-1.2474,5.0000,-63.4899,12.0431
83.177,5.1144,1.2474,5.0000,-63.4956,14.2228
83.227,5.1144,0.0000,5.0000,-63.5014,13.2135
83.277,5.1768,1.2474,5.0000,-63.5102,14.3840
83.327,5.1144,-1.2474,5.0000,-63.5159,12.2042
83.377,5.1144,0.0000,5.0000,-63.5216,13.2135
83.427,5.0520,-1.2474,5.0000,-63.5242,12.0431
83.477,5.1144,1.2474,5.0000,-63.5300,14.2228
83.527,5.0520,-1.2474,5.0000,-63.5326,12.0431
83.577,5.0520,0.0000,5.0000,-63.5352,13.0524
83.627,5.2391,3.7422,5.0000,-63.5471,16.5638
83.677,5.1144,-2.4948,5.0000,-63.5528,11.1949
83.727,5.1144,0.0000,5.0000,-63.5586,13.2135
83.777,5.1144,0.0000,5.0000,-63.5643,13.2135
83.827,5.0520,-1.2474,5.0000,-63.5669,12.0431
83.877,5.1768,2.4948,5.0000,-63.5757,15.3933
83.927,5.0520,-2.4948,5.0000,-63.5783,11.0337
83.977,5.1144,1.2474,5.0000,-63.5840,14.2228
84.027,5.1144,0.0000,5.0000,-63.5898,13.2135
84.077,5.1144,0.0000,5.0000,-63.5955,13.2135
84.127,5.1144,0.0000,5.0000,-63.6012,13.2135
84.177,5.2391,2.4948,5.0000,-63.6132,15.5544
84.227,5.0520,-3.7422,5.0000,-63.6158,10.0244
84.277,4.9896,-1.2474,5.0000,-63.6152,11.8819
84.327,5.0520,1.2474,5.0000,-63.6178,14.0617
84.377,5.0520,0.0000,5.0000,-63.6204,13.0524
84.427,5.1768,2.4948,5.0000,-63.6293,15.3933
84.477,5.0520,-2.4948,5.0000,-63.6319,11.0337
84.527,5.1768,2.4948,5.0000,-63.6407,15.3933
84.577,5.1144,-1.2474,5.0000,-63.6464,12.2042
84.627,5.1144,0.0000,5.0000,-63.6522,13.2135
84.677,5.1144,0.0000,8.0000,0.1443,13.2135
84.727,5.1144,0.0000,8.0000,0.2886,13.2135
84.777,5.0520,-1.2474,8.0000,0.4360,12.0431
84.827,5.0520,0.0000,8.0000,0.5834,13.0524
84.877,5.1144,1.2474,8.0000,0.7276,14.2228
84.927,5.1144,0.0000,8.0000,0.8719,13.2135
84.977,5.1144,0.0000,8.0000,1.0162,13.2135
85.027,5.1144,0.0000,8.0000,1.1605,13.2135
85.077,5.0520,-1.2474,8.0000,1.3079,12.0431
85.127,5.0520,0.0000,8.0000,1.4553,13.0524
85.177,5.0520,0.0000,8.0000,1.6027,13.0524
85.227,5.1768,2.4948,8.0000,1.7438,15.3933
85.277,5.1144,-1.2474,8.0000,1.8881,12.2042
85.327,5.1144,0.0000,8.0000,2.0324,13.2135
85.377,5.0520,-1.2474,8.0000,2.1798,12.0431
85.427,5.1768,2.4948,8.0000,2.3210,15.3933
85.477,5.1144,-1.2474,8.0000,2.4652,12.2042
85.527,5.1768,1.2474,8.0000,2.6064,14.3840
85.577,5.1768,0.0000,8.0000,2.7476,13.3747
85.627,5.0520,-2.4948,8.0000,2.8950,11.0337
85.677,5.0520,0.0000,8.0000,3.0424,13.0524
85.727,5.1768,2.4948,8.0000,3.1835,15.3933
85.777,5.1768,0.0000,8.0000,3.3247,13.3747
85.827,5.0520,-2.4948,8.0000,3.4721,11.0337
85.877,5.1144,1.2474,8.0000,3.6164,14.2228
85.927,5.1144,0.0000,8.0000,3.7606,13.2135
85.977,5.1768,1.2474,8.0000,3.9018,14.3840
86.027,5.1144,-1.2474,8.0000,4.0461,12.2042
86.077,5.1144,0.0000,8.0000,4.1904,13.2135
86.127,5.2391,2.4948,8.0000,4.3284,15.5544
86.177,5.1768,-1.2474,8.0000,4.4696,12.3653
86.227,5.2391,1.2474,8.0000,4.6076,14.5451
86.277,5.1144,-2.4948,8.0000,4.7519,11.1949
86.327,5.1768,1.2474,8.0000,4.8931,14.3840
86.377,5.1768,0.0000,8.0000,5.0342,13.3747
86.427,5.1144,-1.2474,8.0000,5.1785,12.2042
86.477,5.1768,1.2474,8.0000,5.3197,14.3840
86.527,5.1144,-1.2474,8.0000,5.4639,12.2042
86.577,5.1144,0.0000,8.0000,5.6082,13.2135
86.627,5.1768,1.2474,8.0000,5.7494,14.3840
86.677,5.1144,-1.2474,8.0000,5.8937,12.2042
86.727,5.1144,0.0000,8.0000,6.0379,13.2135
86.777,5.1768,1.2474,8.0000,6.1791,14.3840
86.827,5.1768,0.0000,8.0000,6.3203,13.3747
86.877,5.1768,0.0000,8.0000,6.4614,13.3747
86.927,5.2391,1.2474,8.0000,6.5995,14.5451
86.977,5.1768,-1.2474,8.0000,6.7406,12.3653
87.027,5.1144,-1.2474,8.0000,6.8849,12.2042
87.077,5.1768,1.2474,8.0000,7.0261,14.3840
87.127,5.1768,0.0000,8.0000,7.1672,13.3747
87.177,5.1768,0.0000,8.0000,7.3084,13.3747
87.227,5.0520,-2.4948,8.0000,7.4558,11.0337
87.277,5.1768,2.4948,8.0000,7.5969,15.3933
87.327,5.1768,0.0000,8.0000,7.7381,13.3747
87.377,5.1144,-1.2474,8.0000,7.8824,12.2042
87.427,5.1768,1.2474,8.0000,8.0235,14.3840
87.477,5.1144,-1.2474,8.0000,8.1678,12.2042
87.527,5.1768,1.2474,8.0000,8.3090,14.3840
87.577,5.0520,-2.4948,8.0000,8.4564,11.0337
87.627,5.1768,2.4948,8.0000,8.5975,15.3933
87.677,5.1768,0.0000,8.0000,8.7387,13.3747
87.727,5.1768,0.0000,8.0000,8.8799,13.3747
87.777,5.0520,-2.4948,8.0000,9.0273,11.0337
87.827,5.1144,1.2474,8.0000,9.1715,14.2228
87.877,5.1768,1.2474,8.0000,9.3127,14.3840
87.927,5.1768,0.0000,8.0000,9.4539,13.3747
87.977,5.1768,0.0000,8.0000,9.5950,13.3747
88.027,5.1768,0.0000,8.0000,9.7362,13.3747
88.077,5.1768,0.0000,8.0000,9.8773,13.3747
88.127,5.1144,-1.2474,8.0000,10.0216,12.2042
88.177,5.0520,-1.2474,8.0000,10.1690,12.0431
88.227,5.1144,1.2474,8.0000,10.3133,14.2228
88.277,5.1144,0.0000,8.0000,10.4576,13.2135
88.327,5.2391,2.4948,8.0000,10.5956,15.5544
88.377,5.0520,-3.7422,8.0000,10.7430,10.0244
88.427,5.3015,4.9896,8.0000,10.8779,17.7342
88.477,5.1144,-3.7422,8.0000,11.0222,10.1855
88.527,5.2391,2.4948,8.0000,11.1603,15.5544
88.577,5.0520,-3.7422,8.0000,11.3077,10.0244
88.627,5.1768,2.4948,8.0000,11.4488,15.3933
88.677,5.1144,-1.2474,8.0000,11.5931,12.2042
88.727,5.1144,0.0000,8.0000,11.7374,13.2135
88.777,5.2391,2.4948,8.0000,11.8754,15.5544
88.827,5.1768,-1.2474,8.0000,12.0166,12.3653
88.877,5.2391,1.2474,8.0000,12.1546,14.5451
88.927,5.1144,-2.4948,8.0000,12.2989,11.1949
88.977,5.1768,1.2474,8.0000,12.4401,14.3840
89.027,5.1768,0.0000,8.0000,12.5812,13.3747
89.077,5.1768,0.0000,8.0000,12.7224,13.3747
89.127,5.1768,0.0000,8.0000,12.8636,13.3747
89.177,5.1768,0.0000,8.0000,13.0047,13.3747
89.227,5.1768,0.0000,8.0000,13.1459,13.3747
89.277,5.1768,0.0000,8.0000,13.2870,13.3747
89.327,5.1768,0.0000,8.0000,13.4282,13.3747
89.377,5.2391,1.2474,8.0000,13.5662,14.5451
89.427,5.3015,1.2474,8.0000,13.7012,14.7063
89.477,5.3639,1.2474,8.0000,13.8330,14.8674
89.527,5.4262,1.2474,8.0000,13.9617,15.0285
89.577,5.4886,1.2474,8.0000,14.0872,15.1897
89.627,5.4886,0.0000,8.0000,14.2128,14.1804
89.677,5.5510,1.2474,8.0000,14.3353,15.3508
89.727,5.5510,0.0000,8.0000,14.4577,14.3415
89.777,5.6133,1.2474,8.0000,14.5770,15.5120
89.827,5.8005,3.7422,8.0000,14.6870,18.0140
89.877,5.8005,0.0000,8.0000,14.7970,14.9860
89.927,5.8005,0.0000,8.0000,14.9070,14.9860
89.977,5.8628,1.2474,8.0000,15.0138,16.1565
90.027,5.9876,2.4948,8.0000,15.1144,17.4881
90.077,6.1123,2.4948,8.0000,15.2088,17.8104
90.127,6.1123,0.0000,8.0000,15.3032,15.7917
90.177,6.2370,2.4948,8.0000,15.3914,18.1327
90.227,6.2994,1.2474,8.0000,15.4764,17.2845
90.277,6.2994,0.0000,8.0000,15.5614,16.2752
90.327,6.4242,2.4948,8.0000,15.6402,18.6161
90.377,6.3618,-1.2474,8.0000,15.7221,15.4270
90.427,6.3618,0.0000,8.0000,15.8040,16.4363
90.477,6.4865,2.4948,8.0000,15.8797,18.7772
90.527,6.6113,2.4948,8.0000,15.9491,19.0995
90.577,6.7984,3.7422,8.0000,16.0092,20.5923
90.627,6.7360,-1.2474,8.0000,16.0724,16.3938
90.677,6.8607,2.4948,8.0000,16.1294,19.7441
90.727,6.8607,0.0000,8.0000,16.1864,17.7254
90.777,6.7984,-1.2474,8.0000,16.2464,16.5550
90.827,6.7984,0.0000,8.0000,16.3065,17.5643
90.877,6.7984,0.0000,8.0000,16.3666,17.5643
90.927,6.8607,1.2474,8.0000,16.4236,18.7347
90.977,6.7984,-1.2474,8.0000,16.4836,16.5550
91.027,6.9231,2.4948,8.0000,16.5375,19.9052
91.077,6.9855,1.2474,8.0000,16.5882,19.0570
91.127,6.9231,-1.2474,8.0000,16.6421,16.8772
91.177,6.9231,0.0000,8.0000,16.6959,17.8866
91.227,6.8607,-1.2474,8.0000,16.7529,16.7161
91.277,6.9855,2.4948,8.0000,16.8036,20.0663
91.327,6.9231,-1.2474,8.0000,16.8574,16.8772
91.377,7.0479,2.4948,8.0000,16.9050,20.2275
91.427,6.9231,-2.4948,8.0000,16.9589,15.8679
91.477,6.8607,-1.2474,8.0000,17.0158,16.7161
91.527,6.8607,0.0000,8.0000,17.0728,17.7254
91.577,6.9231,1.2474,8.0000,17.1267,18.8959
91.627,6.8607,-1.2474,8.0000,17.1836,16.7161
91.677,6.9855,2.4948,8.0000,17.2343,20.0663
91.727,6.9855,0.0000,8.0000,17.2851,18.0477
91.777,6.9231,-1.2474,8.0000,17.3389,16.8772
91.827,6.9855,1.2474,8.0000,17.3896,19.0570
91.877,7.0479,1.2474,8.0000,17.4372,19.2182
91.927,6.9231,-2.4948,8.0000,17.4911,15.8679
91.977,6.9855,1.2474,8.0000,17.5418,19.0570
92.027,7.1726,3.7422,8.0000,17.5832,21.5591
92.077,7.1726,0.0000,8.0000,17.6246,18.5311
92.127,7.0479,-2.4948,8.0000,17.6722,16.1902
92.177,7.2350,3.7422,8.0000,17.7104,21.7202
92.227,7.1726,-1.2474,8.0000,17.7518,17.5218
92.277,7.2350,1.2474,8.0000,17.7900,19.7016
92.327,7.1726,-1.2474,8.0000,17.8314,17.5218
92.377,7.1102,-1.2474,8.0000,17.8759,17.3607
92.427,7.1726,1.2474,8.0000,17.9173,19.5404
92.477,7.1726,0.0000,8.0000,17.9586,18.5311
92.527,7.2350,1.2474,8.0000,17.9969,19.7016
92.577,7.1102,-2.4948,8.0000,18.0414,16.3513
92.627,7.2350,2.4948,8.0000,18.0796,20.7109
92.677,7.1102,-2.4948,8.0000,18.1241,16.3513
92.727,7.1726,1.2474,8.0000,18.1655,19.5404
92.777,7.2350,1.2474,8.0000,18.2037,19.7016
92.827,7.2973,1.2474,8.0000,18.2389,19.8627
92.877,7.1726,-2.4948,8.0000,18.2802,16.5125
92.927,7.1726,0.0000,8.0000,18.3216,18.5311
92.977,7.2350,1.2474,8.0000,18.3599,19.7016
93.027,7.1726,-1.2474,8.0000,18.4012,17.5218
93.077,7.1726,0.0000,8.0000,18.4426,18.5311
93.127,7.2350,1.2474,8.0000,18.4809,19.7016
93.177,7.1726,-1.2474,8.0000,18.5222,17.5218
93.227,7.2350,1.2474,8.0000,18.5605,19.7016
93.277,7.2350,0.0000,8.0000,18.5987,18.6923
93.327,7.1726,-1.2474,8.0000,18.6401,17.5218
93.377,7.1102,-1.2474,8.0000,18.6846,17.3607
93.427,7.1726,1.2474,8.0000,18.7260,19.5404
93.477,7.1726,0.0000,8.0000,18.7673,18.5311
93.527,7.1102,-1.2474,8.0000,18.8118,17.3607
93.577,7.2350,2.4948,8.0000,18.8501,20.7109
93.627,7.1726,-1.2474,8.0000,18.8914,17.5218
93.677,7.1726,0.0000,8.0000,18.9328,18.5311
93.727,7.1726,0.0000,8.0000,18.9742,18.5311
93.777,7.2350,1.2474,8.0000,19.0124,19.7016
93.827,7.1102,-2.4948,8.0000,19.0569,16.3513
93.877,7.1102,0.0000,8.0000,19.1014,18.3700
93.927,7.1726,1.2474,8.0000,19.1428,19.5404
93.977,7.2350,1.2474,8.0000,19.1810,19.7016
94.027,7.2350,0.0000,8.0000,19.2193,18.6923
94.077,7.2350,0.0000,8.0000,19.2575,18.6923
94.127,7.2350,0.0000,8.0000,19.2958,18.6923
94.177,7.2973,1.2474,8.0000,19.3309,19.8627
94.227,7.2350,-1.2474,8.0000,19.3692,17.6829
94.277,7.2973,1.2474,8.0000,19.4043,19.8627
94.327,7.1726,-2.4948,8.0000,19.4457,16.5125
94.377,7.2350,1.2474,8.0000,19.4839,19.7016
94.427,7.2973,1.2474,8.0000,19.5190,19.8627
94.477,7.1726,-2.4948,8.0000,19.5604,16.5125
94.527,7.2350,1.2474,8.0000,19.5987,19.7016
94.577,7.1726,-1.2474,8.0000,19.6400,17.5218
94.627,7.2350,1.2474,8.0000,19.6783,19.7016
94.677,7.2350,0.0000,8.0000,19.7165,18.6923
94.727,7.1726,-1.2474,8.0000,19.7579,17.5218
94.777,7.1726,0.0000,8.0000,19.7993,18.5311
94.827,7.1726,0.0000,8.0000,19.8406,18.5311
94.877,7.1726,0.0000,8.0000,19.8820,18.5311
94.927,7.1726,0.0000,8.0000,19.9234,18.5311
94.977,7.2350,1.2474,8.0000,19.9616,19.7016
95.027,7.2350,0.0000,8.0000,19.9999,18.6923
95.077,7.1726,-1.2474,8.0000,20.0413,17.5218
95.127,7.1726,0.0000,8.0000,20.0826,18.5311
95.177,7.2350,1.2474,8.0000,20.1209,19.7016
95.227,7.2350,0.0000,8.0000,20.1591,18.6923
95.277,7.1102,-2.4948,8.0000,20.2036,16.3513
95.327,7.2973,3.7422,8.0000,20.2388,21.8814
95.377,7.1102,-3.7422,8.0000,20.2832,15.3420
95.427,7.1726,1.2474,8.0000,20.3246,19.5404
95.477,7.1726,0.0000,8.0000,20.3660,18.5311
95.527,7.1726,0.0000,8.0000,20.4074,18.5311
95.577,7.1102,-1.2474,8.0000,20.4518,17.3607
95.627,7.1102,0.0000,8.0000,20.4963,18.3700
95.677,7.2350,2.4948,8.0000,20.5346,20.7109
95.727,7.2350,0.0000,8.0000,20.5728,18.6923
95.777,7.2973,1.2474,8.0000,20.6080,19.8627
95.827,7.1102,-3.7422,8.0000,20.6525,15.3420
95.877,7.2350,2.4948,8.0000,20.6907,20.7109
95.927,7.2350,0.0000,8.0000,20.7290,18.6923
95.977,7.1726,-1.2474,8.0000,20.7703,17.5218
96.027,7.1726,0.0000,8.0000,20.8117,18.5311
96.077,7.1726,0.0000,8.0000,20.8531,18.5311
96.127,7.2350,1.2474,8.0000,20.8913,19.7016
96.177,7.2350,0.0000,8.0000,20.9296,18.6923
96.227,7.2350,0.0000,8.0000,20.9678,18.6923
96.277,7.1102,-2.4948,8.0000,21.0123,16.3513
96.327,7.2973,3.7422,8.0000,21.0474,21.8814
96.377,7.2973,0.0000,8.0000,21.0826,18.8534
96.427,7.2350,-1.2474,8.0000,21.1208,17.6829
96.477,7.2973,1.2474,8.0000,21.1560,19.8627
96.527,7.2350,-1.2474,8.0000,21.1942,17.6829
96.577,7.1726,-1.2474,8.0000,21.2356,17.5218
96.627,7.2350,1.2474,8.0000,21.2738,19.7016
96.677,7.2350,0.0000,8.0000,21.3121,18.6923
96.727,7.1726,-1.2474,8.0000,21.3535,17.5218
96.777,7.2350,1.2474,8.0000,21.3917,19.7016
96.827,7.2973,1.2474,8.0000,21.4268,19.8627
96.877,7.1726,-2.4948,8.0000,21.4682,16.5125
96.927,7.2350,1.2474,8.0000,21.5065,19.7016
96.977,7.2973,1.2474,8.0000,21.5416,19.8627
97.027,7.2350,-1.2474,8.0000,21.5798,17.6829
97.077,7.1726,-1.2474,8.0000,21.6212,17.5218
97.127,7.1726,0.0000,8.0000,21.6626,18.5311
97.177,7.2350,1.2474,8.0000,21.7008,19.7016
97.227,7.2350,0.0000,8.0000,21.7391,18.6923
97.277,7.0479,-3.7422,8.0000,21.7867,15.1809
97.327,7.2350,3.7422,8.0000,21.8249,21.7202
97.377,7.3597,2.4948,8.0000,21.8570,21.0332
97.427,7.2350,-2.4948,8.0000,21.8952,16.6736
97.477,7.2350,0.0000,8.0000,21.9335,18.6923
97.527,7.2973,1.2474,8.0000,21.9686,19.8627
97.577,7.1726,-2.4948,8.0000,22.0100,16.5125
97.627,7.1102,-1.2474,8.0000,22.0544,17.3607
97.677,7.2350,2.4948,8.0000,22.0927,20.7109
97.727,7.1726,-1.2474,8.0000,22.1341,17.5218
97.777,7.2350,1.2474,8.0000,22.1723,19.7016
97.827,7.2350,0.0000,8.0000,22.2106,18.6923
97.877,7.1102,-2.4948,8.0000,22.2551,16.3513
97.927,7.1726,1.2474,8.0000,22.2964,19.5404
97.977,7.1726,0.0000,8.0000,22.3378,18.5311
98.027,7.2973,2.4948,8.0000,22.3729,20.8720
98.077,7.2350,-1.2474,8.0000,22.4112,17.6829
98.127,7.1102,-2.4948,8.0000,22.4557,16.3513
98.177,7.0479,-1.2474,8.0000,22.5033,17.1995
98.227,7.1726,2.4948,8.0000,22.5446,20.5498
98.277,7.2973,2.4948,8.0000,22.5798,20.8720
98.327,7.1726,-2.4948,8.0000,22.6212,16.5125
98.377,7.2973,2.4948,8.0000,22.6563,20.8720
98.427,7.1726,-2.4948,8.0000,22.6977,16.5125
98.477,7.2973,2.4948,8.0000,22.7328,20.8720
98.527,7.2973,0.0000,8.0000,22.7679,18.8534
98.577,7.1102,-3.7422,8.0000,22.8124,15.3420
98.627,7.2350,2.4948,8.0000,22.8507,20.7109
98.677,7.1726,-1.2474,8.0000,22.8920,17.5218
98.727,7.1726,0.0000,8.0000,22.9334,18.5311
98.777,7.1726,0.0000,8.0000,22.9748,18.5311
98.827,7.2350,1.2474,8.0000,23.0130,19.7016
98.877,7.2350,0.0000,8.0000,23.0513,18.6923
98.927,7.1102,-2.4948,8.0000,23.0958,16.3513
98.977,7.2350,2.4948,8.0000,23.1340,20.7109
99.027,7.1726,-1.2474,8.0000,23.1754,17.5218
99.077,7.1726,0.0000,8.0000,23.2168,18.5311
99.127,7.1726,0.0000,8.0000,23.2581,18.5311
99.177,7.2350,1.2474,8.0000,23.2964,19.7016
99.227,7.2350,0.0000,8.0000,23.3346,18.6923
99.277,7.2973,1.2474,8.0000,23.3698,19.8627
99.327,7.1726,-2.4948,8.0000,23.4111,16.5125
99.377,7.2350,1.2474,8.0000,23.4494,19.7016
99.427,7.1726,-1.2474,8.0000,23.4908,17.5218
99.477,7.1102,-1.2474,8.0000,23.5352,17.3607
99.527,7.1726,1.2474,8.0000,23.5766,19.5404
99.577,7.2973,2.4948,8.0000,23.6117,20.8720
99.627,7.2350,-1.2474,8.0000,23.6500,17.6829
99.677,7.2350,0.0000,8.0000,23.6882,18.6923
99.727,7.1726,-1.2474,8.0000,23.7296,17.5218
99.777,7.2350,1.2474,8.0000,23.7679,19.7016
99.827,7.2350,0.0000,8.0000,23.8061,18.6923
99.877,7.2973,1.2474,8.0000,23.8413,19.8627
99.927,7.1726,-2.4948,8.0000,23.8826,16.5125
99.977,7.2973,2.4948,8.0000,23.9178,20.8720
100.027,7.3597,1.2474,8.0000,23.9498,20.0238
100.077,7.2350,-2.4948,8.0000,23.9880,16.6736
100.127,7.2973,1.2474,8.0000,24.0232,19.8627
100.177,7.2973,0.0000,8.0000,24.0583,18.8534
100.227,7.2350,-1.2474,8.0000,24.0965,17.6829
100.277,7.2973,1.2474,8.0000,24.1317,19.8627
100.327,7.2350,-1.2474,8.0000,24.1699,17.6829
100.377,7.1726,-1.2474,8.0000,24.2113,17.5218
100.427,7.2973,2.4948,8.0000,24.2464,20.8720
100.477,7.2350,-1.2474,8.0000,24.2847,17.6829
100.527,7.1726,-1.2474,8.0000,24.3261,17.5218
100.577,7.1726,0.0000,8.0000,24.3674,18.5311
100.627,7.3597,3.7422,8.0000,24.3994,22.0425
100.677,7.2350,-2.4948,8.0000,24.4377,16.6736
100.727,7.1726,-1.2474,8.0000,24.4791,17.5218
100.777,7.2350,1.2474,8.0000,24.5173,19.7016
100.827,7.2350,0.0000,8.0000,24.5556,18.6923
100.877,7.2973,1.2474,8.0000,24.5907,19.8627
100.927,7.2350,-1.2474,8.0000,24.6289,17.6829
100.977,7.2350,0.0000,8.0000,24.6672,18.6923
101.027,7.1726,-1.2474,8.0000,24.7086,17.5218
101.077,7.1726,0.0000,8.0000,24.7499,18.5311
101.127,7.1726,0.0000,8.0000,24.7913,18.5311
101.177,7.2350,1.2474,8.0000,24.8296,19.7016
101.227,7.2973,1.2474,8.0000,24.8647,19.8627
101.277,7.2973,0.0000,8.0000,24.8998,18.8534
101.327,7.1726,-2.4948,8.0000,24.9412,16.5125
101.377,7.2350,1.2474,8.0000,24.9794,19.7016
101.427,7.2350,0.0000,8.0000,25.0177,18.6923
101.477,7.1726,-1.2474,8.0000,25.0591,17.5218
101.527,7.2973,2.4948,8.0000,25.0942,20.8720
101.577,7.1726,-2.4948,8.0000,25.1356,16.5125
101.627,7.2350,1.2474,8.0000,25.1738,19.7016
101.677,7.2973,1.2474,8.0000,25.2090,19.8627
101.727,7.2973,0.0000,8.0000,25.2441,18.8534
101.777,7.1726,-2.4948,8.0000,25.2855,16.5125
101.827,7.2350,1.2474,8.0000,25.3237,19.7016
101.877,7.1726,-1.2474,8.0000,25.3651,17.5218
101.927,7.2350,1.2474,8.0000,25.4033,19.7016
101.977,7.1726,-1.2474,8.0000,25.4447,17.5218
102.027,7.2350,1.2474,8.0000,25.4829,19.7016
102.077,7.2350,0.0000,8.0000,25.5212,18.6923
102.127,7.1102,-2.4948,8.0000,25.5657,16.3513
102.177,7.1726,1.2474,8.0000,25.6071,19.5404
102.227,7.2350,1.2474,8.0000,25.6453,19.7016
102.277,7.1726,-1.2474,8.0000,25.6867,17.5218
102.327,7.2350,1.2474,8.0000,25.7249,19.7016
102.377,7.4221,3.7422,8.0000,25.7538,22.2036
102.427,7.2350,-3.7422,8.0000,25.7921,15.6643
102.477,7.2973,1.2474,8.0000,25.8272,19.8627
102.527,7.2350,-1.2474,8.0000,25.8655,17.6829
102.577,7.2350,0.0000,8.0000,25.9037,18.6923
102.627,7.1726,-1.2474,8.0000,25.9451,17.5218
102.677,7.2973,2.4948,8.0000,25.9802,20.8720
102.727,7.2350,-1.2474,8.0000,26.0185,17.6829
102.777,7.1102,-2.4948,8.0000,26.0630,16.3513
102.827,7.2350,2.4948,8.0000,26.1012,20.7109
102.877,7.2350,0.0000,8.0000,26.1395,18.6923
102.927,7.1726,-1.2474,8.0000,26.1808,17.5218
102.977,7.2973,2.4948,8.0000,26.2160,20.8720
103.027,7.2973,0.0000,8.0000,26.2511,18.8534
103.077,7.2350,-1.2474,8.0000,26.2893,17.6829
103.127,7.2350,0.0000,8.0000,26.3276,18.6923
103.177,7.2350,0.0000,8.0000,26.3658,18.6923
103.227,7.2350,0.0000,8.0000,26.4041,18.6923
103.277,7.2350,0.0000,8.0000,26.4423,18.6923
103.327,7.1726,-1.2474,8.0000,26.4837,17.5218
103.377,7.2973,2.4948,8.0000,26.5188,20.8720
103.427,7.1726,-2.4948,8.0000,26.5602,16.5125
103.477,7.2350,1.2474,8.0000,26.5985,19.7016
103.527,7.1726,-1.2474,8.0000,26.6398,17.5218
103.577,7.1726,0.0000,8.0000,26.6812,18.5311
103.627,7.2973,2.4948,8.0000,26.7163,20.8720
103.677,7.2350,-1.2474,8.0000,26.7546,17.6829
103.727,7.1726,-1.2474,8.0000,26.7960,17.5218
103.777,7.2350,1.2474,8.0000,26.8342,19.7016
103.827,7.2973,1.2474,8.0000,26.8693,19.8627
103.877,7.2973,0.0000,8.0000,26.9045,18.8534
103.927,7.1726,-2.4948,8.0000,26.9459,16.5125
103.977,7.2973,2.4948,8.0000,26.9810,20.8720
104.027,7.1726,-2.4948,8.0000,27.0224,16.5125
104.077,7.2973,2.4948,8.0000,27.0575,20.8720
104.127,7.1726,-2.4948,8.0000,27.0989,16.5125
104.177,7.2350,1.2474,8.0000,27.1371,19.7016
104.227,7.3597,2.4948,8.0000,27.1691,21.0332
104.277,7.2350,-2.4948,8.0000,27.2074,16.6736
104.327,7.2973,1.2474,8.0000,27.2425,19.8627
104.377,7.2350,-1.2474,8.0000,27.2808,17.6829
104.427,7.1102,-2.4948,8.0000,27.3253,16.3513
104.477,7.1726,1.2474,8.0000,27.3666,19.5404
104.527,7.2350,1.2474,8.0000,27.4049,19.7016
104.577,7.2350,0.0000,8.0000,27.4431,18.6923
104.627,7.2350,0.0000,8.0000,27.4814,18.6923
104.677,7.2350,0.0000,8.0000,27.5196,18.6923
104.727,7.2973,1.2474,8.0000,27.5548,19.8627
104.777,7.2350,-1.2474,8.0000,27.5930,17.6829
104.827,7.2973,1.2474,8.0000,27.6281,19.8627
104.877,7.1726,-2.4948,8.0000,27.6695,16.5125
104.927,7.2350,1.2474,8.0000,27.7078,19.7016
104.977,7.2973,1.2474,8.0000,27.7429,19.8627
105.027,7.2350,-1.2474,8.0000,27.7811,17.6829
105.077,7.2350,0.0000,8.0000,27.8194,18.6923
105.127,7.2350,0.0000,8.0000,27.8576,18.6923
105.177,7.2973,1.2474,8.0000,27.8928,19.8627
105.227,7.1102,-3.7422,8.0000,27.9373,15.3420
105.277,7.2973,3.7422,8.0000,27.9724,21.8814
105.327,7.3597,1.2474,8.0000,28.0044,20.0238
105.377,7.2973,-1.2474,8.0000,28.0396,17.8441
105.427,7.2973,0.0000,8.0000,28.0747,18.8534
105.477,7.1726,-2.4948,8.0000,28.1161,16.5125
105.527,7.2973,2.4948,8.0000,28.1512,20.8720
105.577,7.2350,-1.2474,8.0000,28.1894,17.6829
105.627,7.1726,-1.2474,8.0000,28.2308,17.5218
105.677,7.2973,2.4948,8.0000,28.2660,20.8720
105.727,7.4221,2.4948,8.0000,28.2948,21.1943
105.777,7.2973,-2.4948,8.0000,28.3300,16.8347
105.827,7.2973,0.0000,8.0000,28.3651,18.8534
105.877,7.4221,2.4948,8.0000,28.3940,21.1943
105.927,7.3597,-1.2474,8.0000,28.4260,18.0052
105.977,7.2973,-1.2474,8.0000,28.4612,17.8441
106.027,7.4221,2.4948,8.0000,28.4901,21.1943
106.077,7.3597,-1.2474,8.0000,28.5221,18.0052
106.127,7.4844,2.4948,8.0000,28.5479,21.3555
106.177,7.4844,0.0000,8.0000,28.5736,19.3368
106.227,7.6092,2.4948,8.0000,28.5932,21.6777
106.277,7.6716,1.2474,8.0000,28.6096,20.8295
106.327,7.7339,1.2474,8.0000,28.6229,20.9907
106.377,7.9210,3.7422,8.0000,28.6268,23.4927
106.427,7.8587,-1.2474,8.0000,28.6339,19.2943
106.477,7.9834,2.4948,8.0000,28.6347,22.6446
106.527,7.9210,-1.2474,8.0000,28.6387,19.4555
106.577,8.0458,2.4948,8.0000,28.6364,22.8057
106.627,8.1081,1.2474,8.0000,28.6310,21.9575
106.677,8.1081,0.0000,8.0000,28.6256,20.9482
106.727,8.2329,2.4948,8.0000,28.6139,23.2891
106.777,8.2329,0.0000,8.0000,28.6023,21.2705
106.827,8.3576,2.4948,8.0000,28.5844,23.6114
106.877,8.5447,3.7422,8.0000,28.5572,25.1041
106.927,8.6695,2.4948,8.0000,28.5237,24.4171
106.977,8.6695,0.0000,8.0000,28.4902,22.3985
107.027,8.8566,3.7422,8.0000,28.4474,25.9098
107.077,8.7318,-2.4948,8.0000,28.4108,20.5409
107.127,8.9190,3.7422,8.0000,28.3649,26.0710
107.177,8.9190,0.0000,8.0000,28.3189,23.0430
107.227,8.9813,1.2474,8.0000,28.2699,24.2135
107.277,9.2932,6.2370,8.0000,28.2052,29.0565
107.327,9.4803,3.7422,8.0000,28.1312,27.5212
107.377,9.3555,-2.4948,8.0000,28.0634,22.1524
107.427,9.4803,2.4948,8.0000,27.9894,26.5119
107.477,9.6050,2.4948,8.0000,27.9091,26.8342
107.527,9.7298,2.4948,8.0000,27.8226,27.1565
107.577,9.7298,0.0000,8.0000,27.7362,25.1378
107.627,9.8545,2.4948,8.0000,27.6434,27.4788
107.677,10.1040,4.9896,8.0000,27.5382,30.1419
107.727,9.9169,-3.7422,8.0000,27.4424,22.5933
107.777,10.2287,6.2370,8.0000,27.3310,31.4736
107.827,10.1040,-2.4948,8.0000,27.2258,24.0860
107.877,10.3535,4.9896,8.0000,27.1081,30.7865
107.927,10.2911,-1.2474,8.0000,26.9935,25.5788
107.977,10.4158,2.4948,8.0000,26.8727,28.9290
108.027,10.6029,3.7422,8.0000,26.7426,30.4217
108.077,10.5406,-1.2474,8.0000,26.6156,26.2233
108.127,10.4782,-1.2474,8.0000,26.4916,26.0622
108.177,10.7901,6.2370,8.0000,26.3521,32.9238
108.227,10.7901,0.0000,8.0000,26.2126,27.8772
108.277,10.9772,3.7422,8.0000,26.0638,31.3886
108.327,10.9772,0.0000,8.0000,25.9149,28.3606
108.377,10.8524,-2.4948,8.0000,25.7723,26.0197
108.427,11.1019,4.9896,8.0000,25.6172,32.7202
108.477,11.0395,-1.2474,8.0000,25.4652,27.5124
108.527,11.1019,1.2474,8.0000,25.3101,29.6922
108.577,11.2266,2.4948,8.0000,25.1488,31.0238
108.627,11.1643,-1.2474,8.0000,24.9906,27.8347
108.677,11.4138,4.9896,8.0000,24.8199,33.5259
108.727,11.3514,-1.2474,8.0000,24.6523,28.3181
108.777,11.6009,4.9896,8.0000,24.4723,34.0093
108.827,11.1019,-9.9792,8.0000,24.3172,20.6083
108.877,11.1643,1.2474,8.0000,24.1590,29.8533
108.927,11.4138,4.9896,8.0000,23.9883,33.5259
108.977,11.2890,-2.4948,8.0000,23.8238,27.1476
109.027,11.3514,1.2474,8.0000,23.6563,30.3368
109.077,11.4761,2.4948,8.0000,23.4825,31.6684
109.127,11.2890,-3.7422,8.0000,23.3180,26.1383
109.177,11.7256,8.7318,8.0000,23.1317,37.3596
109.227,11.5385,-3.7422,8.0000,22.9548,26.7829
109.277,11.4761,-1.2474,8.0000,22.7810,28.6404
109.327,11.6009,2.4948,8.0000,22.6010,31.9906
109.377,11.2890,-6.2370,8.0000,22.4365,24.1197
109.427,11.3514,1.2474,8.0000,22.2689,30.3368
109.477,11.2266,-2.4948,8.0000,22.1076,26.9865
109.527,11.6009,7.4844,8.0000,21.9276,36.0279
109.577,11.5385,-1.2474,8.0000,21.7506,28.8015
109.627,11.2890,-4.9896,8.0000,21.5862,25.1290
109.677,11.6009,6.2370,8.0000,21.4061,35.0186
109.727,11.4138,-3.7422,8.0000,21.2354,26.4606
109.777,11.6009,3.7422,8.0000,21.0554,33.0000
109.827,11.4138,-3.7422,8.0000,20.8847,26.4606
109.877,11.3514,-1.2474,8.0000,20.7171,28.3181
109.927,11.1643,-3.7422,8.0000,20.5589,25.8160
109.977,11.2266,1.2474,8.0000,20.3976,30.0145
110.027,11.3514,2.4948,8.0000,20.2300,31.3461
110.077,11.0395,-6.2370,8.0000,20.0781,23.4751
110.127,10.9148,-2.4948,8.0000,19.9323,26.1808
110.177,11.1019,3.7422,8.0000,19.7772,31.7108
110.227,11.2890,3.7422,8.0000,19.6128,32.1943
110.277,11.2890,0.0000,8.0000,19.4483,29.1663
110.327,11.2266,-1.2474,8.0000,19.2870,27.9958
110.377,11.2890,1.2474,8.0000,19.1225,30.1756
110.427,11.4761,3.7422,8.0000,18.9487,32.6777
110.477,11.3514,-2.4948,8.0000,18.7812,27.3088
110.527,11.1019,-4.9896,8.0000,18.6261,24.6456
110.577,11.2890,3.7422,8.0000,18.4616,32.1943
110.627,11.2266,-1.2474,8.0000,18.3003,27.9958
110.677,11.1019,-2.4948,8.0000,18.1452,26.6642
110.727,11.2266,2.4948,8.0000,17.9839,31.0238
110.777,11.0395,-3.7422,8.0000,17.8319,25.4938
110.827,11.1019,1.2474,8.0000,17.6768,29.6922
110.877,11.3514,4.9896,8.0000,17.5092,33.3647
110.927,11.2890,-1.2474,8.0000,17.3448,28.1570
110.977,11.1643,-2.4948,8.0000,17.1866,26.8254
111.027,11.4138,4.9896,8.0000,17.0159,33.5259
111.077,11.3514,-1.2474,8.0000,16.8483,28.3181
111.127,11.3514,0.0000,8.0000,16.6807,29.3274
111.177,11.2266,-2.4948,8.0000,16.5194,26.9865
111.227,11.3514,2.4948,8.0000,16.3518,31.3461
111.277,11.2266,-2.4948,8.0000,16.1905,26.9865
111.327,11.0395,-3.7422,8.0000,16.0385,25.4938
111.377,11.1643,2.4948,8.0000,15.8803,30.8627
111.427,11.3514,3.7422,8.0000,15.7127,32.3554
111.477,11.0395,-6.2370,8.0000,15.5608,23.4751
111.527,11.2890,4.9896,8.0000,15.3963,33.2036
111.577,11.2890,0.0000,8.0000,15.2319,29.1663
111.627,11.2890,0.0000,8.0000,15.0674,29.1663
111.677,11.0395,-4.9896,8.0000,14.9154,24.4845
111.727,11.3514,6.2370,8.0000,14.7479,34.3741
111.777,11.2890,-1.2474,8.0000,14.5834,28.1570
111.827,11.1643,-2.4948,8.0000,14.4252,26.8254
111.877,11.4138,4.9896,8.0000,14.2545,33.5259
111.927,11.1643,-4.9896,8.0000,14.0963,24.8067
111.977,11.2266,1.2474,8.0000,13.9350,30.0145
112.027,11.2266,0.0000,8.0000,13.7736,29.0052
112.077,11.0395,-3.7422,8.0000,13.6217,25.4938
112.127,10.9148,-2.4948,8.0000,13.4759,26.1808
112.177,11.2266,6.2370,8.0000,13.3146,34.0518
112.227,11.2890,1.2474,8.0000,13.1501,30.1756
112.277,11.1019,-3.7422,8.0000,12.9950,25.6549
112.327,11.1643,1.2474,8.0000,12.8368,29.8533
112.377,11.1643,0.0000,8.0000,12.6786,28.8440
112.427,11.1643,0.0000,8.0000,12.5204,28.8440
112.477,11.2890,2.4948,8.0000,12.3560,31.1849
112.527,11.2266,-1.2474,8.0000,12.1946,27.9958
112.577,11.1643,-1.2474,8.0000,12.0364,27.8347
112.627,11.4761,6.2370,8.0000,11.8626,34.6964
112.677,11.3514,-2.4948,8.0000,11.6950,27.3088
112.727,11.2890,-1.2474,8.0000,11.5306,28.1570
112.777,11.1019,-3.7422,8.0000,11.3755,25.6549
112.827,11.1643,1.2474,8.0000,11.2173,29.8533
112.877,11.1019,-1.2474,8.0000,11.0622,27.6736
112.927,11.0395,-1.2474,8.0000,10.9102,27.5124
112.977,11.1643,2.4948,8.0000,10.7520,30.8627
113.027,11.1019,-1.2474,8.0000,10.5969,27.6736
113.077,11.0395,-1.2474,8.0000,10.4449,27.5124
113.127,11.1643,2.4948,8.0000,10.2867,30.8627
113.177,11.1643,0.0000,8.0000,10.1285,28.8440
113.227,10.9772,-3.7422,8.0000,9.9796,25.3326
113.277,10.7277,-4.9896,8.0000,9.8432,23.6787
113.327,10.9148,3.7422,8.0000,9.6975,31.2275
113.377,10.8524,-1.2474,8.0000,9.5549,27.0290
113.427,10.9148,1.2474,8.0000,9.4091,29.2088
113.477,10.9772,1.2474,8.0000,9.2603,29.3699
113.527,10.6653,-6.2370,8.0000,9.1270,22.5083
113.577,10.6029,-1.2474,8.0000,8.9969,26.3845
113.627,10.5406,-1.2474,8.0000,8.8698,26.2233
113.677,10.3535,-3.7422,8.0000,8.7522,23.7212
113.727,10.3535,0.0000,8.0000,8.6345,26.7492
113.777,10.2287,-2.4948,8.0000,8.5231,24.4083
113.827,10.1664,-1.2474,8.0000,8.4147,25.2565
113.877,9.9792,-3.7422,8.0000,8.3158,22.7544
113.927,10.0416,1.2474,8.0000,8.2137,26.9528
113.977,9.9169,-2.4948,8.0000,8.1179,23.6026
114.027,9.6050,-6.2370,8.0000,8.0376,19.7689
114.077,9.7298,2.4948,8.0000,7.9511,27.1565
114.127,9.6050,-2.4948,8.0000,7.8709,22.7969
114.177,9.2932,-6.2370,8.0000,7.8062,18.9632
114.227,9.2308,-1.2474,8.0000,7.7447,22.8394
114.277,9.2932,1.2474,8.0000,7.6800,25.0192
114.327,9.1684,-2.4948,8.0000,7.6216,21.6689
114.377,8.9813,-3.7422,8.0000,7.5725,20.1762
114.427,8.9813,0.0000,8.0000,7.5235,23.2041
114.477,8.6695,-6.2370,8.0000,7.4900,17.3518
114.527,8.5447,-2.4948,8.0000,7.4627,20.0575
114.577,8.4824,-1.2474,8.0000,7.4386,20.9057
114.627,8.4200,-1.2474,8.0000,7.4176,20.7446
114.677,8.1705,-4.9896,8.0000,7.4091,17.0720
114.727,8.1081,-1.2474,8.0000,7.4037,19.9389
114.777,7.9834,-2.4948,8.0000,7.4045,18.6073
114.827,7.7963,-3.7422,8.0000,7.4147,17.1145
114.877,7.6716,-2.4948,8.0000,7.4311,17.8016
114.927,7.6092,-1.2474,8.0000,7.4507,18.6498
114.977,7.4221,-3.7422,8.0000,7.4796,16.1477
115.027,7.2350,-3.7422,8.0000,7.5178,15.6643
115.077,7.0479,-3.7422,8.0000,7.5654,15.1809
115.127,6.9855,-1.2474,8.0000,7.6161,17.0384
115.177,6.9231,-1.2474,8.0000,7.6700,16.8772
115.227,6.7360,-3.7422,8.0000,7.7332,14.3752
115.277,6.6113,-2.4948,8.0000,7.8026,15.0622
115.327,6.4865,-2.4948,8.0000,7.8783,14.7399
115.377,6.2994,-3.7422,8.0000,7.9633,13.2472
115.427,6.2370,-1.2474,8.0000,8.0515,15.1047
115.477,6.1123,-2.4948,8.0000,8.1459,13.7731
115.527,5.9252,-3.7422,8.0000,8.2496,12.2804
115.577,5.9252,0.0000,8.0000,8.3533,15.3083
115.627,5.8005,-2.4948,8.0000,8.4633,12.9674
115.677,5.7381,-1.2474,8.0000,8.5764,13.8156
115.727,5.7381,0.0000,8.0000,8.6895,14.8249
115.777,5.5510,-3.7422,8.0000,8.8120,11.3135
115.827,5.5510,0.0000,8.0000,8.9344,14.3415
115.877,5.5510,0.0000,8.0000,9.0569,14.3415
115.927,5.6133,1.2474,8.0000,9.1762,15.5120
115.977,5.5510,-1.2474,8.0000,9.2986,13.3322
116.027,5.6133,1.2474,8.0000,9.4180,15.5120
116.077,5.4262,-3.7422,8.0000,9.5467,10.9912
116.127,5.5510,2.4948,8.0000,9.6691,16.3602
116.177,5.3639,-3.7422,8.0000,9.8009,10.8301
116.227,5.4886,2.4948,8.0000,9.9265,16.1990
116.277,5.6133,2.4948,8.0000,10.0458,16.5213
116.327,5.4262,-3.7422,8.0000,10.1745,10.9912
116.377,5.6133,3.7422,8.0000,10.2939,17.5306
116.427,5.4262,-3.7422,8.0000,10.4225,10.9912
116.477,5.4262,0.0000,8.0000,10.5512,14.0192
116.527,5.4886,1.2474,8.0000,10.6768,15.1897
116.577,5.5510,1.2474,8.0000,10.7993,15.3508
116.627,5.4886,-1.2474,8.0000,10.9248,13.1710
116.677,5.5510,1.2474,8.0000,11.0473,15.3508
116.727,5.4886,-1.2474,8.0000,11.1728,13.1710
116.777,5.5510,1.2474,8.0000,11.2953,15.3508
116.827,5.6133,1.2474,8.0000,11.4146,15.5120
116.877,5.6757,1.2474,8.0000,11.5308,15.6731
116.927,5.6757,0.0000,8.0000,11.6471,14.6638
116.977,5.6757,0.0000,8.0000,11.7633,14.6638
117.027,5.7381,1.2474,8.0000,11.8764,15.8342
117.077,5.6757,-1.2474,8.0000,11.9926,13.6545
117.127,5.9252,4.9896,8.0000,12.0963,19.3456
117.177,5.6757,-4.9896,8.0000,12.2125,10.6265
117.227,5.7381,1.2474,8.0000,12.3256,15.8342
117.277,5.8628,2.4948,8.0000,12.4325,17.1658
117.327,5.9252,1.2474,8.0000,12.5362,16.3176
117.377,5.9252,0.0000,8.0000,12.6400,15.3083
117.427,5.9252,0.0000,8.0000,12.7437,15.3083
117.477,6.0499,2.4948,8.0000,12.8412,17.6493
117.527,5.9876,-1.2474,8.0000,12.9418,14.4601
117.577,6.1123,2.4948,8.0000,13.0362,17.8104
117.627,6.1747,1.2474,8.0000,13.1275,16.9622
117.677,6.1123,-1.2474,8.0000,13.2219,14.7824
117.727,6.1123,0.0000,8.0000,13.3163,15.7917
117.777,6.2370,2.4948,8.0000,13.4044,18.1327
117.827,6.1747,-1.2474,8.0000,13.4957,14.9436
117.877,6.2370,1.2474,8.0000,13.5838,17.1233
117.927,6.2370,0.0000,8.0000,13.6720,16.1140
117.977,6.3618,2.4948,8.0000,13.7539,18.4549
118.027,6.2994,-1.2474,8.0000,13.8389,15.2658
118.077,6.2994,0.0000,8.0000,13.9239,16.2752
118.127,6.1747,-2.4948,8.0000,14.0152,13.9342
118.177,6.1747,0.0000,8.0000,14.1065,15.9529
118.227,6.2370,1.2474,8.0000,14.1946,17.1233
118.277,6.1747,-1.2474,8.0000,14.2859,14.9436
118.327,6.1747,0.0000,8.0000,14.3772,15.9529
118.377,6.2370,1.2474,8.0000,14.4653,17.1233
118.427,6.2370,0.0000,8.0000,14.5535,16.1140
118.477,6.1747,-1.2474,8.0000,14.6447,14.9436
118.527,6.2370,1.2474,8.0000,14.7329,17.1233
118.577,6.2370,0.0000,8.0000,14.8210,16.1140
118.627,6.2370,0.0000,8.0000,14.9092,16.1140
118.677,6.3618,2.4948,8.0000,14.9911,18.4549
118.727,6.3618,0.0000,8.0000,15.0730,16.4363
118.777,6.2370,-2.4948,8.0000,15.1611,14.0954
118.827,6.2994,1.2474,8.0000,15.2462,17.2845
118.877,6.1747,-2.4948,8.0000,15.3374,13.9342
118.927,6.2370,1.2474,8.0000,15.4256,17.1233
118.977,6.2370,0.0000,8.0000,15.5137,16.1140
119.027,6.2994,1.2474,8.0000,15.5988,17.2845
119.077,6.2370,-1.2474,8.0000,15.6869,15.1047
119.127,6.2994,1.2474,8.0000,15.7719,17.2845
119.177,6.1747,-2.4948,8.0000,15.8632,13.9342
119.227,6.2994,2.4948,8.0000,15.9482,18.2938
119.277,6.1747,-2.4948,8.0000,16.0395,13.9342
119.327,6.2370,1.2474,8.0000,16.1277,17.1233
119.377,6.2994,1.2474,8.0000,16.2127,17.2845
119.427,6.1747,-2.4948,8.0000,16.3039,13.9342
119.477,6.1747,0.0000,8.0000,16.3952,15.9529
119.527,6.2370,1.2474,8.0000,16.4834,17.1233
119.577,6.2994,1.2474,8.0000,16.5684,17.2845
119.627,6.2370,-1.2474,8.0000,16.6565,15.1047
119.677,6.2370,0.0000,8.0000,16.7447,16.1140
119.727,6.1123,-2.4948,8.0000,16.8391,13.7731
119.777,6.1747,1.2474,8.0000,16.9303,16.9622
119.827,6.2370,1.2474,8.0000,17.0185,17.1233
119.877,6.2370,0.0000,8.0000,17.1066,16.1140
119.927,6.2370,0.0000,8.0000,17.1948,16.1140
119.977,6.2370,0.0000,8.0000,17.2829,16.1140
120.027,6.1123,-2.4948,8.0000,17.3773,13.7731
120.077,6.1747,1.2474,8.0000,17.4686,16.9622
120.127,6.1747,0.0000,8.0000,17.5599,15.9529
120.177,6.1747,0.0000,8.0000,17.6511,15.9529
120.227,6.2370,1.2474,8.0000,17.7393,17.1233
120.277,6.2370,0.0000,8.0000,17.8274,16.1140
120.327,6.1123,-2.4948,8.0000,17.9218,13.7731
120.377,6.2370,2.4948,8.0000,18.0100,18.1327
120.427,6.2994,1.2474,8.0000,18.0950,17.2845
120.477,6.2994,0.0000,8.0000,18.1800,16.2752
120.527,6.1747,-2.4948,8.0000,18.2713,13.9342
120.577,6.1747,0.0000,8.0000,18.3625,15.9529
120.627,6.1747,0.0000,8.0000,18.4538,15.9529
120.677,6.1123,-1.2474,8.0000,18.5482,14.7824
120.727,6.2370,2.4948,8.0000,18.6363,18.1327
120.777,6.2370,0.0000,8.0000,18.7245,16.1140
120.827,6.2994,1.2474,8.0000,18.8095,17.2845
120.877,6.2370,-1.2474,8.0000,18.8977,15.1047
120.927,6.2370,0.0000,8.0000,18.9858,16.1140
120.977,6.2994,1.2474,8.0000,19.0709,17.2845
121.027,6.4242,2.4948,8.0000,19.1496,18.6161
121.077,6.2370,-3.7422,8.0000,19.2378,13.0860
121.127,6.2370,0.0000,8.0000,19.3259,16.1140
121.177,6.4242,3.7422,8.0000,19.4047,19.6254
121.227,6.2370,-3.7422,8.0000,19.4929,13.0860
121.277,6.3618,2.4948,8.0000,19.5748,18.4549
121.327,6.3618,0.0000,8.0000,19.6567,16.4363
121.377,6.2994,-1.2474,8.0000,19.7417,15.2658
121.427,6.3618,1.2474,8.0000,19.8236,17.4456
121.477,6.3618,0.0000,8.0000,19.9056,16.4363
121.527,6.3618,0.0000,8.0000,19.9875,16.4363
121.577,6.2994,-1.2474,8.0000,20.0725,15.2658
121.627,6.2994,0.0000,8.0000,20.1575,16.2752
121.677,6.2994,0.0000,8.0000,20.2426,16.2752
121.727,6.3618,1.2474,8.0000,20.3245,17.4456
121.777,6.3618,0.0000,8.0000,20.4064,16.4363
121.827,6.4242,1.2474,8.0000,20.4852,17.6068
121.877,6.3618,-1.2474,8.0000,20.5671,15.4270
121.927,6.5489,3.7422,8.0000,20.6396,19.9477
121.977,6.6113,1.2474,8.0000,20.7091,18.0902
122.027,6.4865,-2.4948,8.0000,20.7847,14.7399
122.077,6.6113,2.4948,8.0000,20.8542,19.0995
122.127,6.5489,-1.2474,8.0000,20.9267,15.9104
122.177,6.6736,2.4948,8.0000,20.9931,19.2607
122.227,6.7984,2.4948,8.0000,21.0531,19.5829
122.277,6.7984,0.0000,8.0000,21.1132,17.5643
122.327,6.7984,0.0000,8.0000,21.1733,17.5643
122.377,6.8607,1.2474,8.0000,21.2303,18.7347
122.427,6.8607,0.0000,8.0000,21.2872,17.7254
122.477,7.0479,3.7422,8.0000,21.3348,21.2368
122.527,7.0479,0.0000,8.0000,21.3824,18.2088
122.577,7.0479,0.0000,8.0000,21.4300,18.2088
122.627,7.1102,1.2474,8.0000,21.4745,19.3793
122.677,7.1102,0.0000,8.0000,21.5190,18.3700
122.727,7.2350,2.4948,8.0000,21.5573,20.7109
122.777,7.2973,1.2474,8.0000,21.5924,19.8627
122.827,7.3597,1.2474,8.0000,21.6244,20.0238
122.877,7.4844,2.4948,8.0000,21.6502,21.3555
122.927,7.3597,-2.4948,8.0000,21.6822,16.9959
122.977,7.6092,4.9896,8.0000,21.7018,23.6964
123.027,7.4221,-3.7422,8.0000,21.7306,16.1477
123.077,7.6092,3.7422,8.0000,21.7502,22.6871
123.127,7.6092,0.0000,8.0000,21.7697,19.6591
123.177,7.6716,1.2474,8.0000,21.7861,20.8295
123.227,7.7339,1.2474,8.0000,21.7995,20.9907
123.277,7.8587,2.4948,8.0000,21.8065,22.3223
123.327,7.7963,-1.2474,8.0000,21.8167,19.1332
123.377,7.8587,1.2474,8.0000,21.8238,21.3130
123.427,7.9210,1.2474,8.0000,21.8277,21.4741
123.477,7.9210,0.0000,8.0000,21.8317,20.4648
123.527,8.1081,3.7422,8.0000,21.8263,23.9762
123.577,8.1705,1.2474,8.0000,21.8177,22.1187
123.627,8.2329,1.2474,8.0000,21.8061,22.2798
123.677,8.1081,-2.4948,8.0000,21.8007,18.9296
123.727,8.1705,1.2474,8.0000,21.7922,22.1187
123.777,8.2953,2.4948,8.0000,21.7774,23.4503
123.827,8.4200,2.4948,8.0000,21.7564,23.7725
123.877,8.2329,-3.7422,8.0000,21.7448,18.2425
123.927,8.4200,3.7422,8.0000,21.7238,24.7819
123.977,8.3576,-1.2474,8.0000,21.7059,20.5834
124.027,8.5447,3.7422,8.0000,21.6786,25.1041
124.077,8.5447,0.0000,8.0000,21.6514,22.0762
124.127,8.6071,1.2474,8.0000,21.6210,23.2466
124.177,8.5447,-1.2474,8.0000,21.5938,21.0668
124.227,8.6695,2.4948,8.0000,21.5603,24.4171
124.277,8.6695,0.0000,8.0000,21.5269,22.3985
124.327,8.7318,1.2474,8.0000,21.4903,23.5689
124.377,8.7942,1.2474,8.0000,21.4506,23.7300
124.427,8.8566,1.2474,8.0000,21.4077,23.8912
124.477,8.9813,2.4948,8.0000,21.3587,25.2228
124.527,8.7942,-3.7422,8.0000,21.3190,19.6928
124.577,8.9813,3.7422,8.0000,21.2699,26.2321
124.627,9.0437,1.2474,8.0000,21.2177,24.3746
124.677,8.9813,-1.2474,8.0000,21.1686,22.1948
124.727,9.1061,2.4948,8.0000,21.1133,25.5451
124.777,8.9813,-2.4948,8.0000,21.0643,21.1855
124.827,8.9813,0.0000,8.0000,21.0152,23.2041
124.877,8.8566,-2.4948,8.0000,20.9724,20.8632
124.927,9.0437,3.7422,8.0000,20.9202,26.3933
124.977,8.9190,-2.4948,8.0000,20.8742,21.0243
125.027,9.0437,2.4948,8.0000,20.8221,25.3839
125.077,8.7318,-6.2370,8.0000,20.7855,17.5130
125.127,8.7318,0.0000,8.0000,20.7489,22.5596
125.177,8.7942,1.2474,8.0000,20.7092,23.7300
125.227,8.7318,-1.2474,8.0000,20.6726,21.5503
125.277,8.7942,1.2474,8.0000,20.6329,23.7300
125.327,8.6695,-2.4948,8.0000,20.5994,20.3798
125.377,8.7942,2.4948,8.0000,20.5597,24.7394
125.427,8.5447,-4.9896,8.0000,20.5324,18.0389
125.477,8.7318,3.7422,8.0000,20.4959,25.5876
125.527,8.7318,0.0000,8.0000,20.4593,22.5596
125.577,8.7942,1.2474,8.0000,20.4196,23.7300
125.627,8.7942,0.0000,8.0000,20.3798,22.7207
125.677,8.7318,-1.2474,8.0000,20.3433,21.5503
125.727,8.8566,2.4948,8.0000,20.3004,24.9005
125.777,8.8566,0.0000,8.0000,20.2576,22.8819
125.827,8.7318,-2.4948,8.0000,20.2210,20.5409
125.877,8.8566,2.4948,8.0000,20.1782,24.9005
125.927,8.6695,-3.7422,8.0000,20.1447,19.3705
125.977,8.7942,2.4948,8.0000,20.1050,24.7394
126.027,8.7942,0.0000,8.0000,20.0653,22.7207
126.077,8.7942,0.0000,8.0000,20.0256,22.7207
126.127,8.7942,0.0000,8.0000,19.9859,22.7207
126.177,8.8566,1.2474,8.0000,19.9430,23.8912
126.227,8.7942,-1.2474,8.0000,19.9033,21.7114
126.277,8.8566,1.2474,8.0000,19.8605,23.8912
126.327,8.7318,-2.4948,8.0000,19.8239,20.5409
126.377,8.7318,0.0000,8.0000,19.7873,22.5596
126.427,8.6695,-1.2474,8.0000,19.7538,21.3891
126.477,8.7942,2.4948,8.0000,19.7141,24.7394
126.527,8.6071,-3.7422,8.0000,19.6838,19.2093
126.577,8.7942,3.7422,8.0000,19.6441,25.7487
126.627,8.7942,0.0000,8.0000,19.6044,22.7207
126.677,8.8566,1.2474,8.0000,19.5615,23.8912
126.727,8.7942,-1.2474,8.0000,19.5218,21.7114
126.777,8.7318,-1.2474,8.0000,19.4852,21.5503
126.827,8.7942,1.2474,8.0000,19.4455,23.7300
126.877,8.8566,1.2474,8.0000,19.4027,23.8912
126.927,8.7942,-1.2474,8.0000,19.3630,21.7114
126.977,8.7942,0.0000,8.0000,19.3233,22.7207
127.027,8.7942,0.0000,8.0000,19.2836,22.7207
127.077,8.6695,-2.4948,8.0000,19.2501,20.3798
127.127,8.7318,1.2474,8.0000,19.2135,23.5689
127.177,8.8566,2.4948,8.0000,19.1707,24.9005
127.227,8.8566,0.0000,8.0000,19.1278,22.8819
127.277,8.7318,-2.4948,8.0000,19.0912,20.5409
127.327,8.8566,2.4948,8.0000,19.0484,24.9005
127.377,8.7318,-2.4948,8.0000,19.0118,20.5409
127.427,8.7318,0.0000,8.0000,18.9752,22.5596
127.477,8.7942,1.2474,8.0000,18.9355,23.7300
127.527,8.6695,-2.4948,8.0000,18.9020,20.3798
127.577,8.6695,0.0000,8.0000,18.8686,22.3985
127.627,8.6695,0.0000,8.0000,18.8351,22.3985
127.677,8.7942,2.4948,8.0000,18.7954,24.7394
127.727,8.7318,-1.2474,8.0000,18.7588,21.5503
127.777,8.8566,2.4948,8.0000,18.7160,24.9005
127.827,8.7318,-2.4948,8.0000,18.6794,20.5409
127.877,8.7318,0.0000,8.0000,18.6428,22.5596
127.927,8.7942,1.2474,8.0000,18.6031,23.7300
127.977,8.7318,-1.2474,8.0000,18.5665,21.5503
128.027,8.7942,1.2474,8.0000,18.5268,23.7300
128.077,8.7942,0.0000,8.0000,18.4871,22.7207
128.127,8.7318,-1.2474,8.0000,18.4505,21.5503
128.177,8.8566,2.4948,8.0000,18.4076,24.9005
128.227,8.7942,-1.2474,8.0000,18.3679,21.7114
128.277,8.6695,-2.4948,8.0000,18.3345,20.3798
128.327,8.7318,1.2474,8.0000,18.2979,23.5689
128.377,8.7942,1.2474,8.0000,18.2582,23.7300
128.427,8.7942,0.0000,8.0000,18.2184,22.7207
128.477,8.7318,-1.2474,8.0000,18.1819,21.5503
128.527,8.7318,0.0000,8.0000,18.1453,22.5596
128.577,8.8566,2.4948,8.0000,18.1024,24.9005
128.627,8.7318,-2.4948,8.0000,18.0658,20.5409
128.677,8.7318,0.0000,8.0000,18.0293,22.5596
128.727,8.7318,0.0000,8.0000,17.9927,22.5596
128.777,8.7942,1.2474,8.0000,17.9530,23.7300
128.827,8.7942,0.0000,8.0000,17.9132,22.7207
128.877,8.7942,0.0000,8.0000,17.8735,22.7207
128.927,8.7318,-1.2474,8.0000,17.8369,21.5503
128.977,8.7318,0.0000,8.0000,17.8004,22.5596
129.027,8.8566,2.4948,8.0000,17.7575,24.9005
129.077,8.7942,-1.2474,8.0000,17.7178,21.7114
129.127,8.8566,1.2474,8.0000,17.6750,23.8912
129.177,8.6695,-3.7422,8.0000,17.6415,19.3705
129.227,8.7942,2.4948,8.0000,17.6018,24.7394
129.277,8.7318,-1.2474,8.0000,17.5652,21.5503
129.327,8.7942,1.2474,8.0000,17.5255,23.7300
129.377,8.7318,-1.2474,8.0000,17.4889,21.5503
129.427,8.7942,1.2474,8.0000,17.4492,23.7300
129.477,8.6695,-2.4948,8.0000,17.4157,20.3798
129.527,8.7942,2.4948,8.0000,17.3760,24.7394
129.577,8.7942,0.0000,8.0000,17.3363,22.7207
129.627,8.7942,0.0000,8.0000,17.2966,22.7207
129.677,8.6071,-3.7422,8.0000,17.2662,19.2093
129.727,8.7318,2.4948,8.0000,17.2297,24.5783
129.777,8.8566,2.4948,8.0000,17.1868,24.9005
129.827,8.7318,-2.4948,8.0000,17.1502,20.5409
129.877,8.7318,0.0000,8.0000,17.1136,22.5596
129.927,8.7318,0.0000,8.0000,17.0771,22.5596
129.977,8.6695,-1.2474,18.0000,0.4665,21.3891
130.027,8.8566,3.7422,18.0000,0.9237,25.9098
130.077,8.6695,-3.7422,18.0000,1.3902,19.3705
130.127,8.8566,3.7422,18.0000,1.8474,25.9098
130.177,8.8566,0.0000,18.0000,2.3046,22.8819
130.227,8.8566,0.0000,18.0000,2.7617,22.8819
130.277,8.7942,-1.2474,18.0000,3.2220,21.7114
130.327,8.7318,-1.2474,18.0000,3.6854,21.5503
130.377,8.6071,-2.4948,18.0000,4.1551,20.2187
130.427,8.7942,3.7422,18.0000,4.6154,25.7487
130.477,8.8566,1.2474,18.0000,5.0725,23.8912
130.527,8.7942,-1.2474,18.0000,5.5328,21.7114
130.577,8.7318,-1.2474,18.0000,5.9962,21.5503
130.627,8.7318,0.0000,18.0000,6.4596,22.5596
130.677,8.7318,0.0000,18.0000,6.9231,22.5596
130.727,8.8566,2.4948,18.0000,7.3802,24.9005
130.777,8.6695,-3.7422,18.0000,7.8467,19.3705
130.827,8.7942,2.4948,18.0000,8.3070,24.7394
130.877,8.7942,0.0000,18.0000,8.7673,22.7207
130.927,8.9813,3.7422,18.0000,9.2183,26.2321
130.977,8.7318,-4.9896,18.0000,9.6817,18.5223
131.027,8.7942,1.2474,18.0000,10.1420,23.7300
131.077,8.7942,0.0000,18.0000,10.6023,22.7207
131.127,8.7942,0.0000,18.0000,11.0625,22.7207
131.177,8.7942,0.0000,18.0000,11.5228,22.7207
131.227,8.8566,1.2474,18.0000,11.9800,23.8912
131.277,8.7318,-2.4948,18.0000,12.4434,20.5409
131.327,8.7318,0.0000,18.0000,12.9068,22.5596
131.377,8.7942,1.2474,18.0000,13.3671,23.7300
131.427,8.7318,-1.2474,18.0000,13.8305,21.5503
131.477,8.8566,2.4948,18.0000,14.2877,24.9005
131.527,8.7318,-2.4948,18.0000,14.7511,20.5409
131.577,8.7942,1.2474,18.0000,15.2114,23.7300
131.627,8.9190,2.4948,18.0000,15.6654,25.0617
131.677,8.8566,-1.2474,18.0000,16.1226,21.8726
131.727,8.7318,-2.4948,18.0000,16.5860,20.5409
131.777,8.7942,1.2474,18.0000,17.0463,23.7300
131.827,8.8566,1.2474,18.0000,17.5035,23.8912
131.877,8.8566,0.0000,18.0000,17.9607,22.8819
131.927,8.8566,0.0000,18.0000,18.4178,22.8819
131.977,8.8566,0.0000,18.0000,18.8750,22.8819
132.027,8.7318,-2.4948,18.0000,19.3384,20.5409
132.077,8.8566,2.4948,18.0000,19.7956,24.9005
132.127,8.7942,-1.2474,18.0000,20.2559,21.7114
132.177,8.9190,2.4948,18.0000,20.7099,25.0617
132.227,8.8566,-1.2474,18.0000,21.1671,21.8726
132.277,8.7942,-1.2474,18.0000,21.6274,21.7114
132.327,8.7942,0.0000,18.0000,22.0877,22.7207
132.377,8.8566,1.2474,18.0000,22.5448,23.8912
132.427,8.8566,0.0000,18.0000,23.0020,22.8819
132.477,8.9813,2.4948,18.0000,23.4529,25.2228
132.527,8.8566,-2.4948,18.0000,23.9101,20.8632
132.577,8.8566,0.0000,18.0000,24.3673,22.8819
132.627,8.9813,2.4948,18.0000,24.8182,25.2228
132.677,8.9813,0.0000,18.0000,25.2692,23.2041
132.727,9.1061,2.4948,18.0000,25.7138,25.5451
132.777,9.1061,0.0000,18.0000,26.1585,23.5264
132.827,9.1684,1.2474,18.0000,26.6001,24.6969
132.877,9.5427,7.4844,18.0000,27.0230,30.7103
132.927,9.5427,0.0000,18.0000,27.4459,24.6544
132.977,9.6050,1.2474,18.0000,27.8656,25.8249
133.027,9.7298,2.4948,18.0000,28.2791,27.1565
133.077,9.9169,3.7422,18.0000,28.6833,28.6492
133.127,10.0416,2.4948,18.0000,29.0812,27.9621
133.177,10.1040,1.2474,18.0000,29.4760,27.1140
133.227,10.2911,3.7422,18.0000,29.8614,29.6161
133.277,10.6653,7.4844,18.0000,30.2282,33.6108
133.327,10.7901,2.4948,18.0000,30.5887,29.8958
133.377,10.9148,2.4948,18.0000,30.9429,30.2181
133.427,10.9772,1.2474,18.0000,31.2941,29.3699
133.477,11.1643,3.7422,18.0000,31.6358,31.8720
133.527,11.1643,0.0000,18.0000,31.9776,28.8440
133.577,11.4761,6.2370,18.0000,32.3038,34.6964
133.627,11.2890,-3.7422,18.0000,32.6394,26.1383
133.677,11.6632,7.4844,18.0000,32.9562,36.1891
133.727,11.9751,6.2370,18.0000,33.2575,35.9855
133.777,12.0375,1.2474,18.0000,33.5556,32.1093
133.827,12.3493,6.2370,18.0000,33.8381,36.9523
133.877,12.7235,7.4844,18.0000,34.1019,38.9285
133.927,12.7235,0.0000,18.0000,34.3658,32.8725
133.977,13.0354,6.2370,18.0000,34.6140,38.7248
134.027,13.2225,3.7422,18.0000,34.8529,37.1896
134.077,13.7214,9.9792,18.0000,35.0668,43.5253
134.127,13.7214,0.0000,18.0000,35.2807,35.4507
134.177,13.9086,3.7422,18.0000,35.4853,38.9621
134.227,13.7838,-2.4948,18.0000,35.6961,33.5932
134.277,14.5323,14.9688,18.0000,35.8695,49.6574
134.327,14.4699,-1.2474,18.0000,36.0460,36.3751
134.377,14.4699,0.0000,18.0000,36.2225,37.3844
134.427,14.6570,3.7422,18.0000,36.3897,40.8958
134.477,15.0312,7.4844,18.0000,36.5381,44.8906
134.527,14.7194,-6.2370,18.0000,36.7021,32.9823
134.577,14.7194,0.0000,18.0000,36.8662,38.0290
134.627,15.1560,8.7318,18.0000,37.0084,46.2222
134.677,15.0936,-1.2474,18.0000,37.1537,37.9865
134.727,15.4054,6.2370,18.0000,37.2834,44.8481
134.777,15.4054,0.0000,18.0000,37.4131,39.8015
134.827,15.5925,3.7422,18.0000,37.5335,43.3129
134.877,15.8420,4.9896,18.0000,37.6414,44.9668
134.927,15.5925,-4.9896,18.0000,37.7618,36.2476
134.977,16.0915,9.9792,18.0000,37.8572,49.6486
135.027,16.0291,-1.2474,18.0000,37.9558,40.4035
135.077,15.7173,-6.2370,18.0000,38.0699,35.5605
135.127,15.9668,4.9896,18.0000,38.1716,45.2890
135.177,16.2786,6.2370,18.0000,38.2576,47.1041
135.227,15.8420,-8.7318,18.0000,38.3655,33.8642
135.277,15.6549,-3.7422,18.0000,38.4828,37.4181
135.327,16.1539,9.9792,18.0000,38.5751,49.8098
135.377,15.7797,-7.4844,18.0000,38.6861,34.7124
135.427,16.2162,8.7318,18.0000,38.7753,48.9616
135.477,16.0291,-3.7422,18.0000,38.8738,38.3849
135.527,16.1539,2.4948,18.0000,38.9661,43.7538
135.577,15.8420,-6.2370,18.0000,39.0740,35.8828
135.627,16.0291,3.7422,18.0000,39.1726,44.4409
135.677,16.2786,4.9896,18.0000,39.2587,46.0947
135.727,16.0915,-3.7422,18.0000,39.3541,38.5461
135.777,15.7173,-7.4844,18.0000,39.4682,34.5512
135.827,16.2786,11.2266,18.0000,39.5543,51.1414
135.877,15.8420,-8.7318,18.0000,39.6622,33.8642
135.927,15.9044,1.2474,18.0000,39.7670,42.0999
135.977,15.7797,-2.4948,18.0000,39.8780,38.7497
136.027,15.9668,3.7422,18.0000,39.9796,44.2797
136.077,16.3410,7.4844,18.0000,40.0626,48.2745
136.127,15.9044,-8.7318,18.0000,40.1674,34.0253
136.177,16.0291,2.4948,18.0000,40.2659,43.4315
136.227,15.7797,-4.9896,18.0000,40.3769,36.7310
136.277,15.9044,2.4948,18.0000,40.4817,43.1093
136.327,16.4034,9.9792,18.0000,40.5615,50.4543
136.377,16.2786,-2.4948,18.0000,40.6476,40.0388
136.427,15.5925,-13.7214,18.0000,40.7680,29.1823
136.477,16.2162,12.4740,18.0000,40.8572,51.9896
136.527,16.1539,-1.2474,18.0000,40.9495,40.7258
136.577,16.0915,-1.2474,18.0000,41.0449,40.5647
136.627,15.8420,-4.9896,18.0000,41.1528,36.8922
136.677,16.0915,4.9896,18.0000,41.2482,45.6113
136.727,16.0291,-1.2474,18.0000,41.3468,40.4035
136.777,16.0915,1.2474,18.0000,41.4422,42.5834
136.827,16.2162,2.4948,18.0000,41.5314,43.9150
136.877,16.0915,-2.4948,18.0000,41.6268,39.5554
136.927,15.9044,-3.7422,18.0000,41.7316,38.0626
136.977,16.0291,2.4948,18.0000,41.8301,43.4315
137.027,16.0915,1.2474,18.0000,41.9256,42.5834
137.077,15.9668,-2.4948,18.0000,42.0272,39.2331
137.127,15.8420,-2.4948,18.0000,42.1351,38.9108
137.177,15.9668,2.4948,18.0000,42.2368,43.2704
137.227,15.8420,-2.4948,18.0000,42.3447,38.9108
137.277,16.0915,4.9896,18.0000,42.4401,45.6113
137.327,16.1539,1.2474,18.0000,42.5324,42.7445
137.377,15.8420,-6.2370,18.0000,42.6403,35.8828
137.427,16.3410,9.9792,18.0000,42.7233,50.2932
137.477,16.2786,-1.2474,18.0000,42.8093,41.0481
137.527,16.0915,-3.7422,18.0000,42.9048,38.5461
137.577,15.8420,-4.9896,18.0000,43.0127,36.8922
137.627,16.4657,12.4740,18.0000,43.0894,52.6341
137.677,15.8420,-12.4740,18.0000,43.1973,30.8362
137.727,16.3410,9.9792,18.0000,43.2802,50.2932
137.777,15.8420,-9.9792,18.0000,43.3881,32.8549
137.827,16.0915,4.9896,18.0000,43.4836,45.6113
137.877,16.0291,-1.2474,18.0000,43.5821,40.4035
137.927,16.0915,1.2474,18.0000,43.6775,42.5834
137.977,16.5905,9.9792,18.0000,43.7480,50.9377
138.027,16.0915,-9.9792,18.0000,43.8434,33.4994
138.077,16.1539,1.2474,18.0000,43.9357,42.7445
138.127,16.0915,-1.2474,18.0000,44.0312,40.5647
138.177,16.3410,4.9896,18.0000,44.1141,46.2559
138.227,15.9044,-8.7318,18.0000,44.2189,34.0253
138.277,16.7152,16.2162,18.0000,44.2831,56.3066
138.327,16.2162,-9.9792,18.0000,44.3723,33.8217
138.377,15.9044,-6.2370,18.0000,44.4771,36.0440
138.427,15.7797,-2.4948,18.0000,44.5881,38.7497
138.477,16.4034,12.4740,18.0000,44.6679,52.4730
138.527,16.5281,2.4948,18.0000,44.7415,44.7206
138.577,16.1539,-7.4844,18.0000,44.8338,35.6792
138.627,16.3410,3.7422,18.0000,44.9168,45.2465
138.677,16.4034,1.2474,18.0000,44.9966,43.3890
138.727,15.9044,-9.9792,18.0000,45.1014,33.0160
138.777,15.6549,-4.9896,18.0000,45.2187,36.4087
138.827,16.0291,7.4844,18.0000,45.3172,47.4688
138.877,16.0915,1.2474,18.0000,45.4126,42.5834
138.927,16.4657,7.4844,18.0000,45.4893,48.5968
138.977,16.0915,-7.4844,18.0000,45.5848,35.5181
139.027,16.0291,-1.2474,18.0000,45.6833,40.4035
139.077,16.2786,4.9896,18.0000,45.7694,46.0947
139.127,16.2162,-1.2474,18.0000,45.8586,40.8870
139.177,15.9668,-4.9896,18.0000,45.9602,37.2144
139.227,16.0915,2.4948,18.0000,46.0557,43.5927
139.277,16.0915,0.0000,18.0000,46.1511,41.5740
139.327,16.2162,2.4948,18.0000,46.2403,43.9150
139.377,16.3410,2.4948,18.0000,46.3232,44.2372
139.427,16.7776,8.7318,18.0000,46.3843,50.4118
139.477,16.2786,-9.9792,18.0000,46.4704,33.9828
139.527,16.7776,9.9792,18.0000,46.5315,51.4212
139.577,16.6528,-2.4948,18.0000,46.5989,41.0056
139.627,16.2162,-8.7318,18.0000,46.6881,34.8311
139.677,16.2786,1.2474,18.0000,46.7741,43.0667
139.727,16.0291,-4.9896,18.0000,46.8727,37.3756
139.777,16.1539,2.4948,18.0000,46.9650,43.7538
139.827,16.0291,-2.4948,18.0000,47.0635,39.3942
139.877,15.7173,-6.2370,18.0000,47.1777,35.5605
139.927,16.0915,7.4844,18.0000,47.2731,47.6300
139.977,15.9668,-2.4948,18.0000,47.3748,39.2331
140.027,15.9668,0.0000,18.0000,47.4764,41.2517
140.077,16.3410,7.4844,18.0000,47.5594,48.2745
140.127,16.1539,-3.7422,18.0000,47.6517,38.7072
140.177,16.2162,1.2474,18.0000,47.7409,42.9056
140.227,16.1539,-1.2474,18.0000,47.8332,40.7258
140.277,15.9668,-3.7422,18.0000,47.9348,38.2238
140.327,16.4034,8.7318,18.0000,48.0147,49.4450
140.377,16.4657,1.2474,18.0000,48.0914,43.5502
140.427,16.2786,-3.7422,18.0000,48.1774,39.0294
140.477,16.1539,-2.4948,18.0000,48.2698,39.7165
140.527,17.1518,19.9584,18.0000,48.3122,60.4626
140.577,16.0291,-22.4532,18.0000,48.4107,23.2450
140.627,16.4657,8.7318,18.0000,48.4874,49.6061
140.677,16.1539,-6.2370,18.0000,48.5797,36.6885
140.727,16.4034,4.9896,18.0000,48.6596,46.4170
140.777,15.8420,-11.2266,18.0000,48.7675,31.8455
140.827,16.0915,4.9896,18.0000,48.8629,45.6113
140.877,15.7797,-6.2370,18.0000,48.9739,35.7217
140.927,15.9668,3.7422,18.0000,49.0756,44.2797
140.977,15.5925,-7.4844,18.0000,49.1959,34.2290
141.027,15.9668,7.4844,18.0000,49.2976,47.3077
141.077,16.4034,8.7318,18.0000,49.3774,49.4450
141.127,15.9668,-8.7318,18.0000,49.4791,34.1865
141.177,16.0915,2.4948,18.0000,49.5745,43.5927
141.227,15.7797,-6.2370,18.0000,49.6855,35.7217
141.277,16.2786,9.9792,18.0000,49.7716,50.1320
141.327,15.9668,-6.2370,18.0000,49.8733,36.2051
141.377,15.8420,-2.4948,18.0000,49.9812,38.9108
141.427,16.5281,13.7214,18.0000,50.0547,53.8046
141.477,16.0915,-8.7318,18.0000,50.1502,34.5087
141.527,15.7173,-7.4844,18.0000,50.2643,34.5512
141.577,16.0915,7.4844,18.0000,50.3597,47.6300
141.627,16.2162,2.4948,18.0000,50.4489,43.9150
141.677,16.4657,4.9896,18.0000,50.5256,46.5781
141.727,15.9044,-11.2266,18.0000,50.6304,32.0067
141.777,16.3410,8.7318,18.0000,50.7134,49.2838
141.827,16.2162,-2.4948,18.0000,50.8026,39.8777
141.877,16.7152,9.9792,18.0000,50.8668,51.2600
141.927,16.7152,0.0000,18.0000,50.9310,43.1854
141.977,16.3410,-7.4844,18.0000,51.0140,36.1626
142.027,16.3410,0.0000,18.0000,51.0969,42.2186
142.077,16.7152,7.4844,18.0000,51.1612,49.2414
142.127,16.4657,-4.9896,18.0000,51.2379,38.5036
142.177,16.9023,8.7318,18.0000,51.2928,50.7341
142.227,16.9023,0.0000,18.0000,51.3477,43.6688
142.277,16.4657,-8.7318,18.0000,51.4244,35.4756
142.327,16.8399,7.4844,18.0000,51.4824,49.5636
142.377,17.4013,11.2266,18.0000,51.5123,54.0418
142.427,16.9647,-8.7318,18.0000,51.5641,36.7647
142.477,16.4034,-11.2266,18.0000,51.6439,33.2958
142.527,16.5905,3.7422,18.0000,51.7144,45.8911
142.577,16.6528,1.2474,18.0000,51.7817,44.0336
142.627,16.9023,4.9896,18.0000,51.8366,47.7061
142.677,17.0894,3.7422,18.0000,51.8822,47.1802
142.727,16.9647,-2.4948,18.0000,51.9339,41.8113
142.777,16.9647,0.0000,18.0000,51.9857,43.8300
142.827,16.8399,-2.4948,18.0000,52.0437,41.4891
142.877,16.5281,-6.2370,18.0000,52.1173,37.6554
142.927,16.9023,7.4844,18.0000,52.1722,49.7247
142.977,17.0894,3.7422,18.0000,52.2177,47.1802
143.027,16.8399,-4.9896,18.0000,52.2757,39.4704
143.077,16.4034,-8.7318,18.0000,52.3555,35.3144
143.127,16.9023,9.9792,18.0000,52.4104,51.7434
143.177,16.3410,-11.2266,18.0000,52.4934,33.1347
143.227,16.8399,9.9792,18.0000,52.5514,51.5823
143.277,16.9023,1.2474,18.0000,52.6063,44.6781
143.327,16.1539,-14.9688,18.0000,52.6986,29.6233
143.377,16.4657,6.2370,18.0000,52.7753,47.5875
143.427,16.7776,6.2370,18.0000,52.8364,48.3932
143.477,17.2142,8.7318,18.0000,52.8757,51.5398
143.527,16.9023,-6.2370,18.0000,52.9306,38.6222
143.577,17.7131,16.2162,18.0000,52.9449,58.8849
143.627,17.2142,-9.9792,18.0000,52.9842,36.3999
143.677,17.0894,-2.4948,18.0000,53.0297,42.1336
143.727,17.2765,3.7422,18.0000,53.0659,47.6637
143.777,16.7152,-11.2266,18.0000,53.1302,34.1015
143.827,16.5905,-2.4948,18.0000,53.2006,40.8445
143.877,16.8399,4.9896,18.0000,53.2586,47.5450
143.927,16.8399,0.0000,18.0000,53.3166,43.5077
143.977,17.0271,3.7422,18.0000,53.3653,47.0191
144.027,17.2765,4.9896,18.0000,53.4015,48.6730
144.077,17.0271,-4.9896,18.0000,53.4501,39.9538
144.127,16.4657,-11.2266,18.0000,53.5268,33.4570
144.178,16.7152,4.9896,18.0000,53.5911,47.2227
144.227,17.1518,8.7318,18.0000,53.6335,51.3787
144.278,17.2765,2.4948,18.0000,53.6697,46.6543
144.327,16.5905,-13.7214,18.0000,53.7401,31.7605
144.378,17.5260,18.7110,18.0000,53.7638,60.4201
144.428,17.1518,-7.4844,18.0000,53.8062,38.2574
144.478,16.9023,-4.9896,18.0000,53.8611,39.6315
144.528,16.7152,-3.7422,18.0000,53.9254,40.1575
144.577,16.7776,1.2474,18.0000,53.9865,44.3559
144.628,16.8399,1.2474,18.0000,54.0445,44.5170
144.678,16.5905,-4.9896,18.0000,54.1150,38.8258
144.728,16.9647,7.4844,18.0000,54.1667,49.8859
144.778,16.9023,-1.2474,18.0000,54.2216,42.6595
144.827,16.4657,-8.7318,18.0000,54.2983,35.4756
144.878,16.4657,0.0000,18.0000,54.3750,42.5409
144.928,16.7776,6.2370,18.0000,54.4362,48.3932
144.978,16.9647,3.7422,18.0000,54.4879,46.8579
145.028,16.7152,-4.9896,18.0000,54.5522,39.1481
145.077,17.2142,9.9792,18.0000,54.5915,52.5491
145.128,16.2162,-19.9584,18.0000,54.6806,25.7471
145.178,16.8399,12.4740,18.0000,54.7387,53.6009
145.228,17.3389,9.9792,18.0000,54.7717,52.8714
145.278,17.0271,-6.2370,18.0000,54.8204,38.9445
145.327,16.5281,-9.9792,18.0000,54.8939,34.6274
145.378,16.7776,4.9896,18.0000,54.9551,47.3838
145.428,16.3410,-8.7318,18.0000,55.0380,35.1533
145.478,16.8399,9.9792,18.0000,55.0960,51.5823
145.528,17.2142,7.4844,18.0000,55.1353,50.5305
145.577,17.1518,-1.2474,18.0000,55.1777,43.3041
145.628,17.2142,1.2474,18.0000,55.2170,45.4839
145.678,16.7152,-9.9792,18.0000,55.2813,35.1108
145.728,17.4013,13.7214,18.0000,55.3112,56.0605
145.778,16.7776,-12.4740,18.0000,55.3723,33.2533
145.828,17.1518,7.4844,18.0000,55.4147,50.3693
145.878,16.9023,-4.9896,18.0000,55.4696,39.6315
145.928,16.5905,-6.2370,18.0000,55.5401,37.8165
145.978,17.1518,11.2266,18.0000,55.5825,53.3973
146.028,16.3410,-16.2162,18.0000,55.6654,29.0974
146.078,17.2765,18.7110,18.0000,55.7016,59.7755
146.128,17.2142,-1.2474,18.0000,55.7409,43.4652
146.178,17.2142,0.0000,18.0000,55.7802,44.4745
146.228,16.8399,-7.4844,18.0000,55.8382,37.4517
146.278,17.3389,9.9792,18.0000,55.8713,52.8714
146.328,16.7152,-12.4740,18.0000,55.9355,33.0921
146.378,17.3389,12.4740,18.0000,55.9685,54.8901
146.428,16.8399,-9.9792,18.0000,56.0266,35.4331
146.478,16.9023,1.2474,18.0000,56.0814,44.6781
146.528,17.4636,11.2267,18.0000,56.1083,54.2031
146.578,17.7755,6.2370,18.0000,56.1195,50.9714
146.628,17.6508,-2.4948,18.0000,56.1369,43.5838
146.678,17.4636,-3.7422,18.0000,56.1638,42.0911
146.728,17.5260,1.2474,18.0000,56.1875,46.2895
146.778,17.5260,0.0000,18.0000,56.2112,45.2802
146.828,17.7755,4.9896,18.0000,56.2224,49.9621
146.878,17.5260,-4.9896,18.0000,56.2461,41.2429
146.928,17.6508,2.4948,18.0000,56.2635,47.6212
146.978,18.5239,17.4636,18.0000,56.2374,61.9890
147.028,18.3992,-2.4948,18.0000,56.2174,45.5175
147.078,17.4013,-19.9584,18.0000,56.2473,28.8087
147.128,18.3368,18.7110,18.0000,56.2305,62.5149
147.178,18.1497,-3.7422,18.0000,56.2230,43.8636
147.228,18.7734,12.4740,18.0000,56.1843,58.5963
147.278,18.0250,-14.9688,18.0000,56.1831,34.4574
147.328,18.2745,4.9896,18.0000,56.1694,51.2512
147.378,17.9626,-6.2370,18.0000,56.1712,41.3616
147.428,18.0873,2.4948,18.0000,56.1669,48.7491
147.478,18.6487,11.2266,18.0000,56.1344,57.2646
147.528,18.5863,-1.2474,18.0000,56.1051,47.0103
147.578,18.5863,0.0000,18.0000,56.0758,48.0196
147.628,18.7110,2.4948,18.0000,56.0402,50.3605
147.678,18.6487,-1.2474,18.0000,56.0078,47.1714
147.728,18.8982,4.9896,18.0000,55.9629,52.8626
147.778,19.1476,4.9896,18.0000,55.9055,53.5072
147.828,19.4595,6.2370,18.0000,55.8325,55.3222
147.878,19.2100,-4.9896,18.0000,55.7720,45.5937
147.928,18.6487,-11.2266,18.0000,55.7396,39.0968
147.978,18.5239,-2.4948,18.0000,55.7134,45.8398
148.028,18.6487,2.4948,18.0000,55.6810,50.1993
148.078,19.2724,12.4740,18.0000,55.6174,59.8853
148.128,18.5239,-14.9688,18.0000,55.5912,35.7466
148.178,17.9626,-11.2266,18.0000,55.5930,37.3243
148.228,18.7734,16.2162,18.0000,55.5544,61.6242
148.278,19.3971,12.4740,18.0000,55.4845,60.2076
148.328,18.7734,-12.4740,18.0000,55.4458,38.4098
148.378,18.3368,-8.7318,18.0000,55.4290,40.3097
148.428,18.5239,3.7422,18.0000,55.4028,50.8864
148.478,19.0853,11.2266,18.0000,55.3485,58.3926
148.528,19.0853,0.0000,18.0000,55.2943,49.3087
148.578,18.9605,-2.4948,18.0000,55.2463,46.9678
148.628,18.9605,0.0000,18.0000,55.1982,48.9864
148.678,18.9605,0.0000,18.0000,55.1502,48.9864
148.728,18.4616,-9.9792,18.0000,55.1271,39.6227
148.778,18.2745,-3.7422,18.0000,55.1134,44.1859
148.828,18.7110,8.7318,18.0000,55.0778,55.4071
148.878,19.2100,9.9792,18.0000,55.0173,57.7056
148.928,18.9605,-4.9896,18.0000,54.9693,44.9491
148.978,18.9605,0.0000,18.0000,54.9213,48.9864
149.028,18.3368,-12.4740,18.0000,54.9045,37.2818
149.078,19.0853,14.9688,18.0000,54.8502,61.4206
149.128,18.4616,-12.4740,18.0000,54.8271,37.6041
149.178,18.0250,-8.7318,18.0000,54.8259,39.5040
149.228,18.9605,18.7110,18.0000,54.7778,64.1263
149.278,19.4595,9.9792,18.0000,54.7049,58.3502
149.328,18.9605,-9.9792,18.0000,54.6568,40.9118
149.378,18.6487,-6.2370,18.0000,54.6244,43.1341
149.428,19.1476,9.9792,18.0000,54.5670,57.5445
149.478,19.5219,7.4844,18.0000,54.4909,56.4926
149.528,18.3992,-22.4532,18.0000,54.4710,29.3683
149.578,18.0873,-6.2370,18.0000,54.4666,41.6839
149.628,19.0229,18.7110,18.0000,54.4155,64.2874
149.678,18.8982,-2.4948,18.0000,54.3705,46.8066
149.728,19.0229,2.4948,18.0000,54.3194,51.1662
149.778,18.9605,-1.2474,18.0000,54.2714,47.9771
149.828,19.3347,7.4844,18.0000,54.2046,56.0092
149.878,19.2724,-1.2474,18.0000,54.1410,48.7828
149.928,19.1476,-2.4947,18.0000,54.0836,47.4512
149.978,19.5219,7.4844,18.0000,54.0075,56.4926
150.028,18.5863,-18.7110,18.0000,53.9782,32.8797
150.078,19.6466,21.2058,18.0000,53.8959,67.9175
150.128,18.7734,-17.4636,18.0000,53.8572,34.3724
150.178,19.6466,17.4636,18.0000,53.7749,64.8895
150.228,19.0229,-12.4740,18.0000,53.7238,39.0543
150.278,19.6466,12.4740,18.0000,53.6414,60.8522
150.328,19.2100,-8.7318,18.0000,53.5809,42.5657
150.378,19.2724,1.2474,18.0000,53.5173,50.8014
150.428,19.2724,0.0000,18.0000,53.4537,49.7921
150.478,18.9605,-6.2370,18.0000,53.4057,43.9398
150.528,19.3347,7.4844,18.0000,53.3389,56.0092
150.578,19.4595,2.4948,18.0000,53.2660,52.2942
150.628,19.3347,-2.4948,18.0000,53.1992,47.9346
150.678,18.6487,-13.7214,18.0000,53.1668,37.0781
150.728,20.0208,27.4428,18.0000,53.0657,73.9309
150.778,19.5219,-9.9792,18.0000,52.9896,42.3621
150.828,20.4574,18.7110,18.0000,52.8668,67.9936
150.878,19.0229,-28.6902,18.0000,52.8156,25.9331
150.928,19.9584,18.7110,18.0000,52.7177,66.7045
150.978,18.8982,-21.2058,18.0000,52.6728,31.6668
151.028,19.3971,9.9792,18.0000,52.6029,58.1890
151.078,19.4595,1.2474,18.0000,52.5300,51.2849
151.128,19.0229,-8.7318,18.0000,52.4788,42.0823
151.178,19.0229,0.0000,18.0000,52.4277,49.1476
151.228,19.5219,9.9792,18.0000,52.3516,58.5112
151.278,18.7734,-14.9688,18.0000,52.3129,36.3911
151.328,19.1476,7.4844,18.0000,52.2555,55.5258
151.378,17.6508,-29.9376,18.0000,52.2730,21.3787
151.428,18.3368,13.7214,18.0000,52.2562,58.4776
151.478,19.1476,16.2162,18.0000,52.1988,62.5911
151.528,18.0250,-22.4533,18.0000,52.1975,28.4014
151.578,18.7734,14.9688,18.0000,52.1589,60.6149
151.628,18.0873,-13.7214,18.0000,52.1545,35.6279
151.678,18.7110,12.4740,18.0000,52.1189,58.4351
151.728,18.5863,-2.4948,18.0000,52.0896,46.0009
151.778,18.5863,0.0000,18.0000,52.0603,48.0196
151.828,18.2121,-7.4844,18.0000,52.0497,40.9968
151.878,18.1497,-1.2474,18.0000,52.0422,45.8822
151.928,18.3992,4.9896,18.0000,52.0223,51.5735
151.978,18.0873,-6.2370,18.0000,52.0179,41.6839
152.028,18.0873,0.0000,18.0000,52.0135,46.7305
152.078,18.5239,8.7318,18.0000,51.9873,54.9237
152.128,17.2142,-26.1954,18.0000,52.0266,23.2787
152.178,18.3368,22.4532,18.0000,52.0098,65.5429
152.228,18.7110,7.4844,18.0000,51.9742,54.3978
152.278,17.8379,-17.4636,18.0000,51.9823,31.9554
152.328,18.8358,19.9584,18.0000,51.9406,64.8134
152.378,18.5239,-6.2370,18.0000,51.9144,42.8118
152.428,18.5863,1.2474,18.0000,51.8850,49.0289
152.478,18.5239,-1.2474,18.0000,51.8588,46.8491
152.528,18.5239,0.0000,18.0000,51.8327,47.8584
152.578,18.9605,8.7318,18.0000,51.7846,56.0517
152.628,18.0873,-17.4636,18.0000,51.7803,32.5999
152.678,18.8358,14.9688,18.0000,51.7385,60.7760
152.728,18.1497,-13.7214,18.0000,51.7310,35.7890
152.778,18.8982,14.9688,18.0000,51.6861,60.9372
152.828,19.3347,8.7318,18.0000,51.6193,57.0185
152.878,18.9605,-7.4844,18.0000,51.5713,42.9304
152.928,18.5863,-7.4844,18.0000,51.5420,41.9636
152.978,18.5239,-1.2474,18.0000,51.5158,46.8491
153.028,19.7090,23.7006,18.0000,51.4304,70.0972
153.078,18.7110,-19.9584,18.0000,51.3948,32.1927
153.128,18.9605,4.9896,18.0000,51.3468,53.0237
153.178,18.5863,-7.4844,18.0000,51.3175,41.9636
153.228,18.7110,2.4948,18.0000,51.2819,50.3605
153.278,19.2724,11.2266,18.0000,51.2183,58.8760
153.328,19.2724,0.0000,18.0000,51.1547,49.7921
153.378,18.3368,-18.7110,18.0000,51.1378,32.2352
153.428,19.7713,28.6902,18.0000,51.0493,74.2957
153.478,19.0229,-14.9688,18.0000,50.9981,37.0357
153.528,19.5219,9.9792,18.0000,50.9220,58.5112
153.578,19.0853,-8.7318,18.0000,50.8678,42.2434
153.628,19.3347,4.9896,18.0000,50.8010,53.9906
153.678,19.8961,11.2266,18.0000,50.7062,60.4874
153.728,19.4595,-8.7318,18.0000,50.6332,43.2103
153.778,19.7713,6.2370,18.0000,50.5447,56.1279
153.828,20.0832,6.2370,18.0000,50.4405,56.9335
153.878,19.4595,-12.4740,18.0000,50.3675,40.1823
153.928,19.0229,-8.7318,18.0000,50.3164,42.0823
153.978,18.1497,-17.4636,18.0000,50.3089,32.7610
154.028,19.3347,23.7006,18.0000,50.2422,69.1305
154.078,19.3347,0.0000,18.0000,50.1754,49.9533
154.128,19.3971,1.2474,18.0000,50.1056,51.1237
154.178,18.2745,-22.4532,18.0000,50.0919,29.0460
154.228,18.5863,6.2370,18.0000,50.0626,53.0662
154.278,18.7734,3.7422,18.0000,50.0239,51.5310
154.328,19.3347,11.2266,18.0000,49.9571,59.0372
154.378,19.1476,-3.7422,18.0000,49.8998,46.4419
154.428,18.9605,-3.7423,18.0000,49.8517,45.9584
154.478,19.0229,1.2474,18.0000,49.8006,50.1569
154.528,18.6487,-7.4844,18.0000,49.7682,42.1247
154.578,18.5239,-2.4948,18.0000,49.7420,45.8398
154.628,18.2121,-6.2370,18.0000,49.7314,42.0061
154.678,19.6466,28.6902,18.0000,49.6490,73.9734
154.728,18.6487,-19.9584,18.0000,49.6166,32.0315
154.778,17.9002,-14.9688,18.0000,49.6216,34.1352
154.828,19.0853,23.7006,18.0000,49.5673,68.4858
154.878,18.3368,-14.9688,18.0000,49.5505,35.2631
154.928,18.8982,11.2266,18.0000,49.5056,57.9092
154.978,18.3368,-11.2266,18.0000,49.4887,38.2911
155.028,17.4013,-18.7110,18.0000,49.5187,29.8181
155.078,18.5863,23.7006,18.0000,49.4894,67.1968
155.128,18.7734,3.7422,18.0000,49.4507,51.5310
155.178,19.8337,21.2058,18.0000,49.3590,68.4009
155.228,18.5239,-26.1954,18.0000,49.3328,26.6626
155.278,18.9605,8.7318,18.0000,49.2848,56.0517
155.328,18.7734,-3.7422,18.0000,49.2461,45.4750
155.378,19.3347,11.2266,10.0000,-0.4667,59.0372
155.428,18.3368,-19.9584,10.0000,-0.8836,31.2258
155.478,19.1476,16.2162,10.0000,-1.3410,62.5911
155.528,18.8358,-6.2370,10.0000,-1.7827,43.6175
155.578,19.5219,13.7214,10.0000,-2.2588,61.5392
155.628,19.5842,1.2474,10.0000,-2.7381,51.6071
155.678,19.0853,-9.9792,10.0000,-3.1923,41.2341
155.728,19.0229,-1.2474,10.0000,-3.6435,48.1383
155.778,18.6487,-7.4844,10.0000,-4.0759,42.1247
155.828,19.7090,21.2058,10.0000,-4.5613,68.0786
155.878,18.7734,-18.7110,10.0000,-5.0000,33.3631
155.928,19.1476,7.4844,10.0000,-5.4574,55.5258
155.978,19.5219,7.4844,10.0000,-5.9335,56.4926
156.028,19.6466,2.4948,10.0000,-6.4158,52.7776
156.078,19.0853,-11.2266,10.0000,-6.8701,40.2248
156.128,18.3368,-14.9688,10.0000,-7.2869,35.2631
156.178,19.2100,17.4636,10.0000,-7.7474,63.7615
156.228,19.0853,-2.4948,10.0000,-8.2017,47.2900
156.278,19.2100,2.4948,10.0000,-8.6622,51.6496
156.328,18.3992,-16.2162,10.0000,-9.0821,34.4149
156.378,18.5863,3.7422,10.0000,-9.5115,51.0475
156.428,19.5219,18.7110,10.0000,-9.9876,65.5766
156.478,19.2724,-4.9896,10.0000,-10.4512,45.7548
156.528,18.6487,-12.4740,10.0000,-10.8836,38.0875
156.578,19.3347,13.7214,10.0000,-11.3503,61.0559
156.628,19.4595,2.4948,10.0000,-11.8233,52.2942
156.678,18.4616,-19.9584,10.0000,-12.2464,31.5481
156.728,18.3992,-1.2474,10.0000,-12.6664,46.5268
156.778,18.2121,-3.7422,10.0000,-13.0770,44.0248
156.828,18.7110,9.9792,10.0000,-13.5125,56.4164
156.878,18.7734,1.2474,10.0000,-13.9512,49.5123
156.928,18.5863,-3.7422,10.0000,-14.3805,44.9916
156.978,17.4013,-23.7006,10.0000,-14.7506,25.7808
157.028,18.3992,19.9584,10.0000,-15.1705,63.6854
157.078,18.7734,7.4844,10.0000,-15.6092,54.5589
157.128,17.8379,-18.7110,10.0000,-16.0011,30.9460
157.178,17.4013,-8.7318,10.0000,-16.3712,37.8927
157.228,17.4636,1.2474,10.0000,-16.7443,46.1284
157.278,17.8379,7.4844,10.0000,-17.1362,52.1418
157.328,17.5884,-4.9896,10.0000,-17.5157,41.4041
157.378,17.4013,-3.7422,10.0000,-17.8857,41.9300
157.428,17.6508,4.9896,10.0000,-18.2683,49.6398
157.478,17.4636,-3.7422,10.0000,-18.6414,42.0911
157.528,17.4013,-1.2474,10.0000,-19.0115,43.9486
157.578,17.9002,9.9792,10.0000,-19.4065,54.3217
157.628,17.7131,-3.7423,10.0000,-19.7922,42.7356
157.678,17.2142,-9.9792,10.0000,-20.1529,36.3999
157.728,16.6528,-11.2266,10.0000,-20.4855,33.9403
157.778,16.5281,-2.4948,10.0000,-20.8119,40.6834
157.828,16.5281,0.0000,10.0000,-21.1383,42.7020
157.878,16.9647,8.7318,10.0000,-21.4866,50.8952
157.928,16.2162,-14.9688,10.0000,-21.7974,29.7844
157.978,16.5281,6.2370,10.0000,-22.1238,47.7486
158.028,15.8420,-13.7214,10.0000,-22.4159,29.8269
158.078,16.2162,7.4844,10.0000,-22.7267,47.9523
158.128,15.0936,-22.4532,10.0000,-22.9814,20.8279
158.178,15.5302,8.7318,10.0000,-23.2579,47.1891
158.228,15.4678,-1.2474,10.0000,-23.5313,38.9533
158.278,15.5302,1.2474,10.0000,-23.8078,41.1331
158.328,15.0312,-9.9792,10.0000,-24.0593,30.7600
158.378,14.8441,-3.7422,10.0000,-24.3015,35.3233
158.428,14.9688,2.4948,10.0000,-24.5500,40.6922
158.478,14.6570,-6.2370,10.0000,-24.7828,32.8212
158.528,14.9065,4.9896,10.0000,-25.0282,42.5497
158.578,14.3451,-11.2266,10.0000,-25.2454,27.9782
158.628,14.0957,-4.9896,10.0000,-25.4502,32.3802
158.678,14.1580,1.2474,10.0000,-25.6581,37.5880
158.728,14.1580,0.0000,10.0000,-25.8660,36.5787
158.778,13.7838,-7.4844,10.0000,-26.0552,29.5559
158.828,13.7214,-1.2474,10.0000,-26.2413,34.4414
158.878,13.0977,-12.4740,10.0000,-26.3961,23.7461
158.928,12.9730,-2.4948,10.0000,-26.5448,31.4984
158.978,12.9730,0.0000,10.0000,-26.6934,33.5171
159.028,12.9730,0.0000,10.0000,-26.8421,33.5171
159.078,12.8483,-2.4948,10.0000,-26.9845,31.1761
159.128,12.5988,-4.9896,10.0000,-27.1145,28.5129
159.178,12.4740,-2.4948,10.0000,-27.2382,30.2093
159.228,12.4117,-1.2474,10.0000,-27.3587,31.0575
159.278,12.1622,-4.9896,10.0000,-27.4668,27.3850
159.328,11.7256,-8.7318,10.0000,-27.5531,23.2290
159.378,11.7256,0.0000,10.0000,-27.6394,30.2943
159.428,11.6009,-2.4948,10.0000,-27.7195,27.9534
159.478,11.3514,-4.9896,10.0000,-27.7870,25.2901
159.528,11.4761,2.4948,10.0000,-27.8608,31.6684
159.578,11.5385,1.2474,10.0000,-27.9378,30.8202
159.628,11.6632,2.4948,10.0000,-28.0209,32.1518
159.678,11.2890,-7.4844,10.0000,-28.0854,23.1103
159.728,11.2266,-1.2474,10.0000,-28.1467,27.9958
159.778,11.4761,4.9896,10.0000,-28.2205,33.6870
159.828,11.2890,-3.7422,10.0000,-28.2849,26.1383
159.878,11.3514,1.2474,10.0000,-28.3525,30.3368
159.928,11.2890,-1.2474,10.0000,-28.4170,28.1570
159.978,11.4138,2.4948,10.0000,-28.4877,31.5072
160.028,11.4138,0.0000,10.0000,-28.5583,29.4886
160.078,11.3514,-1.2474,10.0000,-28.6259,28.3181
160.128,11.2266,-2.4948,10.0000,-28.6872,26.9865
160.178,11.4761,4.9896,10.0000,-28.7611,33.6870
160.228,11.2890,-3.7422,10.0000,-28.8255,26.1383
160.278,11.4761,3.7422,10.0000,-28.8993,32.6777
160.328,11.4761,0.0000,10.0000,-28.9731,29.6497
160.378,11.2890,-3.7422,10.0000,-29.0376,26.1383
160.428,11.4761,3.7422,10.0000,-29.1114,32.6777
160.478,11.4138,-1.2474,10.0000,-29.1821,28.4792
160.528,11.4138,0.0000,10.0000,-29.2527,29.4886
160.578,11.4138,0.0000,10.0000,-29.3234,29.4886
160.628,11.3514,-1.2474,10.0000,-29.3910,28.3181
160.678,11.4761,2.4948,10.0000,-29.4648,31.6684
160.728,11.6009,2.4948,10.0000,-29.5449,31.9906
160.778,11.2266,-7.4844,10.0000,-29.6062,22.9492
160.828,11.6009,7.4844,10.0000,-29.6862,36.0279
160.878,11.5385,-1.2474,10.0000,-29.7632,28.8015
160.928,11.4761,-1.2474,10.0000,-29.8370,28.6404
160.978,11.6632,3.7422,10.0000,-29.9201,33.1611
161.028,11.6632,0.0000,10.0000,-30.0033,30.1331
161.078,11.7880,2.4948,10.0000,-30.0927,32.4741
161.128,11.7256,-1.2474,10.0000,-30.1790,29.2849
161.178,11.5385,-3.7422,10.0000,-30.2559,26.7829
161.228,11.7880,4.9896,10.0000,-30.3453,34.4927
161.278,11.7880,0.0000,10.0000,-30.4347,30.4554
161.328,11.9127,2.4948,10.0000,-30.5303,32.7963
161.378,11.7880,-2.4948,10.0000,-30.6197,28.4368
161.428,12.0375,4.9896,10.0000,-30.7216,35.1373
161.478,11.9751,-1.2474,10.0000,-30.8204,29.9295
161.528,12.0375,1.2474,10.0000,-30.9222,32.1093
161.578,12.0998,1.2474,10.0000,-31.0272,32.2704
161.628,12.1622,1.2474,10.0000,-31.1353,32.4316
161.678,12.3493,3.7422,10.0000,-31.2528,34.9336
161.728,12.2869,-1.2474,10.0000,-31.3671,30.7352
161.778,12.3493,1.2474,10.0000,-31.4846,32.9150
161.828,12.2869,-1.2474,10.0000,-31.5989,30.7352
161.878,12.2869,0.0000,10.0000,-31.7133,31.7445
161.928,12.5364,4.9896,10.0000,-31.8401,36.4264
161.978,12.5364,0.0000,10.0000,-31.9669,32.3891
162.028,12.5988,1.2474,10.0000,-32.0969,33.5596
162.078,12.3493,-4.9896,10.0000,-32.2143,27.8684
162.128,12.2869,-1.2474,10.0000,-32.3287,30.7352
162.178,12.4740,3.7422,10.0000,-32.4524,35.2559
162.228,12.4117,-1.2474,10.0000,-32.5730,31.0575
162.278,12.5988,3.7422,10.0000,-32.7029,35.5782
162.328,12.2869,-6.2370,10.0000,-32.8173,26.6979
162.378,12.5364,4.9896,10.0000,-32.9441,36.4264
162.428,12.2869,-4.9896,10.0000,-33.0584,27.7072
162.478,12.2246,-1.2474,10.0000,-33.1696,30.5741
162.528,12.2869,1.2474,10.0000,-33.2840,32.7539
162.578,12.4740,3.7422,10.0000,-33.4077,35.2559
162.628,12.4117,-1.2474,10.0000,-33.5283,31.0575
162.678,12.0998,-6.2370,10.0000,-33.6333,26.2145
162.728,12.4740,7.4844,10.0000,-33.7570,38.2839
162.778,12.3493,-2.4948,10.0000,-33.8744,29.8870
162.828,12.5988,4.9896,10.0000,-34.0044,36.5875
162.878,12.3493,-4.9896,10.0000,-34.1218,27.8684
162.928,12.1622,-3.7422,10.0000,-34.2299,28.3943
162.978,12.5988,8.7318,10.0000,-34.3599,39.6155
163.028,12.0998,-9.9792,10.0000,-34.4649,23.1865
163.078,12.2246,2.4948,10.0000,-34.5761,33.6020
163.128,12.2869,1.2474,10.0000,-34.6905,32.7539
163.178,11.9751,-6.2370,10.0000,-34.7892,25.8922
163.228,12.2869,6.2370,10.0000,-34.9036,36.7911
163.278,12.2869,0.0000,10.0000,-35.0179,31.7445
163.328,12.2869,0.0000,10.0000,-35.1322,31.7445
163.378,12.2869,0.0000,10.0000,-35.2466,31.7445
163.428,12.4117,2.4948,10.0000,-35.3672,34.0855
163.478,12.0998,-6.2370,10.0000,-35.4722,26.2145
163.528,12.1622,1.2474,10.0000,-35.5803,32.4316
163.578,11.9127,-4.9896,10.0000,-35.6759,26.7404
163.628,12.0998,3.7422,10.0000,-35.7809,34.2891
163.678,12.2869,3.7422,10.0000,-35.8952,34.7725
163.728,12.2246,-1.2474,10.0000,-36.0065,30.5741
163.778,12.0998,-2.4948,10.0000,-36.1115,29.2425
163.828,12.0375,-1.2474,10.0000,-36.2133,30.0906
163.878,12.2869,4.9896,10.0000,-36.3277,35.7818
163.928,12.2246,-1.2474,10.0000,-36.4389,30.5741
163.978,12.0998,-2.4948,10.0000,-36.5439,29.2425
164.028,12.3493,4.9896,10.0000,-36.6614,35.9430
164.078,12.2869,-1.2474,10.0000,-36.7757,30.7352
164.128,12.2869,0.0000,10.0000,-36.8901,31.7445
164.178,12.1622,-2.4948,10.0000,-36.9982,29.4036
164.228,12.1622,0.0000,10.0000,-37.1063,31.4223
164.278,11.9751,-3.7422,10.0000,-37.2050,27.9108
164.328,11.9751,0.0000,10.0000,-37.3038,30.9388
164.378,11.9751,0.0000,10.0000,-37.4025,30.9388
164.428,12.0998,2.4948,10.0000,-37.5075,33.2798
164.478,11.9751,-2.4948,10.0000,-37.6063,28.9202
164.528,11.9751,0.0000,10.0000,-37.7050,30.9388
164.578,12.0998,2.4948,10.0000,-37.8100,33.2798
164.628,12.0375,-1.2474,10.0000,-37.9119,30.0906
164.678,11.9751,-1.2474,10.0000,-38.0107,29.9295
164.728,12.2246,4.9896,10.0000,-38.1219,35.6207
164.778,12.0998,-2.4948,10.0000,-38.2269,29.2425
164.828,12.1622,1.2474,10.0000,-38.3350,32.4316
164.878,12.1622,0.0000,10.0000,-38.4431,31.4223
164.928,12.4117,4.9896,10.0000,-38.5637,36.1041
164.978,11.9127,-9.9792,10.0000,-38.6593,22.7031
165.028,12.0998,3.7422,10.0000,-38.7643,34.2891
165.078,12.0375,-1.2474,10.0000,-38.8662,30.0906
165.128,12.2246,3.7422,10.0000,-38.9774,34.6113
165.178,12.2869,1.2474,10.0000,-39.0918,32.7539
165.228,12.1622,-2.4948,10.0000,-39.1999,29.4036
165.278,12.2246,1.2474,10.0000,-39.3111,32.5927
165.328,12.3493,2.4948,10.0000,-39.4286,33.9243
165.378,12.0998,-4.9896,10.0000,-39.5336,27.2238
165.428,12.0375,-1.2474,10.0000,-39.6354,30.0906
165.478,12.2246,3.7422,10.0000,-39.7467,34.6113
165.528,12.2246,0.0000,10.0000,-39.8579,31.5834
165.578,12.2869,1.2474,10.0000,-39.9722,32.7539
165.628,12.0375,-4.9896,10.0000,-40.0741,27.0627
165.678,12.1622,2.4948,10.0000,-40.1822,33.4409
165.728,12.0998,-1.2474,10.0000,-40.2872,30.2518
165.778,12.0998,0.0000,10.0000,-40.3922,31.2611
165.828,12.0375,-1.2474,10.0000,-40.4941,30.0906
165.878,12.3493,6.2370,10.0000,-40.6115,36.9523
165.928,12.2246,-2.4948,10.0000,-40.7228,29.5647
165.978,12.0998,-2.4948,10.0000,-40.8278,29.2425
166.028,12.1622,1.2474,10.0000,-40.9359,32.4316
166.078,12.2869,2.4948,10.0000,-41.0502,33.7632
166.128,12.2869,0.0000,10.0000,-41.1646,31.7445
166.178,12.3493,1.2474,10.0000,-41.2820,32.9150
166.228,12.4117,1.2474,10.0000,-41.4026,33.0761
166.278,12.0998,-6.2370,10.0000,-41.5076,26.2145
166.328,12.5364,8.7318,10.0000,-41.6344,39.4543
166.378,11.9751,-11.2266,10.0000,-41.7332,21.8549
166.428,12.0375,1.2474,10.0000,-41.8351,32.1093
166.478,12.1622,2.4948,10.0000,-41.9432,33.4409
166.528,11.8503,-6.2370,10.0000,-42.0357,25.5699
166.578,11.8503,0.0000,10.0000,-42.1282,30.6166
166.628,12.0998,4.9896,10.0000,-42.2332,35.2984
166.678,11.9751,-2.4948,10.0000,-42.3319,28.9202
166.728,12.2869,6.2370,10.0000,-42.4463,36.7911
166.778,12.0375,-4.9896,10.0000,-42.5482,27.0627
166.828,12.2246,3.7422,10.0000,-42.6594,34.6113
166.878,12.1622,-1.2474,10.0000,-42.7675,30.4130
166.928,11.9751,-3.7422,10.0000,-42.8663,27.9108
166.978,12.2869,6.2370,10.0000,-42.9806,36.7911
167.028,12.2246,-1.2474,10.0000,-43.0918,30.5741
167.078,11.9751,-4.9896,10.0000,-43.1906,26.9015
167.128,12.2869,6.2370,10.0000,-43.3049,36.7911
167.178,12.2869,0.0000,10.0000,-43.4193,31.7445
167.228,12.2869,0.0000,10.0000,-43.5336,31.7445
167.278,11.9751,-6.2370,10.0000,-43.6324,25.8922
167.328,12.2246,4.9896,10.0000,-43.7436,35.6207
167.378,12.0998,-2.4948,10.0000,-43.8486,29.2425
167.428,11.9751,-2.4948,10.0000,-43.9473,28.9202
167.478,11.9751,0.0000,10.0000,-44.0461,30.9388
167.528,12.1622,3.7422,10.0000,-44.1542,34.4502
167.578,12.0998,-1.2474,10.0000,-44.2592,30.2518
167.628,11.9127,-3.7422,10.0000,-44.3548,27.7497
167.678,12.0375,2.4948,10.0000,-44.4567,33.1186
167.728,11.7880,-4.9896,10.0000,-44.5461,26.4181
167.778,11.9127,2.4948,10.0000,-44.6417,32.7963
167.828,11.9127,0.0000,10.0000,-44.7374,30.7777
167.878,11.9751,1.2474,10.0000,-44.8361,31.9482
167.928,11.7256,-4.9896,10.0000,-44.9224,26.2570
167.978,11.7256,0.0000,10.0000,-45.0087,30.2943
168.028,11.6632,-1.2474,10.0000,-45.0919,29.1238
168.078,11.8503,3.7422,10.0000,-45.1844,33.6445
168.128,11.7256,-2.4948,10.0000,-45.2707,28.2756
168.178,11.7256,0.0000,10.0000,-45.3569,30.2943
168.228,11.7880,1.2474,10.0000,-45.4463,31.4647
168.278,11.9127,2.4948,10.0000,-45.5420,32.7963
168.328,11.7256,-3.7422,10.0000,-45.6282,27.2663
168.378,11.7880,1.2474,10.0000,-45.7176,31.4647
168.428,11.7256,-1.2474,10.0000,-45.8039,29.2849
168.478,11.9751,4.9896,10.0000,-45.9027,34.9761
168.528,12.0375,1.2474,10.0000,-46.0046,32.1093
168.578,11.9751,-1.2474,10.0000,-46.1033,29.9295
168.628,11.7256,-4.9896,10.0000,-46.1896,26.2570
168.678,11.7880,1.2474,10.0000,-46.2790,31.4647
168.728,11.7256,-1.2474,10.0000,-46.3653,29.2849
168.778,11.9127,3.7422,10.0000,-46.4609,33.8057
168.828,11.7256,-3.7422,10.0000,-46.5472,27.2663
168.878,11.9127,3.7422,10.0000,-46.6428,33.8057
168.928,11.9127,0.0000,10.0000,-46.7385,30.7777
168.978,11.7880,-2.4948,10.0000,-46.8279,28.4368
169.028,11.7880,0.0000,10.0000,-46.9173,30.4554
169.078,11.9127,2.4948,10.0000,-47.0129,32.7963
169.128,12.0375,2.4948,10.0000,-47.1148,33.1186
169.178,11.9751,-1.2474,10.0000,-47.2135,29.9295
169.228,11.7880,-3.7422,10.0000,-47.3029,27.4274
169.278,11.5385,-4.9896,10.0000,-47.3798,25.7736
169.328,11.8503,6.2370,10.0000,-47.4724,35.6632
169.378,11.7256,-2.4948,10.0000,-47.5586,28.2756
169.428,11.9751,4.9896,10.0000,-47.6574,34.9761
169.478,11.8503,-2.4948,10.0000,-47.7499,28.5979
169.528,11.9751,2.4948,10.0000,-47.8487,32.9575
169.578,11.9127,-1.2474,10.0000,-47.9443,29.7684
169.628,11.8503,-1.2474,10.0000,-48.0368,29.6072
169.678,11.7880,-1.2474,10.0000,-48.1262,29.4461
169.728,11.6632,-2.4948,10.0000,-48.2094,28.1145
169.778,11.9127,4.9896,10.0000,-48.3050,34.8150
169.828,11.6009,-6.2370,10.0000,-48.3851,24.9254
169.878,11.6632,1.2474,10.0000,-48.4682,31.1424
169.928,11.6632,0.0000,10.0000,-48.5514,30.1331
169.978,11.9127,4.9896,10.0000,-48.6470,34.8150
170.028,11.5385,-7.4844,10.0000,-48.7239,23.7549
170.078,11.7880,4.9896,10.0000,-48.8133,34.4927
170.128,11.9127,2.4948,10.0000,-48.9090,32.7963
170.178,12.0375,2.4948,10.0000,-49.0108,33.1186
170.228,12.0375,0.0000,10.0000,-49.1127,31.1000
170.278,11.7880,-4.9896,10.0000,-49.2021,26.4181
170.328,11.7256,-1.2474,10.0000,-49.2884,29.2849
170.378,11.7256,0.0000,10.0000,-49.3747,30.2943
170.428,11.7256,0.0000,10.0000,-49.4610,30.2943
170.478,11.6632,-1.2474,10.0000,-49.5441,29.1238
170.528,11.7256,1.2474,10.0000,-49.6304,31.3036
170.578,11.7880,1.2474,10.0000,-49.7198,31.4647
170.628,11.8503,1.2474,10.0000,-49.8123,31.6259
170.678,11.7880,-1.2474,10.0000,-49.9017,29.4461
170.728,11.3514,-8.7318,10.0000,-49.9693,22.2622
170.778,11.6009,4.9896,10.0000,-50.0493,34.0093
170.828,11.4761,-2.4948,10.0000,-50.1231,27.6311
170.878,11.5385,1.2474,10.0000,-50.2001,30.8202
170.928,11.3514,-3.7422,10.0000,-50.2676,26.2994
170.978,11.4761,2.4948,10.0000,-50.3414,31.6684
171.028,11.3514,-2.4948,10.0000,-50.4090,27.3088
171.078,11.4138,1.2474,10.0000,-50.4797,30.4979
171.128,11.5385,2.4948,10.0000,-50.5566,31.8295
171.178,11.2890,-4.9896,10.0000,-50.6211,25.1290
171.228,11.4138,2.4948,10.0000,-50.6918,31.5072
171.278,11.2266,-3.7422,10.0000,-50.7531,25.9772
171.328,11.0395,-3.7422,10.0000,-50.8051,25.4938
171.378,11.1019,1.2474,10.0000,-50.8602,29.6922
171.428,10.9772,-2.4948,10.0000,-50.9090,26.3420
171.478,11.1643,3.7422,10.0000,-50.9672,31.8720
171.528,10.8524,-6.2370,10.0000,-51.0099,22.9917
171.578,10.9148,1.2474,10.0000,-51.0556,29.2088
171.628,10.9148,0.0000,10.0000,-51.1013,28.1995
171.678,10.7901,-2.4948,10.0000,-51.1408,25.8585
171.728,10.8524,1.2474,10.0000,-51.1835,29.0477
171.778,10.7277,-2.4948,10.0000,-51.2198,25.6974
171.828,10.5406,-3.7422,10.0000,-51.2469,24.2047
171.878,10.6029,1.2474,10.0000,-51.2770,28.4031
171.928,10.6653,1.2474,10.0000,-51.3103,28.5642
171.978,10.4782,-3.7422,10.0000,-51.3342,24.0435
172.028,10.3535,-2.4948,10.0000,-51.3519,24.7306
172.078,10.2911,-1.2474,10.0000,-51.3664,25.5788
172.128,10.2287,-1.2474,10.0000,-51.3779,25.4176
172.178,10.3535,2.4948,10.0000,-51.3955,28.7679
172.228,10.1664,-3.7422,10.0000,-51.4039,23.2378
172.278,10.2287,1.2474,10.0000,-51.4153,27.4363
172.328,10.1664,-1.2474,10.0000,-51.4236,25.2565
172.378,10.1664,0.0000,10.0000,-51.4319,26.2658
172.428,10.1040,-1.2474,10.0000,-51.4371,25.0953
172.478,10.1040,0.0000,10.0000,-51.4423,26.1047
172.528,10.1040,0.0000,10.0000,-51.4475,26.1047
172.578,9.9792,-2.4948,10.0000,-51.4465,23.7637
172.628,10.0416,1.2474,10.0000,-51.4486,26.9528
172.678,9.9792,-1.2474,10.0000,-51.4475,24.7731
172.728,9.9792,0.0000,10.0000,-51.4465,25.7824
172.778,10.1040,2.4948,10.0000,-51.4517,28.1233
172.828,10.0416,-1.2474,10.0000,-51.4538,24.9342
172.878,9.9792,-1.2474,10.0000,-51.4527,24.7731
172.928,9.9169,-1.2474,10.0000,-51.4486,24.6119
172.978,10.0416,2.4948,10.0000,-51.4507,27.9621
173.028,9.7298,-6.2370,10.0000,-51.4371,20.0912
173.078,10.1040,7.4844,10.0000,-51.4423,32.1606
173.128,9.9169,-3.7422,10.0000,-51.4382,22.5933
173.178,9.9792,1.2474,10.0000,-51.4372,26.7917
173.228,10.0416,1.2474,10.0000,-51.4392,26.9528
173.278,9.9792,-1.2474,10.0000,-51.4382,24.7731
173.328,9.9792,0.0000,10.0000,-51.4372,25.7824
173.378,9.9169,-1.2474,10.0000,-51.4330,24.6119
173.428,9.8545,-1.2474,10.0000,-51.4257,24.4508
173.478,9.9792,2.4948,10.0000,-51.4247,27.8010
173.528,10.1040,2.4948,10.0000,-51.4299,28.1233
173.578,9.9169,-3.7422,10.0000,-51.4257,22.5933
173.628,9.9792,1.2474,10.0000,-51.4247,26.7917
173.678,9.7921,-3.7422,10.0000,-51.4143,22.2710
173.728,9.9792,3.7422,10.0000,-51.4132,28.8104
173.778,9.7298,-4.9896,10.0000,-51.3997,21.1005
173.828,9.9792,4.9896,10.0000,-51.3987,29.8197
173.878,9.9792,0.0000,10.0000,-51.3977,25.7824
173.928,9.9169,-1.2474,10.0000,-51.3935,24.6119
173.978,10.0416,2.4948,10.0000,-51.3956,27.9621
174.028,9.8545,-3.7422,10.0000,-51.3883,22.4321
174.078,9.7921,-1.2474,10.0000,-51.3779,24.2896
174.128,10.1040,6.2370,10.0000,-51.3831,31.1513
174.178,9.9792,-2.4948,10.0000,-51.3821,23.7637
174.228,9.7921,-3.7422,10.0000,-51.3717,22.2710
174.278,9.8545,1.2474,10.0000,-51.3644,26.4694
174.328,9.9792,2.4948,10.0000,-51.3634,27.8010
174.378,10.0416,1.2474,10.0000,-51.3654,26.9528
174.428,9.9169,-2.4948,10.0000,-51.3613,23.6026
174.478,9.9792,1.2474,10.0000,-51.3602,26.7917
174.528,9.9792,0.0000,10.0000,-51.3592,25.7824
174.578,9.8545,-2.4948,10.0000,-51.3519,23.4414
174.628,9.9169,1.2474,10.0000,-51.3478,26.6306
174.678,9.7921,-2.4948,10.0000,-51.3374,23.2803
174.728,9.9792,3.7422,10.0000,-51.3363,28.8104
174.778,9.9792,0.0000,10.0000,-51.3353,25.7824
174.828,9.9792,0.0000,10.0000,-51.3343,25.7824
174.878,9.8545,-2.4948,10.0000,-51.3270,23.4414
174.928,9.8545,0.0000,10.0000,-51.3197,25.4601
174.978,9.8545,0.0000,10.0000,-51.3124,25.4601
175.028,10.0416,3.7422,10.0000,-51.3145,28.9715
175.078,10.0416,0.0000,10.0000,-51.3166,25.9435
175.128,9.7921,-4.9896,10.0000,-51.3062,21.2617
175.178,9.9169,2.4948,10.0000,-51.3020,27.6399
175.228,9.8545,-1.2474,10.0000,-51.2948,24.4508
175.278,9.7921,-1.2474,10.0000,-51.2844,24.2896
175.328,9.8545,1.2474,10.0000,-51.2771,26.4694
175.378,9.8545,0.0000,10.0000,-51.2698,25.4601
175.428,9.9169,1.2474,10.0000,-51.2657,26.6306
175.478,9.9792,1.2474,10.0000,-51.2646,26.7917
175.528,9.7921,-3.7422,10.0000,-51.2542,22.2710
175.578,9.8545,1.2474,10.0000,-51.2470,26.4694
175.628,9.9792,2.4948,10.0000,-51.2459,27.8010
175.678,9.9169,-1.2474,10.0000,-51.2418,24.6119
175.728,9.6674,-4.9896,10.0000,-51.2251,20.9394
175.778,9.9169,4.9896,10.0000,-51.2210,29.6585
175.828,9.7921,-2.4948,10.0000,-51.2106,23.2803
175.878,9.9169,2.4948,10.0000,-51.2064,27.6399
175.928,9.9169,0.0000,10.0000,-51.2023,25.6212
175.978,9.8545,-1.2474,10.0000,-51.1950,24.4508
176.028,9.7921,-1.2474,10.0000,-51.1846,24.2896
176.078,10.0416,4.9896,10.0000,-51.1867,29.9808
176.128,9.9169,-2.4948,10.0000,-51.1825,23.6026
176.178,9.8545,-1.2474,10.0000,-51.1753,24.4508
176.228,9.8545,0.0000,10.0000,-51.1680,25.4601
176.278,9.9169,1.2474,10.0000,-51.1638,26.6306
176.328,9.9169,0.0000,10.0000,-51.1597,25.6212
176.378,10.1040,3.7422,10.0000,-51.1649,29.1326
176.428,9.8545,-4.9896,10.0000,-51.1576,21.4228
176.478,9.9169,1.2474,10.0000,-51.1534,26.6306
176.528,9.9169,0.0000,10.0000,-51.1493,25.6212
176.578,9.9169,0.0000,10.0000,-51.1451,25.6212
176.628,9.9169,0.0000,10.0000,-51.1410,25.6212
176.678,9.9169,0.0000,10.0000,-51.1368,25.6212
176.728,9.8545,-1.2474,10.0000,-51.1295,24.4508
176.778,9.9792,2.4948,10.0000,-51.1285,27.8010
176.828,9.8545,-2.4948,10.0000,-51.1212,23.4414
176.878,9.9169,1.2474,10.0000,-51.1171,26.6306
176.928,9.9792,1.2474,10.0000,-51.1160,26.7917
176.978,9.9169,-1.2474,10.0000,-51.1119,24.6119
177.028,9.9169,0.0000,10.0000,-51.1077,25.6212
177.078,9.9169,0.0000,10.0000,-51.1036,25.6212
177.128,9.9169,0.0000,10.0000,-51.0994,25.6212
177.178,10.0416,2.4948,10.0000,-51.1015,27.9621
177.228,10.0416,0.0000,10.0000,-51.1036,25.9435
177.278,9.8545,-3.7422,10.0000,-51.0963,22.4321
177.328,9.8545,0.0000,10.0000,-51.0890,25.4601
177.378,9.9169,1.2474,10.0000,-51.0849,26.6306
177.428,10.1040,3.7422,10.0000,-51.0901,29.1326
177.478,9.9792,-2.4948,10.0000,-51.0890,23.7637
177.528,10.1040,2.4948,10.0000,-51.0942,28.1233
177.578,10.0416,-1.2474,10.0000,-51.0963,24.9342
177.628,10.0416,0.0000,10.0000,-51.0984,25.9435
177.678,10.0416,0.0000,10.0000,-51.1005,25.9435
177.728,9.8545,-3.7422,10.0000,-51.0932,22.4321
177.778,9.8545,0.0000,10.0000,-51.0859,25.4601
177.828,9.9169,1.2474,10.0000,-51.0818,26.6306
177.878,9.7298,-3.7422,10.0000,-51.0683,22.1098
177.928,9.8545,2.4948,10.0000,-51.0610,27.4788
177.978,9.9169,1.2474,10.0000,-51.0568,26.6306
178.028,10.1040,3.7422,10.0000,-51.0620,29.1326
178.078,10.1040,0.0000,10.0000,-51.0672,26.1047
178.128,10.1040,0.0000,10.0000,-51.0724,26.1047
178.178,9.9792,-2.4948,10.0000,-51.0714,23.7637
178.228,9.9169,-1.2474,10.0000,-51.0672,24.6119
178.278,10.0416,2.4948,10.0000,-51.0693,27.9621
178.328,9.9169,-2.4948,10.0000,-51.0652,23.6026
178.378,9.7298,-3.7422,10.0000,-51.0517,22.1098
178.428,9.7921,1.2474,10.0000,-51.0413,26.3083
178.478,9.9169,2.4948,10.0000,-51.0371,27.6399
178.528,9.6674,-4.9896,10.0000,-51.0205,20.9394
178.578,9.7921,2.4948,10.0000,-51.0101,27.3176
178.628,9.9169,2.4948,10.0000,-51.0059,27.6399
178.678,9.6674,-4.9896,10.0000,-50.9893,20.9394
178.728,9.7921,2.4948,10.0000,-50.9789,27.3176
178.778,9.7921,0.0000,10.0000,-50.9685,25.2990
178.828,9.8545,1.2474,10.0000,-50.9612,26.4694
178.878,9.7298,-2.4948,10.0000,-50.9477,23.1192
178.928,9.8545,2.4948,10.0000,-50.9404,27.4788
178.978,9.7298,-2.4948,10.0000,-50.9269,23.1192
179.028,9.7921,1.2474,10.0000,-50.9165,26.3083
179.078,9.7921,0.0000,10.0000,-50.9061,25.2990
179.128,9.9792,3.7422,10.0000,-50.9051,28.8104
179.178,9.7921,-3.7422,10.0000,-50.8947,22.2710
179.228,9.7298,-1.2474,10.0000,-50.8812,24.1285
179.278,9.9169,3.7422,10.0000,-50.8770,28.6492
179.328,9.7921,-2.4948,10.0000,-50.8666,23.2803
179.378,9.5427,-4.9896,10.0000,-50.8438,20.6171
179.428,9.8545,6.2370,10.0000,-50.8365,30.5067
179.478,9.7921,-1.2474,10.0000,-50.8261,24.2896
179.528,9.7298,-1.2474,10.0000,-50.8126,24.1285
179.578,9.8545,2.4948,10.0000,-50.8053,27.4788
179.628,9.8545,0.0000,10.0000,-50.7981,25.4601
179.678,9.7921,-1.2474,10.0000,-50.7877,24.2896
179.728,9.7298,-1.2474,10.0000,-50.7741,24.1285
179.778,9.6050,-2.4948,10.0000,-50.7544,22.7969
179.828,9.6050,0.0000,10.0000,-50.7346,24.8155
179.878,9.4803,-2.4948,10.0000,-50.7087,22.4746
179.928,9.5427,1.2474,10.0000,-50.6858,25.6637
179.978,9.4803,-1.2474,10.0000,-50.6598,23.4839
180.028,9.4803,0.0000,10.0000,-50.6338,24.4933
180.078,9.4179,-1.2474,10.0000,-50.6047,23.3228
180.128,9.4179,0.0000,10.0000,-50.5756,24.3321
180.178,9.4179,0.0000,10.0000,-50.5465,24.3321
180.228,9.4803,1.2474,10.0000,-50.5205,25.5026
180.278,9.2932,-3.7422,10.0000,-50.4852,20.9819
180.328,9.2308,-1.2474,10.0000,-50.4467,22.8394
180.378,9.2308,0.0000,10.0000,-50.4083,23.8487
180.428,9.1684,-1.2474,10.0000,-50.3667,22.6782
180.478,9.0437,-2.4948,10.0000,-50.3189,21.3466
180.528,9.2308,3.7422,10.0000,-50.2804,26.8767
180.578,9.0437,-3.7422,10.0000,-50.2326,20.3373
180.628,9.0437,0.0000,10.0000,-50.1848,23.3653
180.678,8.9813,-1.2474,10.0000,-50.1338,22.1948
180.728,8.9813,0.0000,10.0000,-50.0829,23.2041
180.778,8.9190,-1.2474,10.0000,-50.0289,22.0337
180.828,8.9190,0.0000,10.0000,-49.9748,23.0430
180.878,8.9813,1.2474,10.0000,-49.9239,24.2135
180.928,8.7942,-3.7422,10.0000,-49.8636,19.6928
180.978,8.7318,-1.2474,10.0000,-49.8002,21.5503
181.028,8.7318,0.0000,10.0000,-49.7368,22.5596
181.078,8.7942,1.2474,10.0000,-49.6765,23.7300
181.128,8.6071,-3.7422,10.0000,-49.6068,19.2093
181.178,8.6695,1.2474,10.0000,-49.5403,23.4078
181.228,8.6695,0.0000,10.0000,-49.4738,22.3985
181.278,8.6071,-1.2474,10.0000,-49.4041,21.2280
181.328,8.6695,1.2474,10.0000,-49.3376,23.4078
181.378,8.5447,-2.4948,10.0000,-49.2648,20.0575
181.428,8.5447,0.0000,10.0000,-49.1921,22.0762
181.478,8.6071,1.2474,10.0000,-49.1224,23.2466
181.528,8.6071,0.0000,10.0000,-49.0528,22.2373
181.578,8.6695,1.2474,10.0000,-48.9863,23.4078
181.628,8.8566,3.7422,10.0000,-48.9291,25.9098
181.678,8.6071,-4.9896,10.0000,-48.8595,18.2000
181.728,8.7318,2.4948,10.0000,-48.7960,24.5783
181.778,8.6071,-2.4948,10.0000,-48.7264,20.2187
181.828,8.5447,-1.2474,10.0000,-48.6536,21.0668
181.878,8.6695,2.4948,10.0000,-48.5871,24.4171
181.928,8.6071,-1.2474,10.0000,-48.5175,21.2280
181.978,8.5447,-1.2474,10.0000,-48.4447,21.0668
182.028,8.6071,1.2474,10.0000,-48.3751,23.2466
182.078,8.6071,0.0000,10.0000,-48.3054,22.2373
182.128,8.5447,-1.2474,10.0000,-48.2326,21.0668
182.178,8.6071,1.2474,10.0000,-48.1630,23.2466
182.228,8.6071,0.0000,10.0000,-48.0934,22.2373
182.278,8.5447,-1.2474,10.0000,-48.0206,21.0668
182.328,8.5447,0.0000,10.0000,-47.9478,22.0762
182.378,8.6071,1.2474,10.0000,-47.8782,23.2466
182.428,8.6071,0.0000,10.0000,-47.8085,22.2373
182.478,8.4824,-2.4948,10.0000,-47.7327,19.8964
182.528,8.6071,2.4948,10.0000,-47.6630,24.2560
182.578,8.6071,0.0000,10.0000,-47.5934,22.2373
182.628,8.6071,0.0000,10.0000,-47.5237,22.2373
182.678,8.6695,1.2474,10.0000,-47.4572,23.4078
182.728,8.6071,-1.2474,10.0000,-47.3875,21.2280
182.778,8.6695,1.2474,10.0000,-47.3210,23.4078
182.828,8.6071,-1.2474,10.0000,-47.2514,21.2280
182.878,8.5447,-1.2474,10.0000,-47.1786,21.0668
182.928,8.6071,1.2474,10.0000,-47.1090,23.2466
182.978,8.6071,0.0000,10.0000,-47.0393,22.2373
183.028,8.6695,1.2474,10.0000,-46.9728,23.4078
183.078,8.6071,-1.2474,10.0000,-46.9032,21.2280
183.128,8.5447,-1.2474,10.0000,-46.8304,21.0668
183.178,8.6071,1.2474,10.0000,-46.7607,23.2466
183.228,8.5447,-1.2474,10.0000,-46.6880,21.0668
183.278,8.5447,0.0000,10.0000,-46.6152,22.0762
183.328,8.6695,2.4948,10.0000,-46.5487,24.4171
183.378,8.6695,0.0000,10.0000,-46.4822,22.3985
183.428,8.4200,-4.9896,10.0000,-46.4032,17.7166
183.478,8.6695,4.9896,10.0000,-46.3366,26.4358
183.528,8.6695,0.0000,10.0000,-46.2701,22.3985
183.578,8.6071,-1.2474,10.0000,-46.2005,21.2280
183.628,8.7318,2.4948,10.0000,-46.1371,24.5783
183.678,8.7318,0.0000,10.0000,-46.0736,22.5596
183.728,8.7318,0.0000,10.0000,-46.0102,22.5596
183.778,8.6695,-1.2474,10.0000,-45.9437,21.3891
183.828,8.7318,1.2474,10.0000,-45.8803,23.5689
183.878,8.7318,0.0000,10.0000,-45.8169,22.5596
183.928,8.7318,0.0000,10.0000,-45.7535,22.5596
183.978,8.6695,-1.2474,10.0000,-45.6870,21.3891
184.028,8.6071,-1.2474,10.0000,-45.6173,21.2280
184.078,8.5447,-1.2474,10.0000,-45.5445,21.0668
184.128,8.6695,2.4948,10.0000,-45.4780,24.4171
184.178,8.6071,-1.2474,10.0000,-45.4084,21.2280
184.228,8.6695,1.2474,10.0000,-45.3419,23.4078
184.278,8.6695,0.0000,10.0000,-45.2753,22.3985
184.328,8.7318,1.2474,10.0000,-45.2119,23.5689
184.378,8.6695,-1.2474,10.0000,-45.1454,21.3891
184.428,8.7318,1.2474,10.0000,-45.0820,23.5689
184.478,8.7318,0.0000,10.0000,-45.0186,22.5596
184.528,8.6071,-2.4948,10.0000,-44.9489,20.2187
184.578,8.6695,1.2474,10.0000,-44.8824,23.4078
184.628,8.6695,0.0000,10.0000,-44.8159,22.3985
184.678,8.7318,1.2474,10.0000,-44.7525,23.5689
184.728,8.7942,1.2474,10.0000,-44.6922,23.7300
184.778,8.6071,-3.7422,10.0000,-44.6225,19.2093
184.828,8.6071,0.0000,10.0000,-44.5529,22.2373
184.878,8.7318,2.4948,10.0000,-44.4895,24.5783
184.928,8.7318,0.0000,10.0000,-44.4261,22.5596
184.978,8.6695,-1.2474,10.0000,-44.3595,21.3891
185.028,8.6695,0.0000,10.0000,-44.2930,22.3985
185.078,8.6695,0.0000,10.0000,-44.2265,22.3985
185.128,8.7318,1.2474,10.0000,-44.1631,23.5689
185.178,8.6695,-1.2474,10.0000,-44.0966,21.3891
185.228,8.6695,0.0000,10.0000,-44.0300,22.3985
185.278,8.6695,0.0000,10.0000,-43.9635,22.3985
185.328,8.7318,1.2474,10.0000,-43.9001,23.5689
185.378,8.7318,0.0000,10.0000,-43.8367,22.5596
185.428,8.6695,-1.2474,10.0000,-43.7702,21.3891
185.478,8.6071,-1.2474,10.0000,-43.7005,21.2280
185.528,8.6071,0.0000,10.0000,-43.6309,22.2373
185.578,8.7318,2.4948,10.0000,-43.5675,24.5783
185.628,8.6071,-2.4948,10.0000,-43.4978,20.2187
185.678,8.4824,-2.4948,10.0000,-43.4219,19.8964
185.728,8.7318,4.9896,10.0000,-43.3585,26.5969
185.778,8.7318,0.0000,10.0000,-43.2951,22.5596
185.828,8.7318,0.0000,10.0000,-43.2317,22.5596
185.878,8.7942,1.2474,10.0000,-43.1714,23.7300
185.928,8.7318,-1.2474,10.0000,-43.1080,21.5503
185.978,8.6695,-1.2474,10.0000,-43.0415,21.3891
186.028,8.7318,1.2474,10.0000,-42.9781,23.5689
186.078,8.8566,2.4948,10.0000,-42.9209,24.9005
186.128,8.7318,-2.4948,10.0000,-42.8575,20.5409
186.178,8.8566,2.4948,10.0000,-42.8003,24.9005
186.228,8.7318,-2.4948,10.0000,-42.7369,20.5409
186.278,8.7318,0.0000,10.0000,-42.6735,22.5596
186.328,8.6695,-1.2474,10.0000,-42.6070,21.3891
186.378,8.8566,3.7422,10.0000,-42.5498,25.9098
186.428,8.7942,-1.2474,10.0000,-42.4895,21.7114
186.478,8.7318,-1.2474,10.0000,-42.4261,21.5503
186.528,8.7942,1.2474,10.0000,-42.3658,23.7300
186.578,8.6071,-3.7422,10.0000,-42.2962,19.2093
186.628,8.7318,2.4948,10.0000,-42.2328,24.5783
186.678,8.7942,1.2474,10.0000,-42.1725,23.7300
186.728,8.7318,-1.2474,10.0000,-42.1091,21.5503
186.778,8.6071,-2.4948,10.0000,-42.0394,20.2187
186.828,8.7942,3.7422,10.0000,-41.9791,25.7487
186.878,8.7318,-1.2474,10.0000,-41.9157,21.5503
186.928,8.7942,1.2474,10.0000,-41.8554,23.7300
186.978,8.7942,0.0000,10.0000,-41.7951,22.7207
187.028,8.7318,-1.2474,10.0000,-41.7317,21.5503
187.078,8.8566,2.4948,10.0000,-41.6746,24.9005
187.128,8.7318,-2.4948,10.0000,-41.6111,20.5409
187.178,8.6071,-2.4948,10.0000,-41.5415,20.2187
187.228,8.7318,2.4948,10.0000,-41.4781,24.5783
187.278,8.7942,1.2474,10.0000,-41.4178,23.7300
187.328,8.7942,0.0000,10.0000,-41.3575,22.7207
187.378,8.7318,-1.2474,10.0000,-41.2941,21.5503
187.428,8.7942,1.2474,10.0000,-41.2338,23.7300
187.478,8.7318,-1.2474,10.0000,-41.1704,21.5503
187.528,8.7318,0.0000,10.0000,-41.1070,22.5596
187.578,8.6695,-1.2474,10.0000,-41.0405,21.3891
187.628,8.7318,1.2474,10.0000,-40.9771,23.5689
187.678,8.7942,1.2474,10.0000,-40.9168,23.7300
187.728,8.7318,-1.2474,10.0000,-40.8534,21.5503
187.778,8.8566,2.4948,10.0000,-40.7962,24.9005
187.828,8.7942,-1.2474,10.0000,-40.7359,21.7114
187.878,8.7318,-1.2474,10.0000,-40.6725,21.5503
187.928,8.7942,1.2474,10.0000,-40.6122,23.7300
187.978,8.7942,0.0000,10.0000,-40.5519,22.7207
188.028,8.6695,-2.4948,10.0000,-40.4854,20.3798
188.078,8.7942,2.4948,10.0000,-40.4251,24.7394
188.128,8.8566,1.2474,10.0000,-40.3679,23.8912
188.178,8.7942,-1.2474,10.0000,-40.3076,21.7114
188.228,8.7318,-1.2474,10.0000,-40.2442,21.5503
188.278,8.6071,-2.4948,10.0000,-40.1746,20.2187
188.328,8.7942,3.7422,10.0000,-40.1143,25.7487
188.378,8.6695,-2.4948,10.0000,-40.0478,20.3798
188.428,8.6695,0.0000,10.0000,-39.9812,22.3985
188.478,8.7942,2.4948,10.0000,-39.9209,24.7394
188.528,8.6695,-2.4948,10.0000,-39.8544,20.3798
188.578,8.6695,0.0000,10.0000,-39.7879,22.3985
188.628,8.7318,1.2474,10.0000,-39.7245,23.5689
188.678,8.9190,3.7422,10.0000,-39.6704,26.0710
188.728,8.7942,-2.4948,10.0000,-39.6101,20.7021
188.778,8.7318,-1.2474,10.0000,-39.5467,21.5503
188.828,8.7942,1.2474,10.0000,-39.4864,23.7300
188.878,8.9190,2.4948,10.0000,-39.4324,25.0617
188.928,8.7318,-3.7422,10.0000,-39.3690,19.5316
188.978,8.7942,1.2474,10.0000,-39.3087,23.7300
189.028,8.7318,-1.2474,10.0000,-39.2453,21.5503
189.078,8.6071,-2.4948,10.0000,-39.1756,20.2187
189.128,8.8566,4.9896,10.0000,-39.1185,26.9192
189.178,8.7318,-2.4948,10.0000,-39.0551,20.5409
189.228,8.7318,0.0000,10.0000,-38.9917,22.5596
189.278,8.7318,0.0000,10.0000,-38.9282,22.5596
189.328,8.7942,1.2474,10.0000,-38.8680,23.7300
189.378,8.7942,0.0000,10.0000,-38.8077,22.7207
189.428,8.7318,-1.2474,10.0000,-38.7443,21.5503
189.478,8.7942,1.2474,10.0000,-38.6840,23.7300
189.528,8.6695,-2.4948,10.0000,-38.6174,20.3798
189.578,8.8566,3.7422,10.0000,-38.5603,25.9098
189.628,8.7942,-1.2474,10.0000,-38.5000,21.7114
189.678,8.6071,-3.7422,10.0000,-38.4303,19.2093
189.728,8.8566,4.9896,10.0000,-38.3732,26.9192
189.778,8.7318,-2.4948,10.0000,-38.3098,20.5409
189.828,8.7318,0.0000,10.0000,-38.2463,22.5596
189.878,8.7942,1.2474,10.0000,-38.1861,23.7300
189.928,8.7318,-1.2474,10.0000,-38.1226,21.5503
189.978,8.6695,-1.2474,10.0000,-38.0561,21.3891
190.028,8.7318,1.2474,10.0000,-37.9927,23.5689
190.078,8.7318,0.0000,10.0000,-37.9293,22.5596
190.128,8.7318,0.0000,10.0000,-37.8659,22.5596
190.178,8.7942,1.2474,10.0000,-37.8056,23.7300
190.228,8.6695,-2.4948,10.0000,-37.7391,20.3798
190.278,8.8566,3.7422,10.0000,-37.6819,25.9098
190.328,8.6695,-3.7422,10.0000,-37.6154,19.3705
190.378,8.7942,2.4948,10.0000,-37.5551,24.7394
190.428,8.7318,-1.2474,10.0000,-37.4917,21.5503
190.478,8.7318,0.0000,10.0000,-37.4283,22.5596
190.528,8.8566,2.4948,10.0000,-37.3711,24.9005
190.578,8.6695,-3.7422,10.0000,-37.3046,19.3705
190.628,8.8566,3.7422,10.0000,-37.2474,25.9098
190.678,8.6695,-3.7422,10.0000,-37.1809,19.3705
190.728,8.7942,2.4948,10.0000,-37.1206,24.7394
190.778,8.6695,-2.4948,10.0000,-37.0541,20.3798
190.828,8.7942,2.4948,10.0000,-36.9938,24.7394
190.878,8.7942,0.0000,10.0000,-36.9335,22.7207
190.928,8.6071,-3.7422,10.0000,-36.8638,19.2093
190.978,8.7318,2.4948,10.0000,-36.8004,24.5783
191.028,8.7318,0.0000,10.0000,-36.7370,22.5596
191.078,8.7318,0.0000,10.0000,-36.6736,22.5596
191.128,8.7318,0.0000,10.0000,-36.6102,22.5596
191.178,8.7942,1.2474,10.0000,-36.5499,23.7300
191.228,8.7942,0.0000,10.0000,-36.4896,22.7207
191.278,8.7942,0.0000,10.0000,-36.4293,22.7207
191.328,8.7318,-1.2474,10.0000,-36.3659,21.5503
191.378,8.7942,1.2474,10.0000,-36.3056,23.7300
191.428,8.7318,-1.2474,10.0000,-36.2422,21.5503
191.478,8.8566,2.4948,10.0000,-36.1850,24.9005
191.528,8.8566,0.0000,10.0000,-36.1279,22.8819
191.578,8.7942,-1.2474,10.0000,-36.0676,21.7114
191.628,8.7942,0.0000,10.0000,-36.0073,22.7207
191.678,8.7318,-1.2474,10.0000,-35.9439,21.5503
191.728,8.5447,-3.7422,10.0000,-35.8711,19.0482
191.778,8.7942,4.9896,10.0000,-35.8108,26.7580
191.828,8.7318,-1.2474,10.0000,-35.7474,21.5503
191.878,8.8566,2.4948,10.0000,-35.6903,24.9005
191.928,8.8566,0.0000,10.0000,-35.6331,22.8819
191.978,8.7942,-1.2474,10.0000,-35.5728,21.7114
192.028,8.6695,-2.4948,10.0000,-35.5063,20.3798
192.078,8.7942,2.4948,10.0000,-35.4460,24.7394
192.128,8.9190,2.4948,10.0000,-35.3919,25.0617
192.178,8.7318,-3.7422,10.0000,-35.3285,19.5316
192.228,8.7942,1.2474,10.0000,-35.2682,23.7300
192.278,8.6695,-2.4948,10.0000,-35.2017,20.3798
192.328,8.7318,1.2474,10.0000,-35.1383,23.5689
192.378,8.7318,0.0000,10.0000,-35.0749,22.5596
192.428,8.7318,0.0000,10.0000,-35.0115,22.5596
192.478,8.7942,1.2474,10.0000,-34.9512,23.7300
192.528,8.8566,1.2474,10.0000,-34.8940,23.8912
192.578,8.7942,-1.2474,10.0000,-34.8337,21.7114
192.628,8.8566,1.2474,10.0000,-34.7766,23.8912
192.678,8.7318,-2.4948,10.0000,-34.7131,20.5409
192.728,8.6695,-1.2474,10.0000,-34.6466,21.3891
192.778,8.7942,2.4948,10.0000,-34.5863,24.7394
192.828,8.9190,2.4948,10.0000,-34.5323,25.0617
192.878,8.7942,-2.4948,10.0000,-34.4720,20.7021
192.928,8.7942,0.0000,10.0000,-34.4117,22.7207
192.978,8.8566,1.2474,10.0000,-34.3545,23.8912
193.028,8.8566,0.0000,10.0000,-34.2974,22.8819
193.078,8.7318,-2.4948,10.0000,-34.2339,20.5409
193.128,8.7318,0.0000,10.0000,-34.1705,22.5596
193.178,8.8566,2.4948,10.0000,-34.1134,24.9005
193.228,8.7942,-1.2474,10.0000,-34.0531,21.7114
193.278,8.7942,0.0000,10.0000,-33.9928,22.7207
193.328,8.6695,-2.4948,10.0000,-33.9263,20.3798
193.378,8.7318,1.2474,10.0000,-33.8629,23.5689
193.428,8.7318,0.0000,10.0000,-33.7994,22.5596
193.478,8.7942,1.2474,10.0000,-33.7392,23.7300
193.528,8.7942,0.0000,10.0000,-33.6789,22.7207
193.578,8.7942,0.0000,10.0000,-33.6186,22.7207
193.628,8.7942,0.0000,10.0000,-33.5583,22.7207
193.678,8.7942,0.0000,10.0000,-33.4980,22.7207
193.728,8.7942,0.0000,10.0000,-33.4377,22.7207
193.778,8.6695,-2.4948,10.0000,-33.3712,20.3798
193.828,8.7318,1.2474,10.0000,-33.3078,23.5689
193.878,8.6695,-1.2474,10.0000,-33.2412,21.3891
193.928,8.6695,0.0000,10.0000,-33.1747,22.3985
193.978,8.9190,4.9896,10.0000,-33.1207,27.0803
194.028,8.7318,-3.7422,10.0000,-33.0573,19.5316
194.078,8.7318,0.0000,10.0000,-32.9938,22.5596
194.128,8.7942,1.2474,10.0000,-32.9336,23.7300
194.178,8.7942,0.0000,10.0000,-32.8733,22.7207
194.228,8.7942,0.0000,10.0000,-32.8130,22.7207
194.278,8.7942,0.0000,10.0000,-32.7527,22.7207
194.328,8.7318,-1.2474,10.0000,-32.6893,21.5503
194.378,8.7942,1.2474,10.0000,-32.6290,23.7300
194.428,8.7318,-1.2474,10.0000,-32.5656,21.5503
194.478,8.9190,3.7422,10.0000,-32.5115,26.0710
194.528,8.7318,-3.7422,10.0000,-32.4481,19.5316
194.578,8.7318,0.0000,10.0000,-32.3847,22.5596
194.628,8.7942,1.2474,10.0000,-32.3244,23.7300
194.678,8.7942,0.0000,10.0000,-32.2641,22.7207
194.728,8.6695,-2.4948,10.0000,-32.1976,20.3798
194.778,8.9813,6.2370,10.0000,-32.1467,28.2508
194.828,8.8566,-2.4948,10.0000,-32.0895,20.8632
194.878,8.6071,-4.9896,10.0000,-32.0199,18.2000
194.928,8.7942,3.7422,10.0000,-31.9596,25.7487
194.978,8.7942,0.0000,10.0000,-31.8993,22.7207
195.028,8.8566,1.2474,10.0000,-31.8421,23.8912
195.078,8.7942,-1.2474,10.0000,-31.7818,21.7114
195.128,8.7318,-1.2474,10.0000,-31.7184,21.5503
195.178,8.6695,-1.2474,10.0000,-31.6519,21.3891
195.228,8.6695,0.0000,10.0000,-31.5854,22.3985
195.278,8.7942,2.4948,10.0000,-31.5251,24.7394
195.328,8.8566,1.2474,10.0000,-31.4679,23.8912
195.378,8.6071,-4.9896,10.0000,-31.3982,18.2000
195.428,8.7942,3.7422,10.0000,-31.3380,25.7487
195.478,8.9190,2.4948,10.0000,-31.2839,25.0617
195.528,8.7942,-2.4948,10.0000,-31.2236,20.7021
195.578,8.9190,2.4948,10.0000,-31.1696,25.0617
195.628,8.9813,1.2474,10.0000,-31.1186,24.2135
195.678,8.8566,-2.4948,10.0000,-31.0615,20.8632
195.728,8.9813,2.4948,10.0000,-31.0105,25.2228
195.778,9.1061,2.4948,10.0000,-30.9658,25.5451
195.828,8.9813,-2.4948,10.0000,-30.9149,21.1855
195.878,8.9190,-1.2474,10.0000,-30.8608,22.0337
195.928,9.0437,2.4948,10.0000,-30.8130,25.3839
195.978,9.2308,3.7422,10.0000,-30.7746,26.8767
196.028,9.1684,-1.2474,10.0000,-30.7330,22.6782
196.078,9.2308,1.2474,10.0000,-30.6945,24.8580
196.128,9.1684,-1.2474,10.0000,-30.6530,22.6782
196.178,9.3555,3.7422,10.0000,-30.6207,27.1990
196.228,9.4179,1.2474,10.0000,-30.5916,25.3414
196.278,9.5427,2.4948,10.0000,-30.5688,26.6731
196.328,9.6050,1.2474,10.0000,-30.5490,25.8249
196.378,9.5427,-1.2474,10.0000,-30.5261,23.6451
196.428,9.7298,3.7422,10.0000,-30.5126,28.1658
196.478,9.6674,-1.2474,10.0000,-30.4960,23.9674
196.528,9.9169,4.9896,10.0000,-30.4918,29.6585
196.578,9.8545,-1.2474,10.0000,-30.4846,24.4508
196.628,9.9169,1.2474,10.0000,-30.4804,26.6306
196.678,10.1040,3.7422,10.0000,-30.4856,29.1326
196.728,10.2287,2.4948,10.0000,-30.4971,28.4456
196.778,10.4782,4.9896,10.0000,-30.5210,31.1088
196.828,10.6029,2.4948,10.0000,-30.5511,29.4124
196.878,10.9772,7.4844,10.0000,-30.6000,34.4165
196.928,10.8524,-2.4948,10.0000,-30.6426,26.0197
196.978,10.9148,1.2474,10.0000,-30.6883,29.2088
197.028,10.8524,-1.2474,10.0000,-30.7309,27.0290
197.078,11.1019,4.9896,10.0000,-30.7860,32.7202
197.128,11.0395,-1.2474,10.0000,-30.8380,27.5124
197.178,11.2890,4.9896,10.0000,-30.9025,33.2036
197.228,11.3514,1.2474,10.0000,-30.9700,30.3368
197.278,11.4138,1.2474,10.0000,-31.0407,30.4979
197.328,11.3514,-1.2474,10.0000,-31.1083,28.3181
197.378,11.7880,8.7318,10.0000,-31.1977,37.5207
197.428,11.8503,1.2474,10.0000,-31.2902,31.6259
197.478,11.8503,0.0000,10.0000,-31.3827,30.6166
197.528,11.9751,2.4948,10.0000,-31.4815,32.9575
197.578,12.1622,3.7422,10.0000,-31.5896,34.4502
197.628,12.2246,1.2474,10.0000,-31.7008,32.5927
197.678,12.1622,-1.2474,10.0000,-31.8089,30.4130
197.728,12.4117,4.9896,10.0000,-31.9295,36.1041
197.778,12.5364,2.4948,10.0000,-32.0563,34.4077
197.828,12.7235,3.7422,10.0000,-32.1925,35.9005
197.878,12.9106,3.7422,10.0000,-32.3380,36.3839
197.928,12.7859,-2.4948,10.0000,-32.4773,31.0150
197.978,12.7859,0.0000,10.0000,-32.6166,33.0336
198.028,13.0354,4.9896,10.0000,-32.7684,37.7155
198.078,12.6612,-7.4844,10.0000,-32.9015,26.6554
198.128,13.1601,9.9792,10.0000,-33.0595,42.0751
198.178,13.3472,3.7422,10.0000,-33.2268,37.5119
198.228,13.1601,-3.7422,10.0000,-33.3848,30.9725
198.278,12.9106,-4.9896,10.0000,-33.5304,29.3186
198.328,13.1601,4.9896,10.0000,-33.6884,38.0378
198.378,13.1601,0.0000,10.0000,-33.8464,34.0005
198.428,13.0354,-2.4948,10.0000,-33.9981,31.6596
198.478,13.1601,2.4948,10.0000,-34.1561,36.0191
198.528,12.7859,-7.4844,10.0000,-34.2954,26.9777
198.578,12.8483,1.2474,10.0000,-34.4379,34.2041
198.628,12.5364,-6.2370,10.0000,-34.5647,27.3425
198.678,12.6612,2.4948,10.0000,-34.6977,34.7300
198.728,12.7859,2.4948,10.0000,-34.8370,35.0523
198.778,12.7859,0.0000,10.0000,-34.9763,33.0336
198.828,12.5364,-4.9896,10.0000,-35.1031,28.3518
198.878,12.6612,2.4948,10.0000,-35.2362,34.7300
198.928,12.5988,-1.2474,10.0000,-35.3661,31.5409
198.978,12.5364,-1.2474,10.0000,-35.4930,31.3798
199.028,12.3493,-3.7422,10.0000,-35.6104,28.8777
199.078,12.4740,2.4948,10.0000,-35.7341,34.2466
199.128,12.0375,-8.7318,10.0000,-35.8360,24.0347
199.178,12.4117,7.4844,10.0000,-35.9566,38.1227
199.228,12.2246,-3.7422,10.0000,-36.0678,28.5554
199.278,12.2869,1.2474,10.0000,-36.1822,32.7539
199.328,12.0998,-3.7422,10.0000,-36.2872,28.2332
199.378,12.2869,3.7422,10.0000,-36.4015,34.7725
199.428,12.3493,1.2474,10.0000,-36.5190,32.9150
199.478,11.9751,-7.4844,10.0000,-36.6177,24.8829
199.528,12.3493,7.4844,10.0000,-36.7352,37.9616
199.578,12.2869,-1.2474,10.0000,-36.8495,30.7352
199.628,12.1622,-2.4948,10.0000,-36.9576,29.4036
199.678,11.9751,-3.7422,10.0000,-37.0564,27.9108
199.728,11.9751,0.0000,10.0000,-37.1552,30.9388
199.778,12.1622,3.7422,10.0000,-37.2633,34.4502
199.828,12.1622,0.0000,10.0000,-37.3714,31.4223
199.878,12.0375,-2.4948,10.0000,-37.4732,29.0813
199.928,12.1622,2.4948,10.0000,-37.5814,33.4409
199.978,12.0375,-2.4948,10.0000,-37.6832,29.0813
200.028,12.2246,3.7422,10.0000,-37.7945,34.6113
200.078,11.8503,-7.4844,10.0000,-37.8870,24.5606
200.128,11.9127,1.2474,10.0000,-37.9826,31.7870
200.178,12.2246,6.2370,10.0000,-38.0938,36.6300
200.228,11.8503,-7.4844,10.0000,-38.1864,24.5606
200.278,12.0998,4.9896,10.0000,-38.2913,35.2984
200.328,11.9127,-3.7422,10.0000,-38.3870,27.7497
200.378,12.0998,3.7422,10.0000,-38.4920,34.2891
200.428,12.0998,0.0000,10.0000,-38.5970,31.2611
200.478,12.0375,-1.2474,10.0000,-38.6988,30.0906
200.528,12.0375,0.0000,10.0000,-38.8007,31.1000
200.578,11.9127,-2.4948,10.0000,-38.8963,28.7590
200.628,12.1622,4.9896,10.0000,-39.0045,35.4596
200.678,11.8503,-6.2370,10.0000,-39.0970,25.5699
200.728,11.9751,2.4948,10.0000,-39.1957,32.9575
200.778,11.9127,-1.2474,10.0000,-39.2914,29.7684
200.828,12.0375,2.4948,10.0000,-39.3932,33.1186
200.878,12.0998,1.2474,10.0000,-39.4982,32.2704
200.928,11.9751,-2.4948,10.0000,-39.5970,28.9202
200.978,12.1622,3.7422,10.0000,-39.7051,34.4502
201.028,12.0375,-2.4948,10.0000,-39.8070,29.0813
201.078,12.0998,1.2474,10.0000,-39.9120,32.2704
201.128,12.0998,0.0000,10.0000,-40.0169,31.2611
201.178,11.8503,-4.9896,10.0000,-40.1095,26.5792
201.228,11.7880,-1.2474,10.0000,-40.1989,29.4461
201.278,12.0998,6.2370,10.0000,-40.3039,36.3077
201.328,11.9127,-3.7422,10.0000,-40.3995,27.7497
201.378,11.9127,0.0000,10.0000,-40.4951,30.7777
201.428,11.9751,1.2474,10.0000,-40.5939,31.9482
201.478,11.9751,0.0000,10.0000,-40.6926,30.9388
201.528,12.0375,1.2474,10.0000,-40.7945,32.1093
201.578,12.0998,1.2474,10.0000,-40.8995,32.2704
201.628,12.1622,1.2474,10.0000,-41.0076,32.4316
201.678,12.0998,-1.2474,10.0000,-41.1126,30.2518
201.728,11.9127,-3.7422,10.0000,-41.2082,27.7497
201.778,12.1622,4.9896,10.0000,-41.3163,35.4596
201.828,11.9127,-4.9896,10.0000,-41.4120,26.7404
201.878,11.9751,1.2474,10.0000,-41.5107,31.9482
201.928,11.8503,-2.4948,10.0000,-41.6032,28.5979
201.978,11.9127,1.2474,10.0000,-41.6989,31.7870
202.028,11.9127,0.0000,10.0000,-41.7945,30.7777
202.078,11.9751,1.2474,10.0000,-41.8933,31.9482
202.128,11.9127,-1.2474,10.0000,-41.9889,29.7684
202.178,11.9127,0.0000,10.0000,-42.0845,30.7777
202.228,12.0998,3.7422,10.0000,-42.1895,34.2891
202.278,11.8503,-4.9896,10.0000,-42.2820,26.5792
202.328,12.0375,3.7422,10.0000,-42.3839,34.1279
202.378,11.7880,-4.9896,10.0000,-42.4733,26.4181
202.428,11.7256,-1.2474,10.0000,-42.5596,29.2849
202.478,11.9751,4.9896,10.0000,-42.6584,34.9761
202.528,12.0998,2.4948,10.0000,-42.7633,33.2798
202.578,12.0375,-1.2474,10.0000,-42.8652,30.0906
202.628,11.7880,-4.9896,10.0000,-42.9546,26.4181
202.678,11.8503,1.2474,10.0000,-43.0471,31.6259
202.728,12.0998,4.9896,10.0000,-43.1521,35.2984
202.778,11.9751,-2.4948,10.0000,-43.2509,28.9202
202.828,12.0998,2.4948,10.0000,-43.3559,33.2798
202.878,11.9751,-2.4948,10.0000,-43.4546,28.9202
202.928,11.9751,0.0000,10.0000,-43.5534,30.9388
202.978,12.1622,3.7422,10.0000,-43.6615,34.4502
203.028,12.0375,-2.4948,10.0000,-43.7634,29.0813
203.078,11.8503,-3.7422,10.0000,-43.8559,27.5886
203.128,11.8503,0.0000,10.0000,-43.9484,30.6166
203.178,11.9751,2.4948,10.0000,-44.0472,32.9575
203.228,11.8503,-2.4948,10.0000,-44.1397,28.5979
203.278,12.0375,3.7422,10.0000,-44.2415,34.1279
203.328,12.0375,0.0000,10.0000,-44.3434,31.1000
203.378,12.1622,2.4948,10.0000,-44.4515,33.4409
203.428,11.9751,-3.7422,10.0000,-44.5503,27.9108
203.478,11.9751,0.0000,10.0000,-44.6490,30.9388
203.528,11.9751,0.0000,10.0000,-44.7478,30.9388
203.578,12.2869,6.2370,10.0000,-44.8621,36.7911
203.628,11.8503,-8.7318,10.0000,-44.9547,23.5513
203.678,12.0375,3.7422,10.0000,-45.0565,34.1279
203.728,11.9751,-1.2474,10.0000,-45.1553,29.9295
203.778,12.0998,2.4948,10.0000,-45.2603,33.2798
203.828,11.9127,-3.7422,10.0000,-45.3559,27.7497
203.878,12.0375,2.4948,10.0000,-45.4578,33.1186
203.928,12.3493,6.2370,10.0000,-45.5752,36.9523
203.978,12.0998,-4.9896,10.0000,-45.6802,27.2238
204.028,12.0375,-1.2474,10.0000,-45.7821,30.0906
204.078,12.0998,1.2474,10.0000,-45.8871,32.2704
204.128,11.9751,-2.4948,10.0000,-45.9859,28.9202
204.178,11.7880,-3.7422,10.0000,-46.0753,27.4274
204.228,11.9751,3.7422,10.0000,-46.1740,33.9668
204.278,11.9751,0.0000,10.0000,-46.2728,30.9388
204.328,11.9127,-1.2474,10.0000,-46.3684,29.7684
204.378,11.9127,0.0000,10.0000,-46.4640,30.7777
204.428,11.8503,-1.2474,10.0000,-46.5566,29.6072
204.478,12.0998,4.9896,10.0000,-46.6615,35.2984
204.528,12.0998,0.0000,10.0000,-46.7665,31.2611
204.578,11.9751,-2.4948,10.0000,-46.8653,28.9202
204.628,11.8503,-2.4948,10.0000,-46.9578,28.5979
204.678,11.8503,0.0000,10.0000,-47.0503,30.6166
204.728,11.9751,2.4948,10.0000,-47.1491,32.9575
204.778,11.9751,0.0000,10.0000,-47.2478,30.9388
204.828,12.0998,2.4948,10.0000,-47.3528,33.2798
204.878,12.0375,-1.2474,10.0000,-47.4547,30.0906
204.928,12.0375,0.0000,10.0000,-47.5566,31.1000
204.978,11.8503,-3.7422,10.0000,-47.6491,27.5886
205.028,11.9751,2.4948,10.0000,-47.7478,32.9575
205.078,11.9751,0.0000,10.0000,-47.8466,30.9388
205.128,12.0998,2.4948,10.0000,-47.9516,33.2798
205.178,11.8503,-4.9896,10.0000,-48.0441,26.5792
205.228,11.9751,2.4948,10.0000,-48.1429,32.9575
205.278,11.8503,-2.4948,10.0000,-48.2354,28.5979
205.328,11.9751,2.4948,10.0000,-48.3341,32.9575
205.378,11.9127,-1.2474,10.0000,-48.4298,29.7684
205.428,11.7880,-2.4948,10.0000,-48.5192,28.4368
205.478,11.7880,0.0000,10.0000,-48.6086,30.4554
205.528,11.6632,-2.4948,10.0000,-48.6917,28.1145
205.578,11.7256,1.2474,10.0000,-48.7780,31.3036
205.628,11.6632,-1.2474,10.0000,-48.8612,29.1238
205.678,11.7256,1.2474,10.0000,-48.9474,31.3036
205.728,11.6009,-2.4948,10.0000,-49.0275,27.9534
205.778,11.4138,-3.7422,10.0000,-49.0982,26.4606
205.828,11.4138,0.0000,10.0000,-49.1689,29.4886
205.878,11.4138,0.0000,10.0000,-49.2396,29.4886
205.928,11.4761,1.2474,10.0000,-49.3134,30.6590
205.978,11.3514,-2.4948,10.0000,-49.3809,27.3088
206.028,11.2890,-1.2474,10.0000,-49.4454,28.1570
206.078,11.2890,0.0000,10.0000,-49.5098,29.1663
206.128,11.1019,-3.7422,10.0000,-49.5649,25.6549
206.178,11.0395,-1.2474,10.0000,-49.6169,27.5124
206.228,10.9148,-2.4948,10.0000,-49.6626,26.1808
206.278,10.7277,-3.7422,10.0000,-49.6990,24.6881
206.328,10.8524,2.4948,10.0000,-49.7416,30.0570
206.378,10.9148,1.2474,10.0000,-49.7874,29.2088
206.428,10.8524,-1.2474,10.0000,-49.8300,27.0290
206.478,10.6029,-4.9896,10.0000,-49.8601,23.3565
206.528,10.7901,3.7422,10.0000,-49.8997,30.9052
206.578,10.6029,-3.7422,10.0000,-49.9298,24.3658
206.628,10.6653,1.2474,10.0000,-49.9631,28.5642
206.678,10.4782,-3.7422,10.0000,-49.9870,24.0435
206.728,10.5406,1.2474,10.0000,-50.0140,28.2420
206.778,10.4158,-2.4948,10.0000,-50.0348,24.8917
206.828,10.4782,1.2474,10.0000,-50.0587,28.0808
206.878,10.2911,-3.7422,10.0000,-50.0733,23.5601
206.928,10.2287,-1.2474,10.0000,-50.0847,25.4176
206.978,10.1664,-1.2474,10.0000,-50.0930,25.2565
207.028,10.1040,-1.2474,10.0000,-50.0982,25.0953
207.078,10.1040,0.0000,10.0000,-50.1034,26.1047
207.128,10.2287,2.4948,10.0000,-50.1148,28.4456
207.178,9.9169,-6.2370,10.0000,-50.1107,20.5746
207.228,9.9792,1.2474,10.0000,-50.1097,26.7917
207.278,9.8545,-2.4948,10.0000,-50.1024,23.4414
207.328,9.9792,2.4948,10.0000,-50.1013,27.8010
207.378,9.6674,-6.2370,10.0000,-50.0847,19.9300
207.428,9.6674,0.0000,10.0000,-50.0681,24.9767
207.478,9.9169,4.9896,10.0000,-50.0639,29.6585
207.528,9.8545,-1.2474,10.0000,-50.0566,24.4508
207.578,9.9169,1.2474,10.0000,-50.0525,26.6306
207.628,9.6674,-4.9896,10.0000,-50.0359,20.9394
207.678,9.8545,3.7422,10.0000,-50.0286,28.4881
207.728,9.6674,-3.7422,10.0000,-50.0120,21.9487
207.778,9.7921,2.4948,10.0000,-50.0016,27.3176
207.828,9.8545,1.2474,10.0000,-49.9943,26.4694
207.878,9.6674,-3.7422,10.0000,-49.9777,21.9487
207.928,9.7921,2.4948,10.0000,-49.9673,27.3176
207.978,9.6674,-2.4948,10.0000,-49.9506,22.9580
208.028,9.7298,1.2474,10.0000,-49.9371,26.1471
208.078,9.7298,0.0000,10.0000,-49.9236,25.1378
208.128,9.7298,0.0000,10.0000,-49.9101,25.1378
208.178,9.7921,1.2474,10.0000,-49.8997,26.3083
208.228,9.7921,0.0000,10.0000,-49.8893,25.2990
208.278,9.5427,-4.9896,10.0000,-49.8664,20.6171
208.328,9.6050,1.2474,10.0000,-49.8467,25.8249
208.378,9.4803,-2.4948,10.0000,-49.8207,22.4746
208.428,9.3555,-2.4948,10.0000,-49.7885,22.1524
208.478,9.6050,4.9896,10.0000,-49.7687,28.8528
208.528,9.4179,-3.7422,10.0000,-49.7396,21.3041
208.578,9.6050,3.7422,10.0000,-49.7199,27.8435
208.628,9.6674,1.2474,10.0000,-49.7033,25.9860
208.678,9.6050,-1.2474,10.0000,-49.6835,23.8062
208.728,9.4803,-2.4948,10.0000,-49.6575,22.4746
208.778,9.4803,0.0000,10.0000,-49.6315,24.4933
208.828,9.4803,0.0000,10.0000,-49.6055,24.4933
208.878,9.4803,0.0000,10.0000,-49.5796,24.4933
208.928,9.3555,-2.4948,10.0000,-49.5473,22.1524
208.978,9.2932,-1.2474,10.0000,-49.5120,23.0005
209.028,9.1684,-2.4948,10.0000,-49.4704,21.6689
209.078,9.2308,1.2474,10.0000,-49.4320,24.8580
209.128,9.2932,1.2474,10.0000,-49.3966,25.0192
209.178,9.1684,-2.4948,10.0000,-49.3550,21.6689
209.228,9.2308,1.2474,10.0000,-49.3166,24.8580
209.278,9.0437,-3.7422,10.0000,-49.2688,20.3373
209.328,9.1684,2.4948,10.0000,-49.2272,25.7062
209.378,9.1061,-1.2474,10.0000,-49.1825,22.5171
209.428,9.1061,0.0000,10.0000,-49.1378,23.5264
209.478,8.9813,-2.4948,10.0000,-49.0869,21.1855
209.528,9.0437,1.2474,10.0000,-49.0390,24.3746
209.578,9.1061,1.2474,10.0000,-48.9943,24.5357
209.628,9.0437,-1.2474,10.0000,-48.9465,22.3560
209.678,8.9813,-1.2474,10.0000,-48.8956,22.1948
209.728,8.9813,0.0000,10.0000,-48.8447,23.2041
209.778,8.9190,-1.2474,10.0000,-48.7906,22.0337
209.828,8.9813,1.2474,10.0000,-48.7397,24.2135
209.878,8.8566,-2.4948,10.0000,-48.6825,20.8632
209.928,8.7318,-2.4948,10.0000,-48.6191,20.5409
209.978,8.7318,0.0000,10.0000,-48.5557,22.5596
210.028,8.7318,0.0000,10.0000,-48.4923,22.5596
210.078,8.6071,-2.4948,10.0000,-48.4226,20.2187
210.128,8.6695,1.2474,10.0000,-48.3561,23.4078
210.178,8.6695,0.0000,10.0000,-48.2896,22.3985
210.228,8.6695,0.0000,10.0000,-48.2231,22.3985
210.278,8.6071,-1.2474,10.0000,-48.1534,21.2280
210.328,8.6695,1.2474,10.0000,-48.0869,23.4078
210.378,8.6071,-1.2474,10.0000,-48.0172,21.2280
